ParameterName	InitialValue	FinalValue	Delta
PawnValue	100	90	-10
KnightValue	350	340	-10
RookValue	550	540	-10
QueenValue	975	985	10
DoubledPawnValue	-20	-32	-12
WhitePassedPawnValueMiddleGam_9	8	-4	-12
WhitePassedPawnValueMiddleGam_10	10	2	-8
WhitePassedPawnValueMiddleGam_11	12	6	-6
WhitePassedPawnValueMiddleGam_12	12	4	-8
WhitePassedPawnValueMiddleGam_13	10	22	12
WhitePassedPawnValueMiddleGam_14	8	4	-4
WhitePassedPawnValueMiddleGam_16	8	0	-8
WhitePassedPawnValueMiddleGam_17	10	2	-8
WhitePassedPawnValueMiddleGam_18	12	4	-8
WhitePassedPawnValueMiddleGam_20	15	19	4
WhitePassedPawnValueMiddleGam_22	10	14	4
WhitePassedPawnValueMiddleGam_23	8	-4	-12
WhitePassedPawnValueMiddleGam_24	10	2	-8
WhitePassedPawnValueMiddleGam_25	12	8	-4
WhitePassedPawnValueMiddleGam_26	15	3	-12
WhitePassedPawnValueMiddleGam_27	18	6	-12
WhitePassedPawnValueMiddleGam_28	18	14	-4
WhitePassedPawnValueMiddleGam_29	15	7	-8
WhitePassedPawnValueMiddleGam_31	10	6	-4
WhitePassedPawnValueMiddleGam_32	12	4	-8
WhitePassedPawnValueMiddleGam_33	15	27	12
WhitePassedPawnValueMiddleGam_34	18	16	-2
WhitePassedPawnValueMiddleGam_35	20	24	4
WhitePassedPawnValueMiddleGam_36	20	32	12
WhitePassedPawnValueMiddleGam_37	18	30	12
WhitePassedPawnValueMiddleGam_38	15	7	-8
WhitePassedPawnValueMiddleGam_39	12	24	12
WhitePassedPawnValueMiddleGam_40	15	27	12
WhitePassedPawnValueMiddleGam_41	18	30	12
WhitePassedPawnValueMiddleGam_42	20	32	12
WhitePassedPawnValueMiddleGam_43	22	34	12
WhitePassedPawnValueMiddleGam_44	22	34	12
WhitePassedPawnValueMiddleGam_45	20	32	12
WhitePassedPawnValueMiddleGam_46	18	30	12
WhitePassedPawnValueMiddleGam_47	15	27	12
WhitePassedPawnValueMiddleGam_48	18	30	12
WhitePassedPawnValueMiddleGam_49	20	32	12
WhitePassedPawnValueMiddleGam_50	22	34	12
WhitePassedPawnValueMiddleGam_51	25	37	12
WhitePassedPawnValueMiddleGam_52	25	37	12
WhitePassedPawnValueMiddleGam_53	22	34	12
WhitePassedPawnValueMiddleGam_54	20	32	12
WhitePassedPawnValueMiddleGam_55	18	6	-12
WhitePassedPawnValueEndGame_8	30	42	12
WhitePassedPawnValueEndGame_9	50	62	12
WhitePassedPawnValueEndGame_10	70	62	-8
WhitePassedPawnValueEndGame_11	60	72	12
WhitePassedPawnValueEndGame_12	60	72	12
WhitePassedPawnValueEndGame_13	70	82	12
WhitePassedPawnValueEndGame_14	50	62	12
WhitePassedPawnValueEndGame_15	30	34	4
WhitePassedPawnValueEndGame_18	80	68	-12
WhitePassedPawnValueEndGame_19	70	82	12
WhitePassedPawnValueEndGame_20	70	82	12
WhitePassedPawnValueEndGame_21	80	72	-8
WhitePassedPawnValueEndGame_22	60	62	2
WhitePassedPawnValueEndGame_23	40	28	-12
WhitePassedPawnValueEndGame_24	50	38	-12
WhitePassedPawnValueEndGame_25	70	82	12
WhitePassedPawnValueEndGame_26	90	78	-12
WhitePassedPawnValueEndGame_27	80	68	-12
WhitePassedPawnValueEndGame_28	80	68	-12
WhitePassedPawnValueEndGame_29	90	78	-12
WhitePassedPawnValueEndGame_30	70	58	-12
WhitePassedPawnValueEndGame_31	50	52	2
WhitePassedPawnValueEndGame_32	60	72	12
WhitePassedPawnValueEndGame_33	80	92	12
WhitePassedPawnValueEndGame_35	90	78	-12
WhitePassedPawnValueEndGame_36	90	78	-12
WhitePassedPawnValueEndGame_37	100	92	-8
WhitePassedPawnValueEndGame_38	80	72	-8
WhitePassedPawnValueEndGame_39	60	72	12
WhitePassedPawnValueEndGame_40	70	82	12
WhitePassedPawnValueEndGame_41	90	102	12
WhitePassedPawnValueEndGame_42	110	122	12
WhitePassedPawnValueEndGame_43	100	112	12
WhitePassedPawnValueEndGame_44	100	112	12
WhitePassedPawnValueEndGame_45	110	122	12
WhitePassedPawnValueEndGame_46	90	102	12
WhitePassedPawnValueEndGame_47	70	82	12
WhitePassedPawnValueEndGame_48	80	92	12
WhitePassedPawnValueEndGame_49	100	112	12
WhitePassedPawnValueEndGame_50	120	132	12
WhitePassedPawnValueEndGame_51	110	122	12
WhitePassedPawnValueEndGame_52	110	122	12
WhitePassedPawnValueEndGame_53	120	132	12
WhitePassedPawnValueEndGame_54	100	112	12
WhitePassedPawnValueEndGame_55	80	92	12
PawnInValueWhiteMiddleGame_9	0	-8	-8
PawnInValueWhiteMiddleGame_10	0	-8	-8
PawnInValueWhiteMiddleGame_11	0	-8	-8
PawnInValueWhiteMiddleGame_12	0	-8	-8
PawnInValueWhiteMiddleGame_13	0	8	8
PawnInValueWhiteMiddleGame_14	0	-2	-2
PawnInValueWhiteMiddleGame_15	-20	-30	-10
PawnInValueWhiteMiddleGame_16	-20	-28	-8
PawnInValueWhiteMiddleGame_17	0	-4	-4
PawnInValueWhiteMiddleGame_18	0	-8	-8
PawnInValueWhiteMiddleGame_19	0	-8	-8
PawnInValueWhiteMiddleGame_20	0	4	4
PawnInValueWhiteMiddleGame_21	0	4	4
PawnInValueWhiteMiddleGame_22	0	2	2
PawnInValueWhiteMiddleGame_23	-20	-32	-12
PawnInValueWhiteMiddleGame_24	-20	-24	-4
PawnInValueWhiteMiddleGame_25	0	-6	-6
PawnInValueWhiteMiddleGame_26	0	-8	-8
PawnInValueWhiteMiddleGame_27	0	-12	-12
PawnInValueWhiteMiddleGame_28	0	6	6
PawnInValueWhiteMiddleGame_30	0	2	2
PawnInValueWhiteMiddleGame_32	-20	-32	-12
PawnInValueWhiteMiddleGame_33	0	8	8
PawnInValueWhiteMiddleGame_34	0	-2	-2
PawnInValueWhiteMiddleGame_35	0	2	2
PawnInValueWhiteMiddleGame_36	0	8	8
PawnInValueWhiteMiddleGame_37	0	12	12
PawnInValueWhiteMiddleGame_39	-20	-8	12
PawnInValueWhiteMiddleGame_40	-20	-8	12
PawnInValueWhiteMiddleGame_41	0	12	12
PawnInValueWhiteMiddleGame_42	0	12	12
PawnInValueWhiteMiddleGame_43	0	12	12
PawnInValueWhiteMiddleGame_44	0	12	12
PawnInValueWhiteMiddleGame_45	0	12	12
PawnInValueWhiteMiddleGame_46	0	12	12
PawnInValueWhiteMiddleGame_47	-20	-8	12
PawnInValueWhiteMiddleGame_48	-20	-8	12
PawnInValueWhiteMiddleGame_49	0	12	12
PawnInValueWhiteMiddleGame_50	0	12	12
PawnInValueWhiteMiddleGame_51	0	12	12
PawnInValueWhiteMiddleGame_52	0	12	12
PawnInValueWhiteMiddleGame_53	0	12	12
PawnInValueWhiteMiddleGame_54	0	12	12
PawnInValueWhiteMiddleGame_55	-20	-30	-10
KnightInValueWhiteMiddleGame_0	0	-12	-12
KnightInValueWhiteMiddleGame_1	0	-12	-12
KnightInValueWhiteMiddleGame_2	0	-12	-12
KnightInValueWhiteMiddleGame_3	0	-12	-12
KnightInValueWhiteMiddleGame_4	0	-12	-12
KnightInValueWhiteMiddleGame_5	0	-12	-12
KnightInValueWhiteMiddleGame_6	0	-12	-12
KnightInValueWhiteMiddleGame_7	0	-12	-12
KnightInValueWhiteMiddleGame_8	0	12	12
KnightInValueWhiteMiddleGame_9	0	-12	-12
KnightInValueWhiteMiddleGame_10	0	-12	-12
KnightInValueWhiteMiddleGame_11	0	-12	-12
KnightInValueWhiteMiddleGame_12	0	2	2
KnightInValueWhiteMiddleGame_13	0	6	6
KnightInValueWhiteMiddleGame_14	0	-12	-12
KnightInValueWhiteMiddleGame_15	0	-4	-4
KnightInValueWhiteMiddleGame_16	0	12	12
KnightInValueWhiteMiddleGame_17	0	-12	-12
KnightInValueWhiteMiddleGame_18	0	-4	-4
KnightInValueWhiteMiddleGame_19	0	8	8
KnightInValueWhiteMiddleGame_20	0	12	12
KnightInValueWhiteMiddleGame_21	0	4	4
KnightInValueWhiteMiddleGame_22	0	-12	-12
KnightInValueWhiteMiddleGame_23	0	2	2
KnightInValueWhiteMiddleGame_24	0	-12	-12
KnightInValueWhiteMiddleGame_25	0	-12	-12
KnightInValueWhiteMiddleGame_26	4	16	12
KnightInValueWhiteMiddleGame_27	8	20	12
KnightInValueWhiteMiddleGame_28	8	20	12
KnightInValueWhiteMiddleGame_29	4	16	12
KnightInValueWhiteMiddleGame_30	0	12	12
KnightInValueWhiteMiddleGame_31	0	-12	-12
KnightInValueWhiteMiddleGame_32	0	4	4
KnightInValueWhiteMiddleGame_33	4	16	12
KnightInValueWhiteMiddleGame_34	17	29	12
KnightInValueWhiteMiddleGame_35	26	38	12
KnightInValueWhiteMiddleGame_36	26	22	-4
KnightInValueWhiteMiddleGame_37	17	29	12
KnightInValueWhiteMiddleGame_38	4	16	12
KnightInValueWhiteMiddleGame_39	0	12	12
KnightInValueWhiteMiddleGame_40	0	-12	-12
KnightInValueWhiteMiddleGame_41	8	20	12
KnightInValueWhiteMiddleGame_42	26	38	12
KnightInValueWhiteMiddleGame_43	35	47	12
KnightInValueWhiteMiddleGame_44	35	47	12
KnightInValueWhiteMiddleGame_45	26	38	12
KnightInValueWhiteMiddleGame_46	8	20	12
KnightInValueWhiteMiddleGame_47	0	12	12
KnightInValueWhiteMiddleGame_48	0	-12	-12
KnightInValueWhiteMiddleGame_49	4	6	2
KnightInValueWhiteMiddleGame_50	17	29	12
KnightInValueWhiteMiddleGame_51	17	15	-2
KnightInValueWhiteMiddleGame_52	17	29	12
KnightInValueWhiteMiddleGame_53	17	29	12
KnightInValueWhiteMiddleGame_54	4	16	12
KnightInValueWhiteMiddleGame_55	0	8	8
KnightInValueWhiteMiddleGame_56	0	-12	-12
KnightInValueWhiteMiddleGame_57	0	-10	-10
KnightInValueWhiteMiddleGame_58	0	-6	-6
KnightInValueWhiteMiddleGame_59	0	-12	-12
KnightInValueWhiteMiddleGame_60	0	12	12
KnightInValueWhiteMiddleGame_61	0	-12	-12
KnightInValueWhiteMiddleGame_62	0	8	8
KnightInValueWhiteMiddleGame_63	0	-12	-12
BishopInValueWhiteMiddleGame_0	0	12	12
BishopInValueWhiteMiddleGame_1	0	12	12
BishopInValueWhiteMiddleGame_2	0	-12	-12
BishopInValueWhiteMiddleGame_3	0	-12	-12
BishopInValueWhiteMiddleGame_4	0	-12	-12
BishopInValueWhiteMiddleGame_5	0	-4	-4
BishopInValueWhiteMiddleGame_6	0	-12	-12
BishopInValueWhiteMiddleGame_7	0	-12	-12
BishopInValueWhiteMiddleGame_8	0	-12	-12
BishopInValueWhiteMiddleGame_9	0	8	8
BishopInValueWhiteMiddleGame_10	0	12	12
BishopInValueWhiteMiddleGame_11	0	-12	-12
BishopInValueWhiteMiddleGame_12	0	-12	-12
BishopInValueWhiteMiddleGame_13	0	4	4
BishopInValueWhiteMiddleGame_14	0	12	12
BishopInValueWhiteMiddleGame_15	0	-12	-12
BishopInValueWhiteMiddleGame_16	0	-4	-4
BishopInValueWhiteMiddleGame_17	0	12	12
BishopInValueWhiteMiddleGame_18	0	12	12
BishopInValueWhiteMiddleGame_19	0	12	12
BishopInValueWhiteMiddleGame_20	0	-12	-12
BishopInValueWhiteMiddleGame_21	0	-8	-8
BishopInValueWhiteMiddleGame_22	0	-12	-12
BishopInValueWhiteMiddleGame_23	0	12	12
BishopInValueWhiteMiddleGame_24	0	-8	-8
BishopInValueWhiteMiddleGame_25	0	12	12
BishopInValueWhiteMiddleGame_26	5	-7	-12
BishopInValueWhiteMiddleGame_27	5	17	12
BishopInValueWhiteMiddleGame_28	5	7	2
BishopInValueWhiteMiddleGame_29	5	-3	-8
BishopInValueWhiteMiddleGame_30	0	6	6
BishopInValueWhiteMiddleGame_31	0	12	12
BishopInValueWhiteMiddleGame_32	0	10	10
BishopInValueWhiteMiddleGame_33	5	17	12
BishopInValueWhiteMiddleGame_34	10	22	12
BishopInValueWhiteMiddleGame_35	10	22	12
BishopInValueWhiteMiddleGame_36	10	22	12
BishopInValueWhiteMiddleGame_37	10	22	12
BishopInValueWhiteMiddleGame_38	5	17	12
BishopInValueWhiteMiddleGame_39	0	12	12
BishopInValueWhiteMiddleGame_40	0	12	12
BishopInValueWhiteMiddleGame_41	10	6	-4
BishopInValueWhiteMiddleGame_42	21	33	12
BishopInValueWhiteMiddleGame_43	21	11	-10
BishopInValueWhiteMiddleGame_44	21	33	12
BishopInValueWhiteMiddleGame_45	21	33	12
BishopInValueWhiteMiddleGame_46	10	22	12
BishopInValueWhiteMiddleGame_47	0	12	12
BishopInValueWhiteMiddleGame_48	0	-12	-12
BishopInValueWhiteMiddleGame_49	5	17	12
BishopInValueWhiteMiddleGame_50	8	6	-2
BishopInValueWhiteMiddleGame_51	8	2	-6
BishopInValueWhiteMiddleGame_52	8	-4	-12
BishopInValueWhiteMiddleGame_53	8	20	12
BishopInValueWhiteMiddleGame_54	5	-7	-12
BishopInValueWhiteMiddleGame_55	0	-12	-12
BishopInValueWhiteMiddleGame_56	0	-12	-12
BishopInValueWhiteMiddleGame_57	0	12	12
BishopInValueWhiteMiddleGame_58	0	4	4
BishopInValueWhiteMiddleGame_59	0	-12	-12
BishopInValueWhiteMiddleGame_60	0	-4	-4
BishopInValueWhiteMiddleGame_61	0	-12	-12
BishopInValueWhiteMiddleGame_62	0	-12	-12
BishopInValueWhiteMiddleGame_63	0	-12	-12
RookInValueWhiteMiddleGame_0	0	-12	-12
RookInValueWhiteMiddleGame_1	0	2	2
RookInValueWhiteMiddleGame_3	0	12	12
RookInValueWhiteMiddleGame_4	0	-2	-2
RookInValueWhiteMiddleGame_5	0	8	8
RookInValueWhiteMiddleGame_7	0	-8	-8
RookInValueWhiteMiddleGame_8	0	-4	-4
RookInValueWhiteMiddleGame_9	0	-12	-12
RookInValueWhiteMiddleGame_10	0	-12	-12
RookInValueWhiteMiddleGame_11	0	-12	-12
RookInValueWhiteMiddleGame_12	0	-12	-12
RookInValueWhiteMiddleGame_13	0	-12	-12
RookInValueWhiteMiddleGame_14	0	12	12
RookInValueWhiteMiddleGame_15	0	-12	-12
RookInValueWhiteMiddleGame_16	0	-12	-12
RookInValueWhiteMiddleGame_17	0	-12	-12
RookInValueWhiteMiddleGame_18	0	12	12
RookInValueWhiteMiddleGame_19	0	-12	-12
RookInValueWhiteMiddleGame_20	0	-12	-12
RookInValueWhiteMiddleGame_21	0	-12	-12
RookInValueWhiteMiddleGame_23	0	-12	-12
RookInValueWhiteMiddleGame_24	0	-12	-12
RookInValueWhiteMiddleGame_25	0	-12	-12
RookInValueWhiteMiddleGame_26	0	-12	-12
RookInValueWhiteMiddleGame_27	0	-8	-8
RookInValueWhiteMiddleGame_28	0	12	12
RookInValueWhiteMiddleGame_29	0	-12	-12
RookInValueWhiteMiddleGame_31	0	-12	-12
RookInValueWhiteMiddleGame_32	0	12	12
RookInValueWhiteMiddleGame_33	0	12	12
RookInValueWhiteMiddleGame_34	0	12	12
RookInValueWhiteMiddleGame_35	0	12	12
RookInValueWhiteMiddleGame_36	0	12	12
RookInValueWhiteMiddleGame_37	0	-12	-12
RookInValueWhiteMiddleGame_38	0	8	8
RookInValueWhiteMiddleGame_39	0	12	12
RookInValueWhiteMiddleGame_40	0	12	12
RookInValueWhiteMiddleGame_41	0	12	12
RookInValueWhiteMiddleGame_42	0	12	12
RookInValueWhiteMiddleGame_43	0	12	12
RookInValueWhiteMiddleGame_44	0	12	12
RookInValueWhiteMiddleGame_45	0	12	12
RookInValueWhiteMiddleGame_46	0	12	12
RookInValueWhiteMiddleGame_47	0	12	12
RookInValueWhiteMiddleGame_48	47	59	12
RookInValueWhiteMiddleGame_49	47	45	-2
RookInValueWhiteMiddleGame_50	47	59	12
RookInValueWhiteMiddleGame_51	47	59	12
RookInValueWhiteMiddleGame_52	47	35	-12
RookInValueWhiteMiddleGame_53	47	59	12
RookInValueWhiteMiddleGame_54	47	59	12
RookInValueWhiteMiddleGame_55	47	59	12
RookInValueWhiteMiddleGame_56	0	12	12
RookInValueWhiteMiddleGame_57	0	12	12
RookInValueWhiteMiddleGame_58	0	12	12
RookInValueWhiteMiddleGame_59	0	-12	-12
RookInValueWhiteMiddleGame_60	0	12	12
RookInValueWhiteMiddleGame_61	0	12	12
RookInValueWhiteMiddleGame_62	0	12	12
RookInValueWhiteMiddleGame_63	0	12	12
QueenInValueWhiteMiddleGame_0	0	-12	-12
QueenInValueWhiteMiddleGame_1	0	-12	-12
QueenInValueWhiteMiddleGame_2	0	-12	-12
QueenInValueWhiteMiddleGame_3	0	-8	-8
QueenInValueWhiteMiddleGame_4	0	-4	-4
QueenInValueWhiteMiddleGame_5	0	-12	-12
QueenInValueWhiteMiddleGame_6	0	-12	-12
QueenInValueWhiteMiddleGame_7	0	-12	-12
QueenInValueWhiteMiddleGame_8	0	-12	-12
QueenInValueWhiteMiddleGame_9	0	2	2
QueenInValueWhiteMiddleGame_10	0	-2	-2
QueenInValueWhiteMiddleGame_11	0	-8	-8
QueenInValueWhiteMiddleGame_12	0	-2	-2
QueenInValueWhiteMiddleGame_13	0	8	8
QueenInValueWhiteMiddleGame_14	0	-12	-12
QueenInValueWhiteMiddleGame_15	0	12	12
QueenInValueWhiteMiddleGame_16	0	8	8
QueenInValueWhiteMiddleGame_17	0	12	12
QueenInValueWhiteMiddleGame_18	0	-4	-4
QueenInValueWhiteMiddleGame_19	0	-12	-12
QueenInValueWhiteMiddleGame_20	0	12	12
QueenInValueWhiteMiddleGame_21	0	12	12
QueenInValueWhiteMiddleGame_22	0	4	4
QueenInValueWhiteMiddleGame_23	0	-12	-12
QueenInValueWhiteMiddleGame_25	0	12	12
QueenInValueWhiteMiddleGame_26	0	-4	-4
QueenInValueWhiteMiddleGame_27	0	4	4
QueenInValueWhiteMiddleGame_28	0	12	12
QueenInValueWhiteMiddleGame_29	0	12	12
QueenInValueWhiteMiddleGame_30	0	12	12
QueenInValueWhiteMiddleGame_31	0	-12	-12
QueenInValueWhiteMiddleGame_32	0	12	12
QueenInValueWhiteMiddleGame_33	0	12	12
QueenInValueWhiteMiddleGame_34	0	12	12
QueenInValueWhiteMiddleGame_35	0	12	12
QueenInValueWhiteMiddleGame_36	0	-4	-4
QueenInValueWhiteMiddleGame_37	0	12	12
QueenInValueWhiteMiddleGame_38	0	12	12
QueenInValueWhiteMiddleGame_39	0	12	12
QueenInValueWhiteMiddleGame_40	0	4	4
QueenInValueWhiteMiddleGame_41	0	12	12
QueenInValueWhiteMiddleGame_42	0	12	12
QueenInValueWhiteMiddleGame_43	0	-12	-12
QueenInValueWhiteMiddleGame_44	0	12	12
QueenInValueWhiteMiddleGame_45	0	12	12
QueenInValueWhiteMiddleGame_46	0	12	12
QueenInValueWhiteMiddleGame_47	0	12	12
QueenInValueWhiteMiddleGame_48	27	31	4
QueenInValueWhiteMiddleGame_49	27	31	4
QueenInValueWhiteMiddleGame_50	27	39	12
QueenInValueWhiteMiddleGame_51	27	35	8
QueenInValueWhiteMiddleGame_52	27	39	12
QueenInValueWhiteMiddleGame_53	27	39	12
QueenInValueWhiteMiddleGame_54	27	39	12
QueenInValueWhiteMiddleGame_55	27	15	-12
QueenInValueWhiteMiddleGame_56	0	-12	-12
QueenInValueWhiteMiddleGame_57	0	-6	-6
QueenInValueWhiteMiddleGame_58	0	12	12
QueenInValueWhiteMiddleGame_59	0	12	12
QueenInValueWhiteMiddleGame_60	0	12	12
QueenInValueWhiteMiddleGame_61	0	12	12
QueenInValueWhiteMiddleGame_62	0	-8	-8
QueenInValueWhiteMiddleGame_63	0	-12	-12
KingInValueWhiteMiddleGame_0	0	-12	-12
KingInValueWhiteMiddleGame_1	0	8	8
KingInValueWhiteMiddleGame_2	0	12	12
KingInValueWhiteMiddleGame_3	0	-12	-12
KingInValueWhiteMiddleGame_4	0	12	12
KingInValueWhiteMiddleGame_5	0	-12	-12
KingInValueWhiteMiddleGame_6	0	4	4
KingInValueWhiteMiddleGame_7	0	-12	-12
KingInValueWhiteMiddleGame_8	0	2	2
KingInValueWhiteMiddleGame_9	0	-12	-12
KingInValueWhiteMiddleGame_10	0	12	12
KingInValueWhiteMiddleGame_11	0	-12	-12
KingInValueWhiteMiddleGame_12	0	4	4
KingInValueWhiteMiddleGame_13	0	-4	-4
KingInValueWhiteMiddleGame_14	0	4	4
KingInValueWhiteMiddleGame_15	0	-8	-8
KingInValueWhiteMiddleGame_16	0	12	12
KingInValueWhiteMiddleGame_17	0	12	12
KingInValueWhiteMiddleGame_18	0	-12	-12
KingInValueWhiteMiddleGame_19	0	12	12
KingInValueWhiteMiddleGame_20	0	12	12
KingInValueWhiteMiddleGame_21	0	12	12
KingInValueWhiteMiddleGame_22	0	-12	-12
KingInValueWhiteMiddleGame_23	0	-12	-12
KingInValueWhiteMiddleGame_24	0	-10	-10
KingInValueWhiteMiddleGame_25	0	12	12
KingInValueWhiteMiddleGame_26	0	12	12
KingInValueWhiteMiddleGame_27	0	12	12
KingInValueWhiteMiddleGame_28	0	12	12
KingInValueWhiteMiddleGame_29	0	12	12
KingInValueWhiteMiddleGame_30	0	12	12
KingInValueWhiteMiddleGame_31	0	-12	-12
KingInValueWhiteMiddleGame_32	0	12	12
KingInValueWhiteMiddleGame_33	0	12	12
KingInValueWhiteMiddleGame_34	0	6	6
KingInValueWhiteMiddleGame_35	0	12	12
KingInValueWhiteMiddleGame_36	0	12	12
KingInValueWhiteMiddleGame_37	0	12	12
KingInValueWhiteMiddleGame_38	0	12	12
KingInValueWhiteMiddleGame_39	0	4	4
KingInValueWhiteMiddleGame_40	0	-12	-12
KingInValueWhiteMiddleGame_41	0	12	12
KingInValueWhiteMiddleGame_42	0	12	12
KingInValueWhiteMiddleGame_43	0	12	12
KingInValueWhiteMiddleGame_44	0	12	12
KingInValueWhiteMiddleGame_45	0	12	12
KingInValueWhiteMiddleGame_46	0	12	12
KingInValueWhiteMiddleGame_47	0	4	4
KingInValueWhiteMiddleGame_48	0	-12	-12
KingInValueWhiteMiddleGame_49	0	10	10
KingInValueWhiteMiddleGame_50	0	12	12
KingInValueWhiteMiddleGame_51	0	12	12
KingInValueWhiteMiddleGame_52	0	12	12
KingInValueWhiteMiddleGame_53	0	-4	-4
KingInValueWhiteMiddleGame_54	0	12	12
KingInValueWhiteMiddleGame_55	0	12	12
KingInValueWhiteMiddleGame_56	0	-4	-4
KingInValueWhiteMiddleGame_57	0	12	12
KingInValueWhiteMiddleGame_58	0	12	12
KingInValueWhiteMiddleGame_59	0	12	12
KingInValueWhiteMiddleGame_60	0	-4	-4
KingInValueWhiteMiddleGame_61	0	12	12
KingInValueWhiteMiddleGame_62	0	12	12
KingInValueWhiteMiddleGame_63	0	12	12
PawnInCenterValueWhite_8	0	2	2
PawnInCenterValueWhite_9	0	4	4
PawnInCenterValueWhite_10	0	-6	-6
PawnInCenterValueWhite_11	0	3	3
PawnInCenterValueWhite_12	0	-2	-2
PawnInCenterValueWhite_13	0	6	6
PawnInCenterValueWhite_14	0	4	4
PawnInCenterValueWhite_15	0	-4	-4
PawnInCenterValueWhite_17	0	-4	-4
PawnInCenterValueWhite_18	0	-6	-6
PawnInCenterValueWhite_19	0	1	1
PawnInCenterValueWhite_20	0	6	6
PawnInCenterValueWhite_21	0	-2	-2
PawnInCenterValueWhite_22	0	-6	-6
PawnInCenterValueWhite_23	0	-6	-6
PawnInCenterValueWhite_24	0	-6	-6
PawnInCenterValueWhite_25	0	6	6
PawnInCenterValueWhite_26	10	4	-6
PawnInCenterValueWhite_27	15	9	-6
PawnInCenterValueWhite_28	15	9	-6
PawnInCenterValueWhite_30	0	-4	-4
PawnInCenterValueWhite_31	0	-6	-6
PawnInCenterValueWhite_32	0	6	6
PawnInCenterValueWhite_33	0	4	4
PawnInCenterValueWhite_34	0	-6	-6
PawnInCenterValueWhite_35	5	1	-4
PawnInCenterValueWhite_36	5	1	-4
PawnInCenterValueWhite_37	0	6	6
PawnInCenterValueWhite_38	0	-4	-4
PawnInCenterValueWhite_39	0	6	6
PawnInCenterValueWhite_40	0	6	6
PawnInCenterValueWhite_41	0	6	6
PawnInCenterValueWhite_42	0	6	6
PawnInCenterValueWhite_43	0	6	6
PawnInCenterValueWhite_44	0	6	6
PawnInCenterValueWhite_45	0	6	6
PawnInCenterValueWhite_46	0	6	6
PawnInCenterValueWhite_47	0	6	6
PawnInCenterValueWhite_48	0	6	6
PawnInCenterValueWhite_49	0	6	6
PawnInCenterValueWhite_50	0	6	6
PawnInCenterValueWhite_51	0	6	6
PawnInCenterValueWhite_52	0	6	6
PawnInCenterValueWhite_53	0	6	6
PawnInCenterValueWhite_54	0	6	6
PawnInCenterValueWhite_55	0	6	6
KnightInCenterValueWhite_0	0	-6	-6
KnightInCenterValueWhite_1	0	-6	-6
KnightInCenterValueWhite_2	0	-6	-6
KnightInCenterValueWhite_3	0	-6	-6
KnightInCenterValueWhite_4	0	-6	-6
KnightInCenterValueWhite_5	0	-6	-6
KnightInCenterValueWhite_6	0	-6	-6
KnightInCenterValueWhite_7	0	-6	-6
KnightInCenterValueWhite_8	0	2	2
KnightInCenterValueWhite_9	0	-6	-6
KnightInCenterValueWhite_10	0	-6	-6
KnightInCenterValueWhite_11	0	-6	-6
KnightInCenterValueWhite_12	0	-6	-6
KnightInCenterValueWhite_13	0	6	6
KnightInCenterValueWhite_14	0	-6	-6
KnightInCenterValueWhite_15	0	-6	-6
KnightInCenterValueWhite_16	0	-2	-2
KnightInCenterValueWhite_17	0	-6	-6
KnightInCenterValueWhite_18	2	4	2
KnightInCenterValueWhite_19	2	6	4
KnightInCenterValueWhite_20	2	1	-1
KnightInCenterValueWhite_22	0	-6	-6
KnightInCenterValueWhite_23	0	-6	-6
KnightInCenterValueWhite_24	0	-6	-6
KnightInCenterValueWhite_25	0	-6	-6
KnightInCenterValueWhite_26	2	8	6
KnightInCenterValueWhite_27	4	10	6
KnightInCenterValueWhite_28	4	10	6
KnightInCenterValueWhite_29	2	8	6
KnightInCenterValueWhite_30	0	6	6
KnightInCenterValueWhite_31	0	-6	-6
KnightInCenterValueWhite_32	0	6	6
KnightInCenterValueWhite_33	0	6	6
KnightInCenterValueWhite_34	2	8	6
KnightInCenterValueWhite_35	4	10	6
KnightInCenterValueWhite_36	4	10	6
KnightInCenterValueWhite_37	2	8	6
KnightInCenterValueWhite_38	0	6	6
KnightInCenterValueWhite_39	0	2	2
KnightInCenterValueWhite_40	0	-6	-6
KnightInCenterValueWhite_41	0	6	6
KnightInCenterValueWhite_42	2	8	6
KnightInCenterValueWhite_43	2	8	6
KnightInCenterValueWhite_44	2	8	6
KnightInCenterValueWhite_45	2	8	6
KnightInCenterValueWhite_46	0	6	6
KnightInCenterValueWhite_47	0	6	6
KnightInCenterValueWhite_48	0	-6	-6
KnightInCenterValueWhite_49	0	-6	-6
KnightInCenterValueWhite_50	0	6	6
KnightInCenterValueWhite_51	0	6	6
KnightInCenterValueWhite_52	0	4	4
KnightInCenterValueWhite_53	0	6	6
KnightInCenterValueWhite_54	0	6	6
KnightInCenterValueWhite_55	0	6	6
KnightInCenterValueWhite_56	0	-6	-6
KnightInCenterValueWhite_57	0	-6	-6
KnightInCenterValueWhite_58	0	6	6
KnightInCenterValueWhite_59	0	-6	-6
KnightInCenterValueWhite_60	0	6	6
KnightInCenterValueWhite_61	0	-5	-5
KnightInCenterValueWhite_62	0	-6	-6
KnightInCenterValueWhite_63	0	-6	-6
BishopInCenterValueWhite_0	0	6	6
BishopInCenterValueWhite_1	0	6	6
BishopInCenterValueWhite_2	0	-6	-6
BishopInCenterValueWhite_3	0	-6	-6
BishopInCenterValueWhite_4	0	-6	-6
BishopInCenterValueWhite_5	0	-4	-4
BishopInCenterValueWhite_6	0	-6	-6
BishopInCenterValueWhite_7	0	-6	-6
BishopInCenterValueWhite_8	0	-6	-6
BishopInCenterValueWhite_10	0	6	6
BishopInCenterValueWhite_11	0	-6	-6
BishopInCenterValueWhite_12	0	-2	-2
BishopInCenterValueWhite_13	0	-6	-6
BishopInCenterValueWhite_14	0	6	6
BishopInCenterValueWhite_15	0	-6	-6
BishopInCenterValueWhite_16	0	-6	-6
BishopInCenterValueWhite_17	0	6	6
BishopInCenterValueWhite_18	2	8	6
BishopInCenterValueWhite_19	2	8	6
BishopInCenterValueWhite_21	2	8	6
BishopInCenterValueWhite_22	0	-6	-6
BishopInCenterValueWhite_23	0	6	6
BishopInCenterValueWhite_24	0	-2	-2
BishopInCenterValueWhite_25	0	-6	-6
BishopInCenterValueWhite_26	2	-4	-6
BishopInCenterValueWhite_27	3	9	6
BishopInCenterValueWhite_28	3	9	6
BishopInCenterValueWhite_29	2	-4	-6
BishopInCenterValueWhite_30	0	2	2
BishopInCenterValueWhite_31	0	4	4
BishopInCenterValueWhite_32	0	6	6
BishopInCenterValueWhite_33	0	6	6
BishopInCenterValueWhite_34	2	8	6
BishopInCenterValueWhite_35	3	9	6
BishopInCenterValueWhite_36	3	9	6
BishopInCenterValueWhite_37	2	8	6
BishopInCenterValueWhite_38	0	6	6
BishopInCenterValueWhite_39	0	6	6
BishopInCenterValueWhite_40	0	6	6
BishopInCenterValueWhite_41	0	-4	-4
BishopInCenterValueWhite_42	2	8	6
BishopInCenterValueWhite_43	2	-4	-6
BishopInCenterValueWhite_44	2	8	6
BishopInCenterValueWhite_45	2	8	6
BishopInCenterValueWhite_46	0	6	6
BishopInCenterValueWhite_47	0	6	6
BishopInCenterValueWhite_49	0	6	6
BishopInCenterValueWhite_50	0	-6	-6
BishopInCenterValueWhite_51	0	4	4
BishopInCenterValueWhite_52	0	-6	-6
BishopInCenterValueWhite_53	0	6	6
BishopInCenterValueWhite_54	0	6	6
BishopInCenterValueWhite_55	0	-6	-6
BishopInCenterValueWhite_56	0	-6	-6
BishopInCenterValueWhite_57	0	6	6
BishopInCenterValueWhite_58	0	6	6
BishopInCenterValueWhite_59	0	-6	-6
BishopInCenterValueWhite_60	0	-6	-6
BishopInCenterValueWhite_61	0	-6	-6
BishopInCenterValueWhite_62	0	-6	-6
BishopInCenterValueWhite_63	0	-6	-6
RookInCenterValueWhite_0	0	-6	-6
RookInCenterValueWhite_1	0	-6	-6
RookInCenterValueWhite_2	0	-3	-3
RookInCenterValueWhite_3	0	6	6
RookInCenterValueWhite_4	0	1	1
RookInCenterValueWhite_5	0	2	2
RookInCenterValueWhite_6	0	-6	-6
RookInCenterValueWhite_7	0	-6	-6
RookInCenterValueWhite_8	0	-6	-6
RookInCenterValueWhite_9	0	-6	-6
RookInCenterValueWhite_10	0	-6	-6
RookInCenterValueWhite_11	0	-6	-6
RookInCenterValueWhite_12	0	-6	-6
RookInCenterValueWhite_13	0	-6	-6
RookInCenterValueWhite_14	0	-6	-6
RookInCenterValueWhite_15	0	-6	-6
RookInCenterValueWhite_16	0	6	6
RookInCenterValueWhite_17	0	-6	-6
RookInCenterValueWhite_18	1	7	6
RookInCenterValueWhite_19	1	-5	-6
RookInCenterValueWhite_20	1	-5	-6
RookInCenterValueWhite_21	1	-5	-6
RookInCenterValueWhite_22	0	-6	-6
RookInCenterValueWhite_23	0	-6	-6
RookInCenterValueWhite_24	0	-6	-6
RookInCenterValueWhite_25	0	-6	-6
RookInCenterValueWhite_26	1	-5	-6
RookInCenterValueWhite_27	2	8	6
RookInCenterValueWhite_28	2	1	-1
RookInCenterValueWhite_29	1	-5	-6
RookInCenterValueWhite_30	0	2	2
RookInCenterValueWhite_31	0	-6	-6
RookInCenterValueWhite_32	0	6	6
RookInCenterValueWhite_33	0	6	6
RookInCenterValueWhite_34	1	7	6
RookInCenterValueWhite_35	2	8	6
RookInCenterValueWhite_36	2	8	6
RookInCenterValueWhite_37	1	7	6
RookInCenterValueWhite_38	0	6	6
RookInCenterValueWhite_39	0	-6	-6
RookInCenterValueWhite_40	0	6	6
RookInCenterValueWhite_41	0	6	6
RookInCenterValueWhite_42	1	7	6
RookInCenterValueWhite_43	1	7	6
RookInCenterValueWhite_44	1	7	6
RookInCenterValueWhite_45	1	7	6
RookInCenterValueWhite_46	0	6	6
RookInCenterValueWhite_47	0	6	6
RookInCenterValueWhite_48	0	6	6
RookInCenterValueWhite_49	0	6	6
RookInCenterValueWhite_50	0	6	6
RookInCenterValueWhite_51	0	6	6
RookInCenterValueWhite_52	0	6	6
RookInCenterValueWhite_53	0	6	6
RookInCenterValueWhite_54	0	6	6
RookInCenterValueWhite_55	0	6	6
RookInCenterValueWhite_56	0	6	6
RookInCenterValueWhite_57	0	6	6
RookInCenterValueWhite_58	0	6	6
RookInCenterValueWhite_59	0	6	6
RookInCenterValueWhite_60	0	6	6
RookInCenterValueWhite_61	0	4	4
RookInCenterValueWhite_62	0	6	6
RookInCenterValueWhite_63	0	6	6
QueenInCenterValueWhite_0	0	-6	-6
QueenInCenterValueWhite_1	0	-6	-6
QueenInCenterValueWhite_2	0	-6	-6
QueenInCenterValueWhite_4	0	2	2
QueenInCenterValueWhite_5	0	-6	-6
QueenInCenterValueWhite_6	0	-6	-6
QueenInCenterValueWhite_7	0	-6	-6
QueenInCenterValueWhite_8	0	-6	-6
QueenInCenterValueWhite_9	0	-6	-6
QueenInCenterValueWhite_10	0	-4	-4
QueenInCenterValueWhite_11	0	-1	-1
QueenInCenterValueWhite_12	0	5	5
QueenInCenterValueWhite_13	0	6	6
QueenInCenterValueWhite_14	0	-6	-6
QueenInCenterValueWhite_15	0	6	6
QueenInCenterValueWhite_16	0	-4	-4
QueenInCenterValueWhite_18	1	-5	-6
QueenInCenterValueWhite_19	1	-5	-6
QueenInCenterValueWhite_20	1	7	6
QueenInCenterValueWhite_21	1	7	6
QueenInCenterValueWhite_22	0	-5	-5
QueenInCenterValueWhite_23	0	-6	-6
QueenInCenterValueWhite_24	0	4	4
QueenInCenterValueWhite_25	0	6	6
QueenInCenterValueWhite_27	2	4	2
QueenInCenterValueWhite_28	2	8	6
QueenInCenterValueWhite_29	1	7	6
QueenInCenterValueWhite_30	0	6	6
QueenInCenterValueWhite_31	0	-6	-6
QueenInCenterValueWhite_32	0	2	2
QueenInCenterValueWhite_33	0	6	6
QueenInCenterValueWhite_34	1	7	6
QueenInCenterValueWhite_35	2	8	6
QueenInCenterValueWhite_36	2	8	6
QueenInCenterValueWhite_38	0	6	6
QueenInCenterValueWhite_39	0	6	6
QueenInCenterValueWhite_40	0	-6	-6
QueenInCenterValueWhite_41	0	6	6
QueenInCenterValueWhite_42	1	7	6
QueenInCenterValueWhite_43	1	-1	-2
QueenInCenterValueWhite_44	1	7	6
QueenInCenterValueWhite_45	1	7	6
QueenInCenterValueWhite_46	0	6	6
QueenInCenterValueWhite_47	0	6	6
QueenInCenterValueWhite_48	0	-6	-6
QueenInCenterValueWhite_49	0	6	6
QueenInCenterValueWhite_50	0	6	6
QueenInCenterValueWhite_51	0	4	4
QueenInCenterValueWhite_52	0	6	6
QueenInCenterValueWhite_53	0	6	6
QueenInCenterValueWhite_54	0	6	6
QueenInCenterValueWhite_55	0	-6	-6
QueenInCenterValueWhite_56	0	-6	-6
QueenInCenterValueWhite_57	0	-6	-6
QueenInCenterValueWhite_58	0	-6	-6
QueenInCenterValueWhite_59	0	-5	-5
QueenInCenterValueWhite_60	0	6	6
QueenInCenterValueWhite_61	0	6	6
QueenInCenterValueWhite_62	0	6	6
QueenInCenterValueWhite_63	0	-6	-6
KingInCenterValueWhite_0	0	-6	-6
KingInCenterValueWhite_1	0	4	4
KingInCenterValueWhite_2	0	-2	-2
KingInCenterValueWhite_3	0	-6	-6
KingInCenterValueWhite_4	0	2	2
KingInCenterValueWhite_5	0	-6	-6
KingInCenterValueWhite_6	0	-6	-6
KingInCenterValueWhite_7	0	-6	-6
KingInCenterValueWhite_8	0	-6	-6
KingInCenterValueWhite_9	0	-6	-6
KingInCenterValueWhite_10	0	-1	-1
KingInCenterValueWhite_11	0	-4	-4
KingInCenterValueWhite_12	0	-6	-6
KingInCenterValueWhite_15	0	-6	-6
KingInCenterValueWhite_16	0	-6	-6
KingInCenterValueWhite_17	0	2	2
KingInCenterValueWhite_18	0	-6	-6
KingInCenterValueWhite_19	0	-2	-2
KingInCenterValueWhite_20	0	6	6
KingInCenterValueWhite_21	0	-2	-2
KingInCenterValueWhite_22	0	-6	-6
KingInCenterValueWhite_23	0	-6	-6
KingInCenterValueWhite_24	0	-6	-6
KingInCenterValueWhite_25	0	6	6
KingInCenterValueWhite_26	0	6	6
KingInCenterValueWhite_27	0	6	6
KingInCenterValueWhite_28	0	6	6
KingInCenterValueWhite_29	0	6	6
KingInCenterValueWhite_30	0	6	6
KingInCenterValueWhite_31	0	-6	-6
KingInCenterValueWhite_32	0	6	6
KingInCenterValueWhite_33	0	6	6
KingInCenterValueWhite_34	0	6	6
KingInCenterValueWhite_35	0	6	6
KingInCenterValueWhite_36	0	6	6
KingInCenterValueWhite_37	0	6	6
KingInCenterValueWhite_38	0	6	6
KingInCenterValueWhite_39	0	-3	-3
KingInCenterValueWhite_40	0	-6	-6
KingInCenterValueWhite_41	0	6	6
KingInCenterValueWhite_42	0	6	6
KingInCenterValueWhite_43	0	6	6
KingInCenterValueWhite_44	0	6	6
KingInCenterValueWhite_45	0	6	6
KingInCenterValueWhite_46	0	6	6
KingInCenterValueWhite_47	0	-6	-6
KingInCenterValueWhite_49	0	6	6
KingInCenterValueWhite_50	0	6	6
KingInCenterValueWhite_51	0	6	6
KingInCenterValueWhite_52	0	6	6
KingInCenterValueWhite_53	0	6	6
KingInCenterValueWhite_54	0	6	6
KingInCenterValueWhite_55	0	6	6
KingInCenterValueWhite_56	0	6	6
KingInCenterValueWhite_57	0	6	6
KingInCenterValueWhite_58	0	6	6
KingInCenterValueWhite_59	0	6	6
KingInCenterValueWhite_60	0	6	6
KingInCenterValueWhite_61	0	6	6
KingInCenterValueWhite_62	0	6	6
KingInCenterValueWhite_63	0	6	6
WhiteKingPlaceSafetyMiddleGame_0	-4	-16	-12
WhiteKingPlaceSafetyMiddleGame_1	0	8	8
WhiteKingPlaceSafetyMiddleGame_2	-6	2	8
WhiteKingPlaceSafetyMiddleGame_3	-20	-24	-4
WhiteKingPlaceSafetyMiddleGame_4	-15	-13	2
WhiteKingPlaceSafetyMiddleGame_5	-6	-18	-12
WhiteKingPlaceSafetyMiddleGame_6	0	2	2
WhiteKingPlaceSafetyMiddleGame_7	-4	-16	-12
WhiteKingPlaceSafetyMiddleGame_9	-6	-12	-6
WhiteKingPlaceSafetyMiddleGame_10	-12	0	12
WhiteKingPlaceSafetyMiddleGame_11	-20	-32	-12
WhiteKingPlaceSafetyMiddleGame_12	-20	-14	6
WhiteKingPlaceSafetyMiddleGame_13	-12	-18	-6
WhiteKingPlaceSafetyMiddleGame_14	-6	2	8
WhiteKingPlaceSafetyMiddleGame_15	-8	-12	-4
WhiteKingPlaceSafetyMiddleGame_16	-18	-14	4
WhiteKingPlaceSafetyMiddleGame_17	-18	-6	12
WhiteKingPlaceSafetyMiddleGame_18	-22	-18	4
WhiteKingPlaceSafetyMiddleGame_19	-30	-18	12
WhiteKingPlaceSafetyMiddleGame_20	-30	-18	12
WhiteKingPlaceSafetyMiddleGame_21	-22	-14	8
WhiteKingPlaceSafetyMiddleGame_22	-18	-30	-12
WhiteKingPlaceSafetyMiddleGame_23	-18	-30	-12
WhiteKingPlaceSafetyMiddleGame_24	-35	-47	-12
WhiteKingPlaceSafetyMiddleGame_25	-35	-23	12
WhiteKingPlaceSafetyMiddleGame_26	-35	-23	12
WhiteKingPlaceSafetyMiddleGame_27	-35	-23	12
WhiteKingPlaceSafetyMiddleGame_28	-35	-23	12
WhiteKingPlaceSafetyMiddleGame_29	-35	-27	8
WhiteKingPlaceSafetyMiddleGame_30	-35	-23	12
WhiteKingPlaceSafetyMiddleGame_31	-35	-47	-12
WhiteKingPlaceSafetyMiddleGame_32	-35	-25	10
WhiteKingPlaceSafetyMiddleGame_33	-35	-23	12
WhiteKingPlaceSafetyMiddleGame_34	-35	-27	8
WhiteKingPlaceSafetyMiddleGame_35	-35	-23	12
WhiteKingPlaceSafetyMiddleGame_36	-35	-23	12
WhiteKingPlaceSafetyMiddleGame_37	-35	-23	12
WhiteKingPlaceSafetyMiddleGame_38	-35	-23	12
WhiteKingPlaceSafetyMiddleGame_39	-35	-27	8
WhiteKingPlaceSafetyMiddleGame_40	-35	-47	-12
WhiteKingPlaceSafetyMiddleGame_41	-35	-23	12
WhiteKingPlaceSafetyMiddleGame_42	-35	-23	12
WhiteKingPlaceSafetyMiddleGame_43	-35	-23	12
WhiteKingPlaceSafetyMiddleGame_44	-35	-27	8
WhiteKingPlaceSafetyMiddleGame_45	-35	-23	12
WhiteKingPlaceSafetyMiddleGame_46	-35	-23	12
WhiteKingPlaceSafetyMiddleGame_47	-35	-43	-8
WhiteKingPlaceSafetyMiddleGame_48	-35	-47	-12
WhiteKingPlaceSafetyMiddleGame_50	-35	-23	12
WhiteKingPlaceSafetyMiddleGame_51	-35	-23	12
WhiteKingPlaceSafetyMiddleGame_52	-35	-23	12
WhiteKingPlaceSafetyMiddleGame_53	-35	-27	8
WhiteKingPlaceSafetyMiddleGame_54	-35	-23	12
WhiteKingPlaceSafetyMiddleGame_55	-35	-23	12
WhiteKingPlaceSafetyMiddleGame_56	-35	-27	8
WhiteKingPlaceSafetyMiddleGame_57	-35	-23	12
WhiteKingPlaceSafetyMiddleGame_58	-35	-23	12
WhiteKingPlaceSafetyMiddleGame_59	-35	-23	12
WhiteKingPlaceSafetyMiddleGame_60	-35	-25	10
WhiteKingPlaceSafetyMiddleGame_61	-35	-23	12
WhiteKingPlaceSafetyMiddleGame_62	-35	-23	12
WhiteKingPlaceSafetyMiddleGame_63	-35	-23	12
PawnMoveCountValue_MiddleGame_0	0	-4	-4
KnightMoveCountValue_MiddleGame_0	-38	-36	2
BishopMoveCountValue_MiddleGame_0	-30	-28	2
RookMoveCountValue_MiddleGame_0	-20	-24	-4
QueenMoveCountValue_MiddleGame_0	-10	-6	4
