position_id	fen	result	group	isolated_pawn_active	weight
ip-32d0cdfdbe0543ef	1n1q1rk1/5ppp/r3pn2/3p4/P2B4/4PBP1/5P1P/R2Q1RK1 b - - 0 14	0.5	anchor	1	0.0011366317073537072
ip-b515bd04df49c7e7	r2qk2r/pppbnpbp/2n3p1/1B2p3/4P3/2P1BN2/PP2QPPP/RN3RK1 b kq - 3 9	0.5	anchor	0	0.0039397755146468654
ip-b169172155b5ceb0	r1bq1rk1/2p2pbp/2np2p1/p1p5/2P1P3/P7/1PN1BPPP/1RBQ1RK1 w - - 0 14	0.5	anchor	0	0.0039397755146468654
ip-a22f3def2be67e24	r3k2r/1pq1ppbp/p1npbnp1/8/4P3/1NNBBP2/PPPQ2PP/R3K2R w KQkq - 9 12	0.5	anchor	0	0.0039397755146468654
ip-4e567d091819d8e8	r3q1rk/1pp3bp/3pPn2/p1nP1R2/2P1p3/2N1B2B/PP6/R2Q3K b - - 4 23	0.5	anchor	0	0.0039397755146468654
ip-3352ed6e02657781	r2q1rk1/ppp1nppp/8/8/2b1PB2/P1P3Q1/2P1NPPP/1R2K2R w K - 0 14	0.5	anchor	1	0.0011366317073537072
ip-82a4013fb2765b96	rnb1k2r/pp3ppp/4p3/q1ppPn2/3P4/P1N1BP2/1PP3PP/R2QKB1R w KQkq - 1 10	0.5	anchor	0	0.0039397755146468654
ip-048709ca9031ebf6	r2q1rk1/p1pn1pbp/1p1pp1p1/8/2PPbB2/P3PN1P/1P2BPP1/R2Q1RK1 w - - 0 12	0.5	anchor	0	0.0039397755146468654
ip-f04c2387a016cbe8	2r1k2r/1b2qpp1/p3p2p/1p1nN3/8/3Q2B1/PPPR1PPP/1K1R4 b k - 3 21	0.5	anchor	0	0.0039397755146468654
ip-4ee1acd0541b3f73	r1bqk1nr/pp3pbp/2np2p1/2p1P3/4P3/2P2N2/PP1PB1PP/RNBQ1RK1 b kq - 0 7	0.5	anchor	0	0.0039397755146468654
ip-cc74d9672093da5a	3q1rk1/5p1p/4b1p1/p1ppP1b1/8/PrPQ3P/1P2R1P1/1B1N1R1K w - - 5 22	0.5	anchor	0	0.0039397755146468654
ip-1184e7b93c70addf	r3r1k1/pp3p2/2n3p1/2pQ3p/7P/1PqP1N2/P4PP1/1KR4R b - - 1 19	0.5	anchor	1	0.0011366317073537072
ip-8485037b20aef589	2r5/2p1Q1pp/pr2bpk1/8/4P3/BPR3P1/P3qP1P/2R3K1 b - - 10 25	0.5	anchor	1	0.0011366317073537072
ip-6c6baad3ce9c2c88	r1r3k1/3nqppp/2Qbpn2/3p4/3P4/2N2N2/PPb1PPBP/R1B2RK1 w - - 15 17	0.5	anchor	1	0.0011366317073537072
ip-f9eaa30a2e00d3ae	r2qr1k1/pp3p1p/3npnp1/P2p4/3P4/1PBQ1BP1/4PP1P/R4RK1 b - - 2 19	0.5	anchor	0	0.0039397755146468654
ip-d192dcb28d1f67fe	r2q1rk1/1p3p1p/p3p1p1/n2pP3/8/1PNQP2P/P4PP1/R4RK1 b - - 0 17	0.5	anchor	0	0.0039397755146468654
ip-3a05b9cef9099101	r1bqr1k1/ppp1bppp/3p1n2/8/8/2PBBN2/PPPQ1PPP/2KRR3 b - - 10 11	0.5	anchor	0	0.0039397755146468654
ip-bc456a58ea3a951d	r4rk1/ppq2ppp/2pb1p2/3n4/3P4/2PQ2P1/PP1BNP1P/R3K2R b KQ - 0 15	0.5	anchor	0	0.0039397755146468654
ip-a144d11058c18711	r1bq1rk1/1pp1n1bp/p1np2p1/5P2/3N4/2N1B3/PPPQBPPP/R4RK1 b - - 0 11	0.5	anchor	0	0.0039397755146468654
ip-abfbe5d6bbf7531c	8/R5pk/P7/7p/8/8/7K/r7 b - - 0 52	0.5	anchor	1	0.0011366317073537072
ip-c8aeb88aedde778d	3b2k1/5p2/6p1/pB6/6P1/P4N1P/1n3P2/6K1 b - - 0 40	0.5	anchor	0	0.0039397755146468654
ip-b981bd646d8234ef	8/1B6/p7/1p2k2p/2P1p3/2P4b/P2K1P2/8 b - - 0 41	0.5	anchor	0	0.0039397755146468654
ip-4d80f7e31b3b8639	8/3b4/1K1p4/2pPk3/2P5/2P5/B7/8 b - - 16 76	0.5	anchor	0	0.0039397755146468654
ip-7bfbb6bbeda24343	8/5k2/8/6P1/7K/8/8/8 b - - 12 117	0.5	anchor	1	0.0011366317073537072
ip-109442827a3ba537	8/3nkb2/1pp2pp1/p2p4/3P4/PP3PN1/1NP2KP1/8 w - - 0 31	0.5	anchor	0	0.0039397755146468654
ip-4a3cc967e799ed5d	8/8/5n2/R6p/4kP2/6PK/4r3/8 w - - 44 86	0.5	anchor	1	0.0011366317073537072
ip-a00bae2ce54b90bb	1r3k2/R3npp1/4p3/7B/8/6P1/5P1P/6K1 b - - 4 38	0.5	anchor	0	0.0039397755146468654
ip-310ea66fff1621d6	8/1k6/6r1/3KB3/8/8/8/7R w - - 60 84	0.5	anchor	0	0.0039397755146468654
ip-64ebec334242ae01	8/4k2p/8/4PpPP/8/4n1K1/8/8 w - - 0 59	0.5	anchor	0	0.0039397755146468654
ip-d45bfbbaada3c29f	8/8/6p1/5pP1/4p1P1/2k1K3/5P2/8 b - - 0 49	0.5	anchor	0	0.0039397755146468654
ip-a234021c1525d5f8	8/8/6k1/PK6/3r4/R7/8/8 b - - 1 66	0.5	anchor	1	0.0011366317073537072
ip-2e2eb9ebcf959aa5	4b3/8/1p1k1np1/1P1p1p1p/3P1P1P/2KBN1P1/8/8 w - - 37 64	0.5	anchor	0	0.0039397755146468654
ip-03a6b8b29099dce4	5R2/8/8/3k3r/3B4/3K4/8/8 w - - 20 64	0.5	anchor	0	0.0039397755146468654
ip-607452b4f65d31e7	5b2/6k1/R6p/6p1/3r4/3N3P/5PP1/7K w - - 1 39	0.5	anchor	0	0.0039397755146468654
ip-81ce307f5a9d2a9d	6k1/5p1p/4p1p1/4r1N1/1P6/rBKR1P2/8/8 w - - 4 34	0.5	anchor	1	0.0011366317073537072
ip-07d51481af44f94a	4r1k1/3p1ppp/p2P4/2p2P2/2p5/8/P1P1rRPP/1R4K1 b - - 5 28	0.5	anchor	0	0.0039397755146468654
ip-59df14fe4c356e85	6k1/1p1r1pp1/p1n4p/8/5PN1/P3R3/1P3PP1/6K1 w - - 0 28	0.5	anchor	0	0.0039397755146468654
ip-a88eaa1bedb7dd87	3r4/2p2pk1/pp3bpp/n7/4Pp2/1PP2NNP/P4PP1/4RK2 w - - 0 26	0.5	anchor	0	0.0039397755146468654
ip-c38b0684fbf06289	8/4K3/4Q3/8/6P1/6k1/8/8 w - - 4 81	0.5	anchor	1	0.0011366317073537072
ip-037d13b10b69c067	5qbk/8/1nB1p2p/3pPp1P/2pP1P1Q/2P1N3/7K/8 b - - 4 49	0.5	anchor	0	0.0039397755146468654
ip-a8d7fbd8560b8835	1r4k1/p3ppb1/3p2p1/q5Pp/Np2PP2/PP6/KP1Q3P/4R3 w - - 3 25	0.5	anchor	0	0.0039397755146468654
ip-5416343ae5ab25ec	3r2k1/p1q2pp1/P6p/4p3/4Nb2/3R2PP/5P2/3Q2K1 b - - 0 30	0.5	anchor	0	0.0039397755146468654
ip-663e9a98c300a0ef	1R6/1p2r1qk/2pQ2p1/2P2p2/1P2p2P/4P1P1/5PK1/8 w - - 26 54	0.5	anchor	0	0.0039397755146468654
ip-18bb0a14f02b9bfb	3r3k/1p4bp/p4Qp1/2Nq4/1P1p4/8/P4PPP/4R1K1 w - - 5 30	0.5	anchor	1	0.0011366317073537072
ip-881103d002a142f7	1rbb1rk1/5ppp/p1n2n2/1P2p3/2p1P3/N1P2P2/1P1N2PP/R1B1RBK1 b - - 0 15	0.5	anchor	0	0.0039397755146468654
ip-eb6327f7d28714dc	2kr4/1pp1b3/p1n5/7p/2N2pr1/2PP3R/PP4PB/R4K2 w - - 0 25	0.5	anchor	1	0.0011366317073537072
ip-14d621159fb54fcf	1r3r1k/p1p3p1/4p1B1/3p1p2/1P3P2/P5P1/4Kn1P/1R4R1 b - - 0 26	0.5	anchor	1	0.0011366317073537072
ip-9fba573ff3e9f4ac	1r4k1/pb3pp1/2p4p/2Rp4/1p1Pr3/P3P3/1P2NPPP/R5K1 b - - 0 20	0.5	anchor	0	0.0039397755146468654
ip-92079b4d10f58942	3r1k2/1r3pp1/1p2p2p/2b5/P1B3P1/1PB1P3/4KP2/7R w - - 29 46	0.5	anchor	1	0.0011366317073537072
ip-f339b630caa468b8	r6r/pbk1ppbp/2p3p1/8/8/1PN5/PBP2PPP/3R1RK1 w - - 2 16	0.5	anchor	1	0.0011366317073537072
ip-228e11aae3f47f61	r1bq1rk1/p4pp1/2pb1n1p/3p4/5B2/2NB1Q1P/PPP2PP1/R4RK1 w - - 2 13	0.0	anchor	0	0.0039397755146468654
ip-4750857627dfd72c	r2r2k1/p1p2ppp/4p3/3q4/Pp1Pn3/B1p2NP1/n3PP1P/RR1Q2K1 w - - 0 21	0.0	anchor	1	0.0011366317073537072
ip-db3d776f9c157d4c	2r3k1/p1r2pp1/1p2p2p/n7/P2P4/1qP2N2/2R2PPP/Q1R3K1 b - - 16 36	1.0	anchor	1	0.0011366317073537072
ip-4b16f408bf6f4ddd	3q1rk1/pp3pp1/3pbb1p/4n3/3Bn3/2P3P1/P1PNB2P/3RQRK1 b - - 4 20	1.0	anchor	1	0.0011366317073537072
ip-dfa66b91e4ee7e48	r1b1k2r/ppppq1pp/2n5/5p2/1bP5/2P2NP1/P1Q1PPBP/R1B1K2R b KQkq - 0 10	1.0	anchor	0	0.0039397755146468654
ip-1d43d60b5327dd8b	r2qk2r/pp1b3p/2nbp1p1/1B1p1p2/3P4/P3PNP1/1P1N1PP1/2RQK2R b Kkq - 4 14	1.0	anchor	0	0.0039397755146468654
ip-981f9ffdc320ce17	5b1r/5k2/p1q3p1/R1p2pP1/P1Pp1P2/3P1R2/1r1N1K2/3Q4 w - - 0 37	0.0	anchor	0	0.0039397755146468654
ip-910c47a9a173cba3	1r1q1b1r/p3pQp1/n1kpB2p/1p6/6P1/7P/PP1B4/R3K2R b KQ - 4 20	1.0	anchor	0	0.0039397755146468654
ip-8b3ad0ddd5e098fb	r1r2b2/1bqn1p1k/p2p1npp/1p1Pp3/PPp1P3/2P2N1P/2BB1PP1/R1Q1RNK1 b - - 2 21	1.0	anchor	0	0.0039397755146468654
ip-e1201c7ff34aa69f	1qr1rbk1/p4pp1/PpPp1n2/1P2p1Bp/7P/1P1Q2P1/5PBN/R5K1 b - - 0 32	1.0	anchor	0	0.0039397755146468654
ip-b7639979348d9e7c	r1bq1rk1/3pn1pp/p2Q1p2/4p3/RP2P3/4N1P1/2P2PBP/3R2K1 b - - 0 20	1.0	anchor	1	0.0011366317073537072
ip-674c8d6ac3666b06	r1bq1rk1/pp3ppp/2n1pn2/8/2BP4/P1N1B3/1P3PPP/R2Q1RK1 b - - 4 11	1.0	anchor	0	0.0039397755146468654
ip-249712f0617fdd62	r1b2r2/3nq1bk/1ppN2pp/2P2p2/1pBPp3/P7/3N1PPP/2RQR1K1 w - - 0 20	0.0	anchor	0	0.0039397755146468654
ip-132b38c4966852d6	2r1r1k1/1p3pp1/pqp2np1/3pP3/1P2n3/P3P2P/1BQ1NPP1/3RR1K1 b - - 0 19	1.0	anchor	0	0.0039397755146468654
ip-af0010b1dc8ef85e	r1b2rk1/ppq1pp1p/2n2bp1/2P5/2B5/2P1BN1P/PP3PP1/R2QK2R b KQ - 0 11	1.0	anchor	0	0.0039397755146468654
ip-4516af4098c0f44a	2rqr1k1/pp3pbp/2n1p1p1/2Pp1n2/1P1P4/P4N2/1BQ2PPP/3RRBK1 b - - 0 19	1.0	anchor	0	0.0039397755146468654
ip-46be0c18371e0775	r1bq1rk1/pp2p1bp/n1pp1np1/5p2/2PP4/1PN2NP1/PB2PPBP/R2Q1RK1 b - - 2 9	1.0	anchor	0	0.0039397755146468654
ip-f28833879bd0e59a	r1bqr1k1/ppp2ppp/1b1p1nn1/4p3/N1B1P3/P1PP1N1P/1P3PP1/R1BQR1K1 b - - 0 11	1.0	anchor	0	0.0039397755146468654
ip-1ea54ea8e1560e3d	r1bqk2r/pp1n1p2/4p2p/3p4/8/2NB2Q1/PPP3PP/R3R1K1 b kq - 0 16	1.0	anchor	1	0.0011366317073537072
ip-6f573a214d9dd7b4	rn1qkb1r/1p3pp1/p2pb3/3Pp2p/8/1N2BP2/PPP3PP/R2QKB1R b KQkq - 0 10	1.0	anchor	0	0.0039397755146468654
ip-6efbf3dd5c0c3268	r1r3k1/1b1nqppp/p4n2/1pPpp3/8/P2P1N2/1BQNBPPP/R4RK1 b - - 2 15	1.0	anchor	0	0.0039397755146468654
ip-238238893d9575d8	1b1qr1k1/pp3ppp/8/1N1p1b2/4n3/1P2PBP1/PB2QP1P/3R2K1 b - - 0 19	1.0	anchor	1	0.0011366317073537072
ip-70aede5c160acf80	r1b2rk1/pp1n1p1p/2p3p1/3P2P1/5B1P/2NQ1P2/PPP5/R3KBq1 b Q - 1 17	1.0	anchor	0	0.0039397755146468654
ip-49e7e099b5cdc35c	4r1k1/1bpq3p/p2p1p2/2p1r3/2P1p3/1P2R1P1/P2Q1PBP/3R2K1 w - - 2 28	0.0	anchor	1	0.0011366317073537072
ip-f248605a18974ff4	1rbqk1nr/4ppbp/2np2p1/1pp5/4P3/2NP2P1/1PP1NPBP/R1BQ1RK1 w k - 0 10	0.0	anchor	0	0.0039397755146468654
ip-b892d44b395c6bec	r2qr1k1/2pb1p2/p1p2bpp/2Pp4/B3P3/2N5/PP3PPP/R2QR1K1 w - - 0 16	0.0	anchor	1	0.0011366317073537072
ip-5b6bd62cf24d236b	2kr2r1/1pp4p/p1q5/2N1pp2/1P1n4/3P1p1P/P1P2PPK/R2Q2R1 w - - 0 26	0.0	anchor	1	0.0011366317073537072
ip-1daa16b047b01e15	r2q1rk1/pb1nbppp/1p1ppn2/2p5/2P1P3/1PNP1NP1/PB3PBP/R2Q1RK1 b - - 2 10	1.0	anchor	0	0.0039397755146468654
ip-57748c636981c36a	r1b2rk1/ppq2pbp/2np1np1/4p3/3PP3/2N2N1P/PPB2PP1/R1BQR1K1 b - - 2 11	1.0	anchor	0	0.0039397755146468654
ip-0014bf6ee8d5955e	2r1r3/1p2pp1k/p5p1/4Rb1p/3P1N2/2P3QP/q4PP1/2R3K1 b - - 3 24	1.0	anchor	0	0.0039397755146468654
ip-018b24e8f82abf04	rnbq1rk1/pp1p1pp1/3p3p/8/8/3B1N2/PPQ2PPP/R3R1K1 w - - 0 18	0.0	anchor	1	0.0011366317073537072
ip-e237ca8ad172d7cf	r7/1p2Rpk1/p1b4r/q6n/3p3P/2NB1P2/PPPQ4/2KR4 w - - 0 21	0.0	anchor	0	0.0039397755146468654
ip-67769cab454b6de7	2k3rr/p1n2Q1p/Pppbp3/8/2PP4/7P/1P1BqPP1/R4RK1 w - - 1 20	0.0	anchor	1	0.0011366317073537072
ip-e37ae49e1eee1008	r2q1rk1/pppbpp1p/2n2bpP/8/5Q2/2P2NP1/P2PPPB1/R1B1K2R b KQ - 4 12	1.0	anchor	0	0.0039397755146468654
ip-49066df190676bd5	1r1r2k1/2q1nbpp/3p1p2/4p3/pn2PPB1/2BR3Q/1PP3PP/1KNR4 w - - 0 24	0.0	anchor	0	0.0039397755146468654
ip-0ea26b261546561d	2rq1rk1/pb1pbppp/1pn1pn2/2p5/3P4/PP1BPN2/1BPN1PPP/R2Q1RK1 w - - 3 10	0.0	anchor	0	0.0039397755146468654
ip-9428becc255a7cf7	1qr3k1/p2B1p1p/1p2p1pb/8/3Pn3/1Q6/P1R2PPP/3R2K1 b - - 0 24	1.0	anchor	1	0.0011366317073537072
ip-4f0e88f3c3b96b4b	r2q1rk1/1Qpb1ppp/pb2pn2/3p4/3P1B2/N1P5/PP2PPPP/R3KB1R b KQ - 2 12	1.0	anchor	0	0.0039397755146468654
ip-acebf2d50fd5e7da	r1bqk2r/pp1p1ppp/n3pn2/2P5/2P5/P1Q5/1P2PPPP/R1B1KBNR b KQkq - 0 8	1.0	anchor	0	0.0039397755146468654
ip-aed87a7848fc7ec7	r1bq1rk1/pp2ppbp/2n2np1/3p4/3P1B2/2N2N1P/PPP1BPP1/R2Q1RK1 b - - 2 9	1.0	anchor	0	0.0039397755146468654
ip-974c6a234cd3bf20	4r1k1/pp1b3p/3qprp1/2ppRn2/7P/2PP2P1/PPQ2PB1/4RNK1 b - - 4 19	1.0	anchor	0	0.0039397755146468654
ip-7099245dfdd99bd8	2r2r2/1p5k/pQ2bq1p/7n/1P3p2/P5PP/5PBK/R3RN2 b - - 1 26	1.0	anchor	1	0.0011366317073537072
ip-e2e070cb2fadb1ff	r2qk2r/1pp2pp1/2n1bn1p/p1b1p3/4P3/2P2N1P/PPBNQPP1/R1B1K2R b KQkq - 0 11	1.0	anchor	0	0.0039397755146468654
ip-76b205033d956e3b	r3qrk1/1bBnbppp/p3p3/1p1p4/3P4/P2BPN1P/1P3PP1/2RQ1RK1 b - - 1 15	1.0	anchor	0	0.0039397755146468654
ip-aa62be3c2b2131c3	r1bqk2r/pp1nbppp/5n2/2pp4/3P4/1PN1PN2/P1Q1BPPP/R1B1K2R b KQkq - 1 9	1.0	anchor	0	0.0039397755146468654
ip-60df20191c8c5ae3	r1bq1rk1/1p2bppp/p1n2n2/3p4/3P1B2/2NB1N1P/PP3PP1/R2Q1RK1 b - - 3 11	1.0	anchor	0	0.0039397755146468654
ip-0592921702786c44	4r1k1/6bp/4ppp1/1q1n4/8/1P5P/3QRPP1/B3R1K1 b - - 1 32	1.0	anchor	1	0.0011366317073537072
ip-4873787f35c5d050	8/5kp1/2p2p2/pp1p2p1/3P2P1/P1P2P1P/1P2Q1K1/2q5 b - - 5 41	1.0	anchor	0	0.0039397755146468654
ip-aae45e28fc9247d9	2b5/2R3p1/4p3/4k3/3p4/2N3P1/5P1P/6K1 b - - 0 31	1.0	anchor	1	0.0011366317073537072
ip-e1e64f0e98330cf2	8/4rpk1/8/2R1p1p1/2n3P1/4P3/4KP2/3B4 b - - 9 45	1.0	anchor	0	0.0039397755146468654
ip-a6fbb7efcbd70702	5r2/7p/6p1/1PkB4/2P3PP/6K1/5P2/8 b - - 2 50	1.0	anchor	0	0.0039397755146468654
ip-5774ff677eba6294	6k1/1R3p1p/p5p1/1p6/5P2/6PP/r7/7K w - - 0 32	0.0	anchor	0	0.0039397755146468654
ip-7af6d09ccf557140	8/p7/Pp4p1/1N1p1k1p/r6P/2P5/1p3P2/4RK2 w - - 4 44	0.0	anchor	1	0.0011366317073537072
ip-b54e882085d3722b	2r5/2P3p1/3k3p/5p2/K1R5/P4PP1/6P1/8 b - - 0 41	1.0	anchor	1	0.0011366317073537072
ip-a3be318057b9baea	8/1R3pkp/4p1p1/1N1pr3/6P1/8/5PKP/8 b - - 1 37	1.0	anchor	0	0.0039397755146468654
ip-47f2cd46f292c04e	8/7P/3k4/1p1P2p1/pP3r2/P1R1KP2/8/8 b - - 2 66	1.0	anchor	1	0.0011366317073537072
ip-f0d639840d72a6b1	6k1/8/p5B1/1b3Rp1/1P4P1/5K2/1r6/8 b - - 11 54	1.0	anchor	0	0.0039397755146468654
ip-1e5d0b55d7cb5cdd	8/8/8/2kp1RP1/8/1P4K1/r7/8 b - - 0 48	1.0	anchor	1	0.0011366317073537072
ip-acf671228a1c155d	8/1p6/p1R5/P3pk2/1PR5/8/5rPK/8 b - - 0 53	1.0	anchor	0	0.0039397755146468654
ip-774c523a9bb0ef7a	8/pp3r2/4nkp1/3R4/6P1/2P5/PP4K1/8 w - - 0 54	0.0	anchor	0	0.0039397755146468654
ip-360742a97bd90e69	8/p4pk1/5p2/8/1P6/P4P1P/2N1nP2/7K b - - 0 34	1.0	anchor	0	0.0039397755146468654
ip-b3abcf2c08c81b28	7r/7P/5K2/p1p5/P6R/kB6/2P5/8 b - - 2 55	1.0	anchor	1	0.0011366317073537072
ip-8d45e829c32cf03a	7k/p5p1/7p/1Pp5/n1P5/P3B3/4K1PP/8 b - - 4 30	1.0	anchor	0	0.0039397755146468654
ip-db423635a0338080	1r4k1/R4bPp/1p6/5p2/8/2N5/PP3PP1/6K1 b - - 0 28	1.0	anchor	1	0.0011366317073537072
ip-1692955165091fc9	4k3/3n4/2p1p3/K3P2p/4P2P/6B1/8/8 b - - 6 45	1.0	anchor	0	0.0039397755146468654
ip-fa1ddbba77579a2e	8/p3b3/4k3/r5p1/4K3/4P3/P2RNP2/8 b - - 6 45	1.0	anchor	1	0.0011366317073537072
ip-3864ff84275bb4d3	2N2n2/5kp1/3P4/8/5P2/1nb5/8/5K2 w - - 0 41	0.0	anchor	1	0.0011366317073537072
ip-5b0b813d7a5f36fe	4k1r1/p3bp2/4b2p/1p6/4N3/1PPpBPP1/P6P/3RK3 b - - 0 30	1.0	anchor	1	0.0011366317073537072
ip-25429c50984b7dd0	6k1/3n1ppp/4p3/pN6/P4P2/2R3P1/4PKBP/r7 w - - 1 32	0.0	anchor	0	0.0039397755146468654
ip-02167b93530642d5	2k2r2/8/1p6/1p2p1P1/1N2P2P/r4pK1/5R2/8 w - - 0 45	0.0	anchor	0	0.0039397755146468654
ip-751d9e48b249191e	4r3/ppp3Bk/7p/8/1PK5/P6P/3R4/4r3 w - - 0 35	0.0	anchor	0	0.0039397755146468654
ip-3ae77e452a0ddd58	6k1/5p2/2N2p1p/r1Pp4/2b5/4P2P/5PP1/2R3K1 b - - 0 29	1.0	anchor	1	0.0011366317073537072
ip-e36ae79d7f82d266	1nr3k1/1b3pp1/p2Rp2p/Pp2P3/1Pp5/5NP1/4PPBP/6K1 w - - 1 24	0.0	anchor	0	0.0039397755146468654
ip-4fa19a2a53a2ef65	7r/2nb1p1P/3k4/p2p4/1ppP1N2/2P2P2/PPB2K2/6R1 b - - 0 40	1.0	anchor	1	0.0011366317073537072
ip-30d9989454b8ae31	3r4/8/4k1P1/4p1K1/8/8/3p4/3Q4 w - - 9 67	0.0	anchor	1	0.0011366317073537072
ip-9bf7ad481c62ec99	4qB1k/1p1b2rp/p4Q2/3Ppnp1/5p2/2R2P2/PP2B1PP/6K1 b - - 0 29	1.0	anchor	0	0.0039397755146468654
ip-b594766dd7cea2be	6k1/pp3pp1/1q5p/4Q3/2P5/1P4P1/P2r1P1P/4R1K1 w - - 1 27	0.0	anchor	0	0.0039397755146468654
ip-6c46ff824e7b1bf6	3r2k1/pp2r1pp/2p2q2/5p2/3P4/2PQPBP1/PP3K2/4R3 w - - 2 27	0.0	anchor	1	0.0011366317073537072
ip-b6a2f919baed1489	3r4/p1q2pk1/1p2pbp1/7p/1PP4P/1Q3BP1/P1R2P2/6K1 b - - 2 27	1.0	anchor	0	0.0039397755146468654
ip-b896f94db5feb6a9	6k1/2q2rb1/p3QR2/8/8/P7/1P6/K4R2 b - - 0 37	1.0	anchor	1	0.0011366317073537072
ip-22bee204e063b694	6k1/2q3p1/4pp1p/pp1b4/1n1PpP2/1P2P1NP/P2Q2P1/2N3K1 b - - 5 32	1.0	anchor	0	0.0039397755146468654
ip-92ddbb3f47c27cbd	6k1/5p1p/1pb1p3/4P3/1B1qnp2/P7/4B2P/4QK2 w - - 0 35	0.0	anchor	1	0.0011366317073537072
ip-3752887308c4e423	1Q6/6Q1/6B1/2pq4/2k5/6PP/5P1K/4r3 w - - 1 65	0.0	anchor	1	0.0011366317073537072
ip-849c7a6c4dd65a1f	6k1/p7/2p2qpQ/1p1p4/5P2/8/6PP/4R2K b - - 1 36	1.0	anchor	1	0.0011366317073537072
ip-b097596aeeaf2fc1	3r3k/p3q2p/1p6/2P5/4p2P/2P3P1/P2RQ2K/8 b - - 0 33	1.0	anchor	1	0.0011366317073537072
ip-4f25d42ce1673bf1	r5k1/P1qr1p2/4p2p/6pP/8/2P1Q1R1/5PP1/R5K1 w - - 16 40	0.0	anchor	0	0.0039397755146468654
ip-2377becce267f535	4kb1r/3rpppp/2p2n2/p5Nb/n1N1P3/3p1PP1/1P1B2BP/R2R3K b k - 1 19	1.0	anchor	0	0.0039397755146468654
ip-b623e78444eec773	5rk1/5pp1/3pb3/1N4np/2P1P1P1/3P3P/1r4BK/3R1R2 w - - 0 27	0.0	anchor	1	0.0011366317073537072
ip-f01ce51ef5eb1f38	r3k2r/pp3ppp/5n2/2nP4/8/2N2P2/PP4PP/3R1RK1 w kq - 1 18	0.0	anchor	1	0.0011366317073537072
ip-21dbfe1ae3ede1ea	4rrk1/pp1b1pp1/2pp3p/2b5/4PNnP/1BP3P1/P2N1P2/1R3R1K w - - 0 20	0.0	anchor	1	0.0011366317073537072
ip-1cb2d62508c33410	1k2r3/1ppr2p1/p2ppb1p/4n3/8/2PBB2P/PPP2PP1/1K1RR3 w - - 0 21	0.0	anchor	0	0.0039397755146468654
ip-11d1ad2a89106897	2r3k1/bp3p1p/p5p1/P7/1P1pr3/3N2P1/1P1R1P1P/3R1K2 w - - 1 30	0.0	anchor	1	0.0011366317073537072
ip-eccfded1ba238147	2r5/rb3p2/pk2p1p1/Rp1pP3/1P1N1P1p/2P2K1P/1P3RP1/8 w - - 17 37	0.0	anchor	0	0.0039397755146468654
ip-86bc178625629b52	1r4k1/5pb1/2pp2pp/p1N1p3/P1P1P3/2P1P1PP/1r4B1/1R3K2 w - - 0 32	0.0	anchor	1	0.0011366317073537072
ip-ed944025592d5564	6k1/p1rbpp1p/3p2p1/1p1P4/1P2P1n1/P5P1/1B1bNPBP/5RK1 w - - 0 21	0.0	anchor	0	0.0039397755146468654
ip-e1f33562e3fbfff0	3rk2r/pp3p1p/2n2p2/4p3/2B5/2P2P2/PP3P1P/R3K1R1 w Qk - 0 17	0.0	anchor	1	0.0011366317073537072
ip-284d104163724d5d	5r1r/pp2k3/2ppn3/4p1bP/2P5/3Q4/PP3P2/1K1R3R b - - 4 27	1.0	anchor	1	0.0011366317073537072
ip-d5ec1d68acc07e48	rn2k2r/pb2bppp/1qp1pn2/1p2N3/P2P4/1QN3P1/4PPBP/R1B2RK1 b kq - 0 11	0.0	anchor	1	0.0011366317073537072
ip-7469ee6eb68d303e	1rbqr1k1/2p1bpp1/2np1n1p/1p6/p2NP3/P1N1B2P/BPP2PP1/R2QR1K1 b - - 0 15	0.0	anchor	0	0.0039397755146468654
ip-7b9cd7dc72402ccd	r2q1rk1/1pp3pp/1nn1p3/4p3/p3P3/P2P1N2/1PPQ2PP/RN2K2R w KQ - 0 14	1.0	anchor	1	0.0011366317073537072
ip-854e79e94c720685	2r3k1/p1r2pbp/1q2p1p1/PP1p1n2/1P1P4/2B3P1/3QBP1P/2RR2K1 b - - 0 26	0.0	anchor	0	0.0039397755146468654
ip-b6ca13a4196675eb	3r1rk1/p3ppbp/1qn3p1/2p5/Qp2PPn1/2Pb1NP1/PP1N2BP/R1B1R2K b - - 10 17	0.0	anchor	0	0.0039397755146468654
ip-54d72a52888cfd26	r2q1k1r/pp3p2/3p2p1/3Np3/3nPPQ1/8/PPP5/2KR1B2 b - - 0 16	0.0	anchor	0	0.0039397755146468654
ip-30ef1fbeae945879	r1bq1rk1/2p3bp/3p4/p1pPpp1n/2P5/3BBP2/PPQ1N1PP/R4RK1 b - - 3 17	0.0	anchor	0	0.0039397755146468654
ip-d84b2aae0bd52c47	rn1qkb1r/pp1b1ppp/5n2/1B1p4/3NP3/5P2/PP4PP/RNBQ1RK1 b kq - 3 9	0.0	anchor	1	0.0011366317073537072
ip-ae9415077338a122	r1b1k2r/pp3ppp/1qn1p3/2bp2Bn/1P6/2P1PN2/P2N1PPP/R2QKB1R b KQkq - 0 9	0.0	anchor	0	0.0039397755146468654
ip-876396200639c2af	2rq1r1k/1p4pp/p2pB3/P2P2b1/2n5/4PP2/1PPB3P/R2Q1RK1 w - - 1 23	1.0	anchor	0	0.0039397755146468654
ip-b128bba018568ba1	1r3rk1/4b1pp/p1b1q3/3pP3/1ppP4/4BBP1/PP3RQP/4R1K1 b - - 7 22	0.0	anchor	0	0.0039397755146468654
ip-41a671417c3bae93	r4knr/bp1q2pp/p4p2/4pPBQ/3nN3/3B4/PP3PPP/R4RK1 w - - 2 15	1.0	anchor	0	0.0039397755146468654
ip-c00ccb00f722eda4	rq3rk1/p2bnpp1/Bb2p2p/1P1pP3/P6P/5N2/1B2QPP1/2R2K1R b - - 0 22	0.0	anchor	0	0.0039397755146468654
ip-bc96bcfe0134a0fe	3r1r1k/pp2b1p1/2n4p/3Npp1q/P4P2/1N4P1/1P6/R1BR1QK1 b - - 0 27	0.0	anchor	0	0.0039397755146468654
ip-a99ba37ded093b44	rnbqkb1r/p2p1ppp/1p2p3/3nP3/3P4/P4N2/1P3PPP/RNBQKB1R b KQkq - 0 7	0.0	anchor	0	0.0039397755146468654
ip-b50351d90315662a	2rq1rk1/1b2bppp/p1nppn2/1p6/4P3/PNN1BP2/1PP1B1PP/3RQRK1 b - - 4 13	0.0	anchor	0	0.0039397755146468654
ip-fdeb130dfc02e2b9	r1q2rk1/1b1p1p2/1p2pbpp/2n5/p1PN4/PPN1P1P1/2Q2PP1/1BRR2K1 w - - 0 19	1.0	anchor	0	0.0039397755146468654
ip-85e119b868f75b91	r1bqkb1r/pp1n1p1p/3p1pp1/1Bp5/4P3/1P1Q4/P1PP1PPP/RN2K1NR b KQkq - 1 7	0.0	anchor	0	0.0039397755146468654
ip-72ca62b6c068fdea	r1bqk2r/p4pp1/8/1pb1n3/2pnPN2/2QPB1P1/PP4B1/RN3RK1 b kq - 3 19	0.0	anchor	1	0.0011366317073537072
ip-206bae6acbcbe7b2	2k4r/pp3pp1/n1p1p3/4P2p/4Q2P/1P2P1q1/3r2P1/2R2RK1 b - - 3 26	0.0	anchor	1	0.0011366317073537072
ip-692478ca674c30b0	r4rk1/1p3p2/1qp3p1/p2n3p/P2P2b1/6P1/1PQ2PBP/R1B1R1K1 b - - 0 19	0.0	anchor	1	0.0011366317073537072
ip-953254de8defaa5f	r2qr1k1/pppn1ppp/2n5/4pbP1/1bP1N2P/3PP3/PB1NBP2/R2Q1K1R w - - 5 16	1.0	anchor	1	0.0011366317073537072
ip-2b068fd5b214d5a3	4q1rk/3n1bpp/2np1p2/1pp1pPP1/4P2P/2PP1BQ1/4N1R1/2B3K1 w - - 1 22	1.0	anchor	0	0.0039397755146468654
ip-b2df3073f5275c2b	4r2r/1p1b1pk1/2pp1qnp/p3p1nR/P2PP3/2P2PP1/1PBB2K1/R3N2Q b - - 2 34	0.0	anchor	0	0.0039397755146468654
ip-9ff566e03a5bf32c	r2r2k1/1p2qpp1/2pb3p/p6P/P3n3/1P1NPBP1/2Q1RPK1/3R4 b - - 6 35	0.0	anchor	0	0.0039397755146468654
ip-67c0e7b233d7eb2e	1r1qk2r/pp1n1pp1/2pb1n2/3pN3/3P1Pbp/1QN3P1/PP2P1BP/R1B2RK1 w k - 0 12	1.0	anchor	0	0.0039397755146468654
ip-c97fd0ac9a618ee5	r1bq1rk1/pppnppbp/3p1np1/8/2PPP3/2NB1N2/PP3PPP/R1BQ1RK1 b - - 4 7	0.0	anchor	0	0.0039397755146468654
ip-18df0dd770db450b	rnb2rk1/ppq2pbp/2pp1np1/4p3/3PP3/2PB1N1P/PP1N1PP1/R1BQR1K1 b - - 4 9	0.0	anchor	0	0.0039397755146468654
ip-1c42359b3ef90637	3r2k1/6pp/p1b1rpq1/3p4/1P1B1b2/P1NR4/2Q2PPP/5RK1 w - - 4 24	1.0	anchor	1	0.0011366317073537072
ip-7b990118421e7738	r4rk1/p1q2pp1/7p/2p1P1n1/1pQP1R2/4P2P/PP4PB/3N2K1 w - - 1 23	1.0	anchor	0	0.0039397755146468654
ip-efbec7f18db5ea52	r2qk2r/bpp3p1/p1nppn1p/4p3/PP2P3/N1PP1N2/5PPP/R1BQ1RK1 w kq - 0 11	1.0	anchor	0	0.0039397755146468654
ip-8a56ccd42bbfe5e7	4rr2/p1n3k1/5qp1/1pP3Np/1P2p2P/4RPP1/3Q2B1/6K1 w - - 0 31	1.0	anchor	1	0.0011366317073537072
ip-6076d7a02ab58f39	rn1q1rk1/ppp1bppp/1n1p4/7b/2PP4/3B1N1P/PP3PP1/RNBQ1RK1 w - - 1 10	1.0	anchor	0	0.0039397755146468654
ip-bc7baba44eb4cb89	r1br1knQ/1p4p1/q5P1/2bpPp2/p7/P7/BP2NPP1/3R1K1R w - - 5 30	1.0	anchor	1	0.0011366317073537072
ip-b4a0b05fedd6d86e	r1r3k1/1b1nqpb1/1pppp1pp/p7/P2PP3/N1P2N2/1PQ1BPPP/3RR1K1 w - - 4 16	1.0	anchor	0	0.0039397755146468654
ip-9b15240ff737aaef	5rk1/2nnppbp/r2p2pB/2pP4/1q2P3/2N2N1P/PP1Q1PP1/R4RK1 w - - 2 16	1.0	anchor	0	0.0039397755146468654
ip-45b0c195e9db0ae1	r2nk2r/pppqnpb1/4b1p1/3Np2p/2P1P3/3P2P1/PP2N1BP/R1BQ1RK1 w kq - 0 12	1.0	anchor	0	0.0039397755146468654
ip-f89824d3e1d5b15d	r3rnk1/1pbq1bp1/p1pn1p1p/3p4/3P1PPN/2NBP1BP/PPQ5/4RRK1 w - - 6 24	1.0	anchor	0	0.0039397755146468654
ip-db6fd211cc24bd76	r1b1r1k1/pp2bppp/1qp1pn2/2P5/3P4/5NP1/PPQ2PBP/R1B2RK1 b - - 0 13	0.0	anchor	0	0.0039397755146468654
ip-c3b971a62ebd0e19	r1bq1rk1/pp2bppp/8/3pPp2/3P4/8/PP1N1PPP/R1BQR1K1 b - - 0 12	0.0	anchor	1	0.0011366317073537072
ip-fd1c67797b00e854	r3qrk1/2p3pp/bp1bpn2/p2pNp2/P2P4/1PP2PP1/2Q1P1BP/R1B2RK1 w - - 2 18	1.0	anchor	0	0.0039397755146468654
ip-96490d0267aa6fbb	r4r2/4q1kp/2bn4/ppp2pP1/2P1pP1P/2N5/PPQ5/2K1RB1R w - - 0 22	1.0	anchor	1	0.0011366317073537072
ip-e0e4e3d3b6366dd7	4r3/1b1q1pk1/1p1b1n1p/1P1P4/7Q/P6P/5PP1/3RR1K1 b - - 0 28	0.0	anchor	1	0.0011366317073537072
ip-e14fd5cd36b2d4ac	K7/5q2/8/2Q5/8/4p3/6k1/8 b - - 31 85	0.0	anchor	1	0.0011366317073537072
ip-41fb0d22870dd19e	8/kp2P1pp/p2Q4/6P1/8/4q3/3p2K1/8 b - - 0 56	0.0	anchor	1	0.0011366317073537072
ip-ca573372c76cdf82	1k5r/p7/4p3/8/B4P2/4B3/1b6/6K1 b - - 0 36	0.0	anchor	1	0.0011366317073537072
ip-deef5e2b09e550db	8/6p1/6k1/1R2pp1p/P2b2n1/3N2P1/4K3/8 b - - 1 48	0.0	anchor	1	0.0011366317073537072
ip-d6a04cb1a2009592	2b5/7p/2p3p1/p1k1K3/Pp2P3/N1P3P1/7P/8 w - - 0 34	1.0	anchor	0	0.0039397755146468654
ip-ef2b4f5bd447b9f0	8/3k1p2/5R2/2P1K3/7P/1r2BPP1/4b3/8 w - - 7 58	1.0	anchor	0	0.0039397755146468654
ip-286fb3a7ec2fd5e4	8/3n3p/3k1B2/3p2P1/5K2/8/P5B1/8 w - - 7 52	1.0	anchor	0	0.0039397755146468654
ip-91f08a94f0c18c1b	8/8/8/3k4/p2Pp3/P1PbK3/3N4/8 w - - 0 52	1.0	anchor	0	0.0039397755146468654
ip-93ff444878412f7c	8/3bk3/8/2ppPB2/3P1P2/2p1K3/8/8 w - - 2 52	1.0	anchor	0	0.0039397755146468654
ip-ccc751e36ce11f1d	8/5kpp/8/1p2Bp2/1P1K4/P6P/2r5/8 b - - 3 36	0.0	anchor	0	0.0039397755146468654
ip-557ed3ec3d69eb0c	2B5/2K5/7r/3k4/8/8/8/4R3 w - - 19 71	1.0	anchor	0	0.0039397755146468654
ip-3d931a0a825ce153	8/1k6/1P3R2/4Kp1p/7P/6P1/8/5r2 b - - 6 59	0.0	anchor	1	0.0011366317073537072
ip-7e05e1091f543714	8/8/8/4n3/7k/1B3pp1/8/6K1 b - - 1 52	0.0	anchor	0	0.0039397755146468654
ip-7da6cb45cf29f3a9	2k5/1p3N2/p7/3n4/8/P5B1/1PP5/1K6 w - - 0 48	1.0	anchor	0	0.0039397755146468654
ip-45bf5397d85442f6	8/4R3/4P1pk/3p4/4r2P/6K1/8/8 w - - 2 58	1.0	anchor	0	0.0039397755146468654
ip-3810cf110ee090dc	8/1p5n/2p1k1p1/2P1p2P/1P5P/4K3/8/4B3 b - - 0 48	0.0	anchor	0	0.0039397755146468654
ip-5d7dbce8f59fb767	3k4/7R/8/PK6/1P6/8/7p/7r w - - 1 71	1.0	anchor	1	0.0011366317073537072
ip-f08d0b7cfeb7d9aa	8/p3p1k1/1p5b/8/4B3/1P2PN1P/n4K2/8 b - - 3 36	0.0	anchor	1	0.0011366317073537072
ip-1562f0a8fd484510	8/8/8/3bpk2/3b1p2/5P2/4K3/8 b - - 0 47	0.0	anchor	0	0.0039397755146468654
ip-29bc602fa8350894	8/8/2k3p1/P1p1b3/r3N3/3K3P/5B2/8 b - - 5 52	0.0	anchor	0	0.0039397755146468654
ip-99a570e3c7a646d7	8/p3n3/1p6/2pp1k2/P1P3p1/1P1NK1P1/5P2/8 b - - 0 34	0.0	anchor	0	0.0039397755146468654
ip-da207f073782a2f4	4k3/6p1/5p2/3KnP2/p7/B7/8/8 b - - 19 79	0.0	anchor	0	0.0039397755146468654
ip-ac64808fd1eb6aa9	5k2/5p2/5P2/4P3/3N1K2/3b4/8/8 w - - 1 46	1.0	anchor	0	0.0039397755146468654
ip-e36a4370c7754199	8/2R3p1/r4p1k/7p/8/5PBP/6PK/8 w - - 9 55	1.0	anchor	0	0.0039397755146468654
ip-edcae7748a8054a2	6k1/p4p2/1p2rPpp/2pRn3/8/2P3PP/P3PP2/2R3K1 w - - 0 28	1.0	anchor	0	0.0039397755146468654
ip-4de0598e831f051f	8/2p3bk/7p/2p5/p1P2N2/6P1/PP2RPKP/3r4 w - - 0 31	1.0	anchor	1	0.0011366317073537072
ip-33cb34041aaa3177	4k3/3n2p1/4N2b/2p2p1P/p1Pp4/Pp1P4/1P3PK1/3R4 w - - 2 46	1.0	anchor	1	0.0011366317073537072
ip-5147935c6d8628c5	4k3/p1rRr3/2P5/3Rp3/P3P3/8/6PP/6K1 w - - 5 42	1.0	anchor	1	0.0011366317073537072
ip-6be3da566dea5b97	1r6/6k1/5p1p/6rP/p4p2/P1P2B2/1PK3P1/5R2 w - - 3 37	1.0	anchor	0	0.0039397755146468654
ip-5ef90b4b905d535a	3R4/5ppp/kpbP4/p7/1p6/2p2P1P/P2r2PK/2R5 b - - 1 49	0.0	anchor	0	0.0039397755146468654
ip-7414f6f8bd481af5	7r/5p2/1p3k2/2p4b/P2b4/3R4/5PB1/6K1 b - - 1 44	0.0	anchor	0	0.0039397755146468654
ip-0b4c9343c5f84e41	6k1/5pp1/2p4p/1p6/P1n1P3/6P1/1r3PBP/2R3K1 b - - 0 36	0.0	anchor	1	0.0011366317073537072
ip-42b8ee3745d4134c	8/8/5kp1/5nn1/1P6/2P4p/5Q2/2K5 b - - 0 44	0.0	anchor	0	0.0039397755146468654
ip-aefbd6633cc5d420	8/6kp/2p3p1/3p4/8/4K3/q3b3/8 b - - 1 53	0.0	anchor	0	0.0039397755146468654
ip-3ff90b343ce9ab99	8/5k2/p3p3/6p1/1P6/P3R1P1/1q3P2/3R2K1 w - - 5 40	1.0	anchor	1	0.0011366317073537072
ip-9116fef87dc7138d	5bk1/1r3pp1/3pp2p/1p1q4/n2P1B2/2P4P/1PQN1PP1/R5K1 b - - 1 26	0.0	anchor	0	0.0039397755146468654
ip-f50275b9b38e6e57	3Q1qk1/6p1/1p6/1P5p/8/8/1K1R4/5N2 w - - 4 62	1.0	anchor	0	0.0039397755146468654
ip-47347cf1b68d8239	7k/p5p1/1p3b1p/2pQ3P/P3K3/1P1NP3/1rq5/5R2 b - - 14 50	0.0	anchor	1	0.0011366317073537072
ip-7377d6af16067f53	2r2n2/1p2k2B/p1b1p1P1/3p4/P2B1q2/1P5Q/7P/4R1K1 w - - 1 34	1.0	anchor	0	0.0039397755146468654
ip-36506d2b8a43db74	8/p4p1p/2R1p1pk/bP2Q3/P7/1q1r1PP1/3p1PKP/3R4 w - - 17 36	1.0	anchor	1	0.0011366317073537072
ip-1092f26dc2690147	3Q4/7k/1p3P2/1P2P3/8/5NKP/8/2q5 w - - 3 56	1.0	anchor	1	0.0011366317073537072
ip-a15754a47f57bf34	6k1/1b6/p2Q4/1p4p1/2pP4/2P1P3/PPB2q1P/2K5 b - - 4 37	0.0	anchor	0	0.0039397755146468654
ip-c80cef9bd95c76d4	q5k1/p4pp1/4p2p/6bP/Q5N1/P7/1PPr1PP1/1K4R1 w - - 7 34	1.0	anchor	1	0.0011366317073537072
ip-6ea07198d3733c4a	4r1k1/pp1b1ppp/8/3N2P1/1P5Q/3RPP2/q6P/3K3R b - - 1 24	0.0	anchor	0	0.0039397755146468654
ip-638d94e6f9e2b827	8/6kp/6p1/3P4/4p2P/2RQ2P1/4N1K1/4q3 w - - 0 42	1.0	anchor	0	0.0039397755146468654
ip-e164eecd94c59108	3q2k1/1pp2pb1/p1n3pp/8/4Q3/1PP1NN1P/1P3PP1/6K1 b - - 0 35	0.0	anchor	0	0.0039397755146468654
ip-2d7a55106d9609ea	2k1r3/pp2qp2/3R4/P1N4p/1P5P/2P1n1P1/3Q2P1/6K1 b - - 7 34	0.0	anchor	1	0.0011366317073537072
ip-2a58ec6869f2b54f	8/3q2pk/2r4p/3p1P2/1Q1Pp3/7P/6PK/8 b - - 2 48	0.0	anchor	1	0.0011366317073537072
ip-da8c24a5f468c79b	rn2kb1r/pp3p1p/1np1pp2/4N3/2PP4/8/PP1N1PPP/R1B1K2R w KQkq - 0 12	1.0	anchor	1	0.0011366317073537072
ip-2375196a68d75a5e	4rbk1/1pr3pb/2p4p/2Bpp3/pP4B1/P2PP2P/5PP1/2RR2K1 w - - 4 27	1.0	anchor	0	0.0039397755146468654
ip-049ea232cdeb8702	5r2/2p3kp/2bp1p2/p1p1r3/2P1pR2/1P2P1PB/P6P/5RK1 b - - 7 35	0.0	anchor	1	0.0011366317073537072
ip-a4079b32d59cade5	1r4k1/1N2bpp1/p3r1b1/B7/6Pp/2RnP2P/5PB1/2R3K1 w - - 1 32	1.0	anchor	1	0.0011366317073537072
ip-2bd8dc50240934b6	3rn3/2pn1p1k/1p1r2pp/p3p3/P3P2P/2PRBP1P/1P3K2/3R1N2 b - - 0 35	0.0	anchor	1	0.0011366317073537072
ip-7770bb12dcfd9c6d	5R2/6N1/3n1b2/p2r2k1/8/5R2/4K3/8 w - - 2 45	1.0	anchor	1	0.0011366317073537072
ip-d73c07a25d341d54	r1b3k1/pp3p1p/3P1np1/1BP1r3/3R4/8/PP3PPP/3R2K1 w - - 1 21	1.0	anchor	0	0.0039397755146468654
ip-858085ab3555288b	8/2k2p2/3p1p1r/1Pb1pP1P/2P1P3/6r1/2K1B2R/1R6 w - - 13 49	1.0	anchor	1	0.0011366317073537072
ip-c8e581cd138c701c	2kr1r2/1p6/p4n1p/2p1n3/2Ppp1p1/1P1P2P1/P4PNP/2RRNK2 b - - 5 27	0.0	anchor	0	0.0039397755146468654
ip-a4c8c5698340c50f	r3brk1/5ppp/p4b2/3P4/2P2B2/2Nn1N2/PP3PPP/R3R1K1 w - - 1 24	1.0	anchor	1	0.0011366317073537072
ip-b87e41cdfa0f7bad	1k1r3r/6pp/2Q1p3/3p4/5b2/2P4P/5PP1/5BK1 w - - 0 28	1.0	anchor	1	0.0011366317073537072
ip-72885b6c9c4d3195	1rr4k/p5b1/2Q4p/8/3P4/8/PP1B1PP1/R5K1 w - - 3 29	1.0	anchor	1	0.0011366317073537072
ip-c7bb4188e51fc9b7	r2r4/p3kp2/4p1p1/2pb3p/7P/1PP2P2/P1B2KP1/3RR3 b - - 0 30	0.0	enriched	1	0.0011366317073537072
ip-fea951f66ab12305	2k5/1pp2p2/4p3/5n2/1PP2bP1/P4N2/2K2B2/8 b - - 2 34	0.5	enriched	1	0.0011366317073537072
ip-bf7879298788c94b	1R6/3q1pkn/p1p3p1/8/1QP1p1b1/4PnP1/5P2/5B1K w - - 4 46	0.0	enriched	1	0.0011366317073537072
ip-74f7a76fd6d2e204	5rk1/6p1/1p1qpr1p/2b2b1B/2Pp4/3P4/2P2RPP/2B1QRK1 b - - 13 37	1.0	enriched	1	0.0011366317073537072
ip-9ff2444ea7afe3c6	5rk1/p2bp1bp/1p1q2n1/2p4Q/4B1p1/2PPB3/PP2N1N1/R5K1 b - - 8 27	1.0	enriched	1	0.0011366317073537072
ip-0b9579ef77862590	8/8/6pk/7p/4RKnP/P5P1/r7/8 b - - 0 60	0.5	enriched	1	0.0011366317073537072
ip-ccd277d018b91e4a	r2q1rk1/pb3ppp/B1nbpn2/8/Q2P4/B3PN2/5PPP/RN3RK1 b - - 8 13	0.5	enriched	1	0.0011366317073537072
ip-cc04f7f17dd4961b	r7/2q2pk1/p4Rp1/1p2R2p/P2p2NQ/1b1P3P/6PK/2r5 w - - 4 42	0.0	enriched	1	0.0011366317073537072
ip-9a8a4164f648ca68	8/r6k/2RP4/6Bp/2P2K1P/5P2/8/8 w - - 1 53	1.0	enriched	1	0.0011366317073537072
ip-04a7b1fb5d4307ca	2b4r/1p4p1/p3pk2/P1Np1n2/3P1q1p/3R3Q/1P3PP1/4R1K1 b - - 3 33	1.0	enriched	1	0.0011366317073537072
ip-cb3126b1af7228ad	8/8/b2p3p/3P3P/p1kB4/3nK1R1/r7/6R1 w - - 2 50	1.0	enriched	1	0.0011366317073537072
ip-ad44f2bc86288cea	b1r2bk1/p2q1r1p/2pp1pp1/N1p5/Q7/2PPR1B1/PP3PPP/3R2K1 w - - 12 22	1.0	enriched	1	0.0011366317073537072
ip-8f42aff570bba74e	r3k2r/1pq1nppp/p3P3/2bpP3/3p4/3B3P/PPPP2P1/R1BQ1RK1 b kq - 0 13	1.0	enriched	1	0.0011366317073537072
ip-ddc46ed0e886c50e	rnb1kb1r/1p3pp1/p3pn1p/4P3/3N3B/q1N5/P1PQ2PP/1R2KB1R b Kkq - 0 12	1.0	enriched	1	0.0011366317073537072
ip-3b5fdbc7af476144	2r5/pp5p/2b1k3/1n2pp2/8/2N1NP2/PP2RKPP/8 w - - 4 25	0.5	enriched	1	0.0011366317073537072
ip-082f8069837715b2	1k1r3r/Nnpq1p2/1p1p2p1/3P4/2P2P2/1P6/PQ4pP/R4RK1 w - - 5 26	0.5	enriched	1	0.0011366317073537072
ip-935a6c0f99d35deb	r3k2r/p4pp1/2q1p3/2bn3p/6Q1/2P5/1P3PPP/RNB2RK1 w kq - 0 18	0.5	enriched	1	0.0011366317073537072
ip-267317f6418e09de	r6k/4p3/4R3/p4pNp/8/2n5/P5PP/6K1 w - - 0 31	0.0	enriched	1	0.0011366317073537072
ip-ffb81561a9d58f39	R7/3r4/8/8/4K3/5p2/4k3/8 b - - 6 77	0.0	enriched	1	0.0011366317073537072
ip-3bf8f23c5d8a9f60	6Q1/k4K1R/5P2/8/8/8/8/8 b - - 10 83	1.0	enriched	1	0.0011366317073537072
ip-85b69219c2105c6a	3N2k1/3r1p1p/4p3/4K3/8/8/8/8 w - - 0 39	0.0	enriched	1	0.0011366317073537072
ip-a4473ef6470b4c8c	r5k1/8/4pbp1/1pp2b1p/2B1pB1P/2P3P1/PP3P2/3R2K1 w - - 0 23	1.0	enriched	1	0.0011366317073537072
ip-b501972b54728488	4r1k1/7p/5p2/1n2p3/R5P1/7P/3B1PK1/8 w - - 0 41	0.5	enriched	1	0.0011366317073537072
ip-f54498c2014b9b71	R7/8/8/2K5/5k2/4p3/5r2/8 w - - 2 81	1.0	enriched	1	0.0011366317073537072
ip-2eede6c0a22f7a6c	6q1/r6k/4P1p1/3pPpQp/5N1P/3P2P1/6PK/1R6 b - - 0 47	1.0	enriched	1	0.0011366317073537072
ip-2b39fc8865bd23e3	4rrk1/2b4p/2p3p1/1p1pP3/3P1q2/2P4P/2Q1R1BP/R5K1 w - - 1 32	1.0	enriched	1	0.0011366317073537072
ip-c7f075aa111921cd	5b2/p3r3/8/R1Np1k2/3P1B2/P7/2b2PK1/8 w - - 1 55	1.0	enriched	1	0.0011366317073537072
ip-38ebc99603f94616	2r3k1/p4ppp/2B5/1P4b1/1P6/2p5/5PKP/3R4 w - - 1 30	0.0	enriched	1	0.0011366317073537072
ip-f2525d64f9119afb	1R6/5p2/6k1/5r1p/8/6P1/6K1/8 b - - 3 81	0.0	enriched	1	0.0011366317073537072
ip-5d2f83b010e97c91	6k1/p3bp1p/B3p3/4P1p1/np2P3/P3B2P/2r3P1/3R2K1 w - - 0 34	0.0	enriched	1	0.0011366317073537072
ip-358d19d4c8adda7d	2Q2nk1/3P1pp1/7p/8/3P3P/r1nB2PK/8/8 b - - 0 51	1.0	enriched	1	0.0011366317073537072
ip-6e9879acf93ba11a	r4rk1/5pp1/1q2p2p/p2nB3/1p1P4/1PpQP3/R4PPP/R5K1 w - - 1 23	0.0	enriched	1	0.0011366317073537072
ip-01517c7d969c000c	4r1k1/1pq4p/pnp1p1p1/8/2Pr1Pn1/BPN3P1/P1Q3BP/4R1K1 w - - 0 25	0.0	enriched	1	0.0011366317073537072
ip-83758d60770b7354	8/pkb2p1p/2p2Qb1/1p1P4/1KP2p2/1P3N2/P3R1PP/2q5 b - - 0 31	0.0	enriched	1	0.0011366317073537072
ip-6a88d566df46b5d2	2kr1b1r/p1p5/2b2p1p/Q3pq2/4Np2/3P1N2/PPP2PPP/R4RK1 w - - 0 17	0.0	enriched	1	0.0011366317073537072
ip-1f458639bb31da73	8/5ppk/1Np4p/1p6/4n3/PP1QP2P/5qPK/8 b - - 3 31	0.0	enriched	1	0.0011366317073537072
ip-7755b8ee3a0ec748	2r3k1/5p1p/6p1/8/5P2/1b2N1P1/1p3K1P/1R6 b - - 1 37	1.0	enriched	1	0.0011366317073537072
ip-acf44c63bd857ecc	4R3/p1pR1pkp/4p3/p3Pp2/5P2/2r3P1/P3K2P/1r6 b - - 11 35	0.0	enriched	1	0.0011366317073537072
ip-9a28a56a8084560d	2rB1rk1/1p3p2/p2p3p/Pb1Pp3/2n1p1P1/1N6/1PP2P1P/R3R1K1 w - - 0 22	0.5	enriched	1	0.0011366317073537072
ip-da89b1496f74b33d	8/5p1p/1R2bk2/1p5P/5N2/4KP2/r5P1/8 b - - 8 49	0.5	enriched	1	0.0011366317073537072
ip-29f477c1146241eb	2r3k1/5bpp/8/1BPp4/P2Npr1n/8/2R3PP/2R3K1 w - - 0 33	1.0	enriched	1	0.0011366317073537072
ip-52a8e86682f815a8	1r6/p2pk2p/2b2Rp1/2p3P1/2P5/1P4K1/P3B2P/8 b - - 0 35	0.0	enriched	1	0.0011366317073537072
ip-2c50bf9c098fc551	8/8/8/1PR5/2p2kp1/7P/2r3P1/7K w - - 0 45	0.0	enriched	1	0.0011366317073537072
ip-36aba77dabb32e50	8/8/2p3Rp/p6P/P3K1Pk/1r6/8/8 w - - 0 58	1.0	enriched	1	0.0011366317073537072
ip-4503887d04b53e4c	r5k1/rp3ppp/4pn2/1NP5/1P6/P5Pq/1Q3P1P/3RR1K1 b - - 7 24	0.0	enriched	1	0.0011366317073537072
ip-c05c2a871f4ad892	rn1q2k1/p3P1r1/2p5/3Pp1pp/pP2P1n1/B2R1RP1/P2N3P/5QK1 b - - 0 27	1.0	enriched	1	0.0011366317073537072
ip-ae170a907ba583a1	3N2kb/3q3p/p2p2pP/2pP1p2/1rP4Q/4B3/P3NPK1/8 w - - 6 33	1.0	enriched	1	0.0011366317073537072
ip-53724b4bebb197f3	8/3k4/3P4/8/5r1p/3R3P/5PK1/8 w - - 1 56	0.5	enriched	1	0.0011366317073537072
ip-61c8a6e322cea21d	8/6pk/5p1p/4p3/1p1qP3/1Q1P2P1/4KP1P/8 w - - 0 39	0.5	enriched	1	0.0011366317073537072
ip-3e8ae071ea4bdcf1	1k1r4/p7/1p1b4/2p1pQR1/2B5/1P2P3/P4P2/1KB4q b - - 2 31	1.0	enriched	1	0.0011366317073537072
ip-767d1c0116ed2ba4	3r1rk1/p1p1nppp/1pn5/5q2/3P4/1QN1B3/PP3PPP/3R1RK1 b - - 1 16	0.0	enriched	1	0.0011366317073537072
ip-1a28e377303042b4	5R2/1p1r3k/2n5/3pp1Qp/4P3/2P4P/1q3PP1/6K1 w - - 0 34	1.0	enriched	1	0.0011366317073537072
ip-b0336204030e957f	8/1NR1bppk/p3r1b1/8/6Pp/2BnP2P/5PB1/6K1 w - - 5 36	1.0	enriched	1	0.0011366317073537072
ip-0cb4ca72f1127dfc	4r1k1/3b3p/3r1qp1/p1RP4/Pp6/1P4P1/3Q1PB1/4R1K1 b - - 4 36	1.0	enriched	1	0.0011366317073537072
ip-08554ef7e1c57e1a	8/8/6k1/4P3/4P3/8/5P1P/q5NK w - - 0 39	0.0	enriched	1	0.0011366317073537072
ip-ba93fb66131754e3	1r6/1P6/6k1/6p1/P3R3/1P2P1P1/5K2/2r5 w - - 1 42	0.0	enriched	1	0.0011366317073537072
ip-1cef2bc8da5bdd9b	r7/PR1n2kp/2p1b3/3pq1p1/1Q3p2/2NPbB1P/4N2K/1R6 w - - 2 29	1.0	enriched	1	0.0011366317073537072
ip-1374cc117ace1fe5	2R5/5kpp/2p2p2/1p1n4/3B4/r1P2P2/5P1P/6K1 w - - 0 27	0.0	enriched	1	0.0011366317073537072
ip-df0d745b0a377f50	7R/8/8/P5r1/2K5/2P3kp/1P6/8 b - - 0 48	0.5	enriched	1	0.0011366317073537072
ip-774953e5427584ce	8/8/1p6/8/8/2k5/1p6/1K6 b - - 1 85	0.0	enriched	1	0.0011366317073537072
ip-a83ad6bb900c6c93	2KQq3/1P6/8/5k2/8/8/8/8 b - - 17 77	1.0	enriched	1	0.0011366317073537072
ip-d2ebd073f64c1aad	4r1k1/5p1p/2q2bP1/2p1p3/p1Pr4/7P/PPR1BQPK/1R6 b - - 0 35	0.0	enriched	1	0.0011366317073537072
ip-fd3e72d6d5a79e99	2R5/5p2/3k2pp/1p6/2b2P2/4P3/5KP1/8 b - - 4 53	0.5	enriched	1	0.0011366317073537072
ip-03ab4527b22365b2	r1b1r1k1/pp3p2/5Qp1/3pP3/2pP4/P1P5/5PPP/R4RK1 w - - 0 29	1.0	enriched	1	0.0011366317073537072
ip-6ce2c7f19f931c30	6k1/1p1r1pp1/p2N3p/P2P4/1nP1NP2/7P/6PK/8 w - - 0 35	0.0	enriched	1	0.0011366317073537072
ip-2ccde35251bb1f44	5r1k/p5R1/4P2p/2p5/6p1/2B5/P6P/6K1 b - - 0 40	1.0	enriched	1	0.0011366317073537072
ip-d417569c5718ddf6	r3k2r/1p3p1p/2pn1pb1/3p4/p2P2PN/P1R1PP2/1P1KB2P/7R b kq - 0 18	1.0	enriched	1	0.0011366317073537072
ip-12efde3c7c877b48	r4r1k/1pq3pp/pn1b1p2/4p3/4P3/P3B1Q1/1PPRB1PP/2K3R1 b - - 1 21	1.0	enriched	1	0.0011366317073537072
ip-4efa292e84dee07d	3k2nr/3npp1p/R2p2p1/8/2P5/4PP2/1P5P/4K2R b K - 0 19	1.0	enriched	1	0.0011366317073537072
ip-cf0f2694744621c2	2b1r1k1/R2n2p1/2p2q1p/1p1p1p2/1P1Pn3/3BPN1P/2Q1NPP1/6K1 b - - 3 21	1.0	enriched	1	0.0011366317073537072
ip-ac39dd6fe5c46fea	3r4/pkp5/1p6/3p2p1/3P1q2/2P2NR1/PP2R1K1/8 b - - 1 31	0.0	enriched	1	0.0011366317073537072
ip-1f6d6e42c82f89b6	8/4kp2/4p1p1/r2p3p/P2n1P1P/R2P2P1/5K2/3B4 b - - 2 44	1.0	enriched	1	0.0011366317073537072
ip-128cab18a756367f	2r5/8/4k2B/4p3/P7/2p5/2K5/3R4 w - - 1 47	1.0	enriched	1	0.0011366317073537072
ip-5b755d660a416e4a	2kr4/pb1n1pp1/2pP1b1r/4P2n/1P1B3P/5N2/1PPQ1P2/qNKR1BR1 b - - 0 18	1.0	enriched	1	0.0011366317073537072
ip-a9cff56b344b315c	br4r1/4k2p/pp2p3/4p3/2PnP3/1P2KB2/P3N2P/2RR4 b - - 3 29	0.5	enriched	1	0.0011366317073537072
ip-389fa368d8fe193a	7r/5pk1/P4np1/1B5p/1Q5P/4B3/6P1/b3K3 b - - 0 25	1.0	enriched	1	0.0011366317073537072
ip-31421b98cf0bf894	8/B4p2/2p1n1k1/3p2p1/3P1PP1/1P4K1/2n1N3/8 b - - 0 44	0.0	enriched	1	0.0011366317073537072
ip-35bf30e735c3d810	r4bk1/5p2/4bp1p/pp2p3/4P3/1PP1NN1P/5PP1/R4K2 w - - 2 27	0.0	enriched	1	0.0011366317073537072
ip-60b014422296ff29	1r4k1/5p2/4pP1p/1p6/1n2B3/P5PN/7P/7K b - - 0 36	0.0	enriched	1	0.0011366317073537072
ip-f38395282aaf8d54	8/4p1kp/6p1/p4p2/Br6/7P/R4PP1/5K2 w - - 0 37	0.0	enriched	1	0.0011366317073537072
ip-2ed08746e9f9df4b	2r5/R7/4n1pk/2p1p2p/2P1N2P/3r2P1/R4PK1/8 b - - 0 38	0.5	enriched	1	0.0011366317073537072
ip-4c866cd0fc3b2d0b	r2r2k1/1p1nq2p/2pp2p1/p3p3/1PP1P3/P5PP/1Q2N1B1/3R1RK1 b - - 0 23	0.0	enriched	1	0.0011366317073537072
ip-078f69eff63c13bd	2r5/3q1pk1/6p1/3nRpQp/3P3P/2r2N2/5PP1/4R1K1 w - - 11 44	0.5	enriched	1	0.0011366317073537072
ip-c98aa3e1db221559	r2r2k1/1p1q1ppp/p7/3b4/1b1NQ3/4PB1P/1P3PP1/R4RK1 w - - 1 25	0.0	enriched	1	0.0011366317073537072
ip-8f796e42d8a0330a	6k1/1pr2p1p/p5p1/Pb1p4/1bN2PP1/1P1BP2P/4K3/R7 w - - 0 32	0.0	enriched	1	0.0011366317073537072
ip-eeca923877405760	r5k1/1pp3p1/p2pPn2/6p1/2P1B1P1/7P/PP6/4R1K1 b - - 0 26	0.0	enriched	1	0.0011366317073537072
ip-58825da8b9c13850	8/1p1k4/p2p1p2/P1pP1Kb1/2N3P1/2P4p/1P3R1P/4r3 b - - 0 33	1.0	enriched	1	0.0011366317073537072
ip-1263aed0a84dc34a	R7/8/8/4n3/1p2k3/1P3pK1/P1n5/8 w - - 2 57	0.0	enriched	1	0.0011366317073537072
ip-cbfeb4258857eea4	8/5qkp/p2Q2p1/4p3/p7/8/1PP4P/1K6 b - - 0 39	0.0	enriched	1	0.0011366317073537072
ip-bd6bd025255082fb	1r4k1/Rb1p2pp/3Pp3/1PBn2P1/8/5pPB/3P1P1K/8 b - - 0 37	1.0	enriched	1	0.0011366317073537072
ip-0439b01dec508413	r3r1k1/p2b1p2/1p4pp/2np4/3N4/2P2P2/PPB2KPP/R3R3 b - - 1 22	1.0	enriched	1	0.0011366317073537072
ip-9a98738ea463e565	8/p3kp2/2p4p/1p3K1P/2PP1P2/8/P7/8 w - - 0 33	1.0	enriched	1	0.0011366317073537072
ip-6d36ffe27a473639	5Q2/8/4p3/6p1/2p1k2p/2Pq3P/5PK1/8 w - - 2 52	0.0	enriched	1	0.0011366317073537072
ip-acc7e5364e4e9ed5	1r4k1/2r2ppp/3Bb3/4p3/2p1P3/4P3/1P2B1PP/2R3K1 b - - 1 24	1.0	enriched	1	0.0011366317073537072
ip-bd569afea767c040	2b5/4k3/6B1/1p3P2/1P2KP2/2r5/3R4/8 w - - 1 66	0.5	enriched	1	0.0011366317073537072
ip-9c458e75ef7b9a51	r7/2p3b1/p1npP1k1/np4p1/3P4/2N5/PP3PPP/R4RK1 w - - 1 26	1.0	enriched	1	0.0011366317073537072
ip-bbef26bb5394dec9	2k4r/5p1p/pp1p2p1/8/5P2/8/PPP3PP/2K1R3 b - - 1 22	0.0	enriched	1	0.0011366317073537072
ip-1e8fb65fcd8df7c7	6k1/1q5p/pp2p1p1/8/2P5/4QP1P/P5P1/6K1 w - - 0 40	1.0	enriched	1	0.0011366317073537072
ip-9241d8d4c3feeb8a	r1b1k2r/p1p3bp/2p3p1/3qPp2/8/2pP2Q1/P1P1N1PP/R1B2RK1 w kq - 4 14	1.0	enriched	1	0.0011366317073537072
ip-6d31f90f5b8a1378	8/3k4/7R/p5p1/rp1KP3/5P2/8/8 w - - 2 44	0.0	enriched	1	0.0011366317073537072
ip-193cc3ded0cf8c73	8/8/5k2/8/3P1r1p/3R3P/5PK1/8 w - - 3 54	0.5	enriched	1	0.0011366317073537072
ip-b08338ec09cb6772	6k1/1b3pp1/7p/7N/8/4r2P/1P4P1/5RK1 w - - 0 38	1.0	enriched	1	0.0011366317073537072
ip-de48bf29e185261b	5r1k/3n1qp1/2Q1R2p/p7/7N/7P/5PP1/7K b - - 0 34	1.0	enriched	1	0.0011366317073537072
ip-0022932a380476ba	8/p6k/5Q2/5N1p/P5p1/3P4/2P2P1K/3q4 b - - 2 53	1.0	enriched	1	0.0011366317073537072
ip-50fc241f6d22bb54	6k1/ppp2ppp/6B1/8/1PpP3P/P5Q1/1B1n1PPK/4q3 b - - 2 24	0.0	enriched	1	0.0011366317073537072
ip-6bde13bae2a75799	6k1/1R4p1/8/4prP1/5P1P/r1b5/6K1/5R2 w - - 0 33	0.0	enriched	1	0.0011366317073537072
ip-224250589cc5052b	2r1k3/r4p2/p2Rp1p1/b1ppP2p/N4P2/2P5/1P4PP/R4K2 w - - 0 36	0.0	enriched	1	0.0011366317073537072
ip-a4445eca0fa76184	5rk1/1qr2ppp/2n1p3/p2pP3/R4PP1/1P1Q4/P4B1P/3R2K1 w - - 2 30	0.0	enriched	1	0.0011366317073537072
ip-270502bd3cecc92a	r1bq1rk1/p3p1bp/2n3pn/3pPp2/R4P2/2PB1N2/1P4PP/1NB1QR1K b - - 0 13	0.5	enriched	1	0.0011366317073537072
ip-64591fd48e55551e	r7/5pk1/2R2Np1/2b4p/4PBB1/p7/P5K1/8 b - - 0 46	1.0	enriched	1	0.0011366317073537072
ip-a300ee4ff6bae02e	8/4bk1p/4p1p1/5P2/2BBP1P1/5K2/8/8 b - - 0 41	1.0	enriched	1	0.0011366317073537072
ip-ac4ae2cd51b43e06	8/5k2/8/2Rp1p1p/5P1P/7r/5K2/8 b - - 1 55	0.0	enriched	1	0.0011366317073537072
ip-29024cc932a5c0d0	rr4k1/1p1q2b1/3Nb1pp/1PPp4/4p3/1Q4P1/4PPBP/1R3RK1 w - - 0 24	1.0	enriched	1	0.0011366317073537072
ip-91ffeb339ca010ef	8/5p1p/2k1p3/5r2/p1P5/2BK2P1/R6P/3b4 w - - 7 44	0.0	enriched	1	0.0011366317073537072
ip-363af48c45ae3f1e	6k1/1n3ppp/q3r3/8/PpNpPp2/1P4P1/2Q3KP/3R4 w - - 0 35	1.0	enriched	1	0.0011366317073537072
ip-5d1f898ae3df4d1a	3qk1r1/pp1bppbp/3p1p2/4P2Q/2r1P3/1NN3P1/PPP4P/R3K2R w KQ - 0 15	0.0	enriched	1	0.0011366317073537072
ip-7879451e7897b565	r1b4k/6p1/p1p1pr1p/qp6/2P5/P4P1N/1PQ3PP/2KR3R w - - 0 19	1.0	enriched	1	0.0011366317073537072
ip-80e1fffa6cea5d3c	r4rk1/2p4p/1p2p3/p2PPp1q/2P1n1p1/P3Q3/1B4PP/4RRK1 b - - 0 25	0.0	enriched	1	0.0011366317073537072
ip-b562fcc28de09ad3	7k/8/2p5/R1nn3p/p6P/8/r7/4K3 b - - 1 39	0.0	enriched	1	0.0011366317073537072
ip-29cc79d137f54a39	6k1/p5pp/5p2/4pN2/4Kn1P/6r1/5P2/8 b - - 1 33	0.0	enriched	1	0.0011366317073537072
ip-c45f0200c55a6841	r4rk1/pp2ppbp/2q2np1/2P5/2Q5/6P1/PB1P1P1P/RN3RK1 b - - 4 16	1.0	enriched	1	0.0011366317073537072
ip-03f610280cc462a3	r1bk4/pp3r1p/n2B1p2/1Np5/2P5/3P4/P1K3PP/4RR2 b - - 1 26	1.0	enriched	1	0.0011366317073537072
ip-85ce3d86826f69e0	6k1/5p2/6p1/7r/6KP/8/3Q4/8 b - - 36 76	1.0	enriched	1	0.0011366317073537072
ip-ed1697de4aa094b0	4rb2/2pR4/1p2p1k1/p1p1P1B1/P1P1K1P1/1P6/6P1/8 w - - 22 37	1.0	enriched	1	0.0011366317073537072
ip-67a90b0ddedf4022	8/3kp3/p5p1/2P2pP1/R4P2/2P1P3/1P2r3/2K5 b - - 2 35	1.0	enriched	1	0.0011366317073537072
ip-51398b8c8354dff4	8/8/8/4k1BK/4B2P/6b1/8/8 w - - 2 49	0.5	enriched	1	0.0011366317073537072
ip-a9f65eef38ad96fc	2rq1rk1/p3ppbp/2p5/3p1p2/3P1B2/6P1/PP2PP1P/2RQ1RK1 w - - 0 16	0.5	enriched	1	0.0011366317073537072
ip-6376e7d017687179	r4r1k/p4ppB/8/2P5/5n1q/1PB2P2/P1Q2P2/R2R2K1 w - - 1 24	0.5	enriched	1	0.0011366317073537072
ip-af5c4f855c72967e	6k1/p4p2/1p2q1p1/7p/P2Q4/4P2P/5PP1/6K1 w - - 0 27	0.0	enriched	1	0.0011366317073537072
ip-f2a5349811e127fe	2b1n3/r4kp1/2p5/p1Np4/6p1/3B2P1/PPP4P/4R1K1 w - - 0 27	1.0	enriched	1	0.0011366317073537072
ip-e6e601c104abae50	r4rk1/2q1bpp1/2P1p3/p2pP2p/Q2N3P/6P1/PP1N1P2/2R2K2 b - - 2 21	0.0	enriched	1	0.0011366317073537072
ip-6cc1e4db1a504071	r3k2r/ppb1qpp1/4b2p/2P1n3/3p4/1N1P2P1/PP3PBP/R2QR1K1 w kq - 0 16	0.5	enriched	1	0.0011366317073537072
ip-249f497ed39221d7	8/8/6KP/5p2/2k5/1p6/6P1/8 b - - 0 50	0.5	enriched	1	0.0011366317073537072
ip-34b547f498915812	1r2rbk1/2q2p1p/Rpp1bp2/4p3/2B1P3/1QP3NP/1P3PP1/R5K1 b - - 1 27	1.0	enriched	1	0.0011366317073537072
ip-61ac7d9ad2d60681	6k1/1p1n1pb1/p2p1np1/3Pp2p/4P3/q1rBBP2/P2Q2PP/1R2N1K1 w - - 0 25	1.0	enriched	1	0.0011366317073537072
ip-8ed7ab51bc1515a9	6k1/pp3pp1/3r1q1p/4Rp1P/2bP2Q1/P7/5RP1/6K1 w - - 0 33	0.0	enriched	1	0.0011366317073537072
ip-fab2d5dfc7ff2505	8/8/8/5k2/3K1Pp1/6P1/8/8 b - - 0 73	1.0	enriched	1	0.0011366317073537072
ip-b5c0b39961017ef9	5k2/8/p2N1b1p/1p1Nn3/6p1/1P2P1P1/P1R2KP1/r7 b - - 8 33	1.0	enriched	1	0.0011366317073537072
ip-fce5a666e2fd9dd0	1Q6/8/4k1P1/p7/P2q4/8/4K3/8 b - - 46 76	0.5	enriched	1	0.0011366317073537072
ip-2f501202a13d6e50	rn5r/pb3pp1/4p1k1/3P2N1/1pP4q/4R3/P2Q1PP1/R5K1 w - - 2 22	0.0	enriched	1	0.0011366317073537072
ip-fabc183093222329	r3brk1/4bp1p/1qp1p2p/p2pP3/P2P2P1/5N2/1PN2P1P/R2Q1RK1 w - - 0 17	0.0	enriched	1	0.0011366317073537072
ip-d7ca7f9299a2ac82	5k2/p1r4p/2PRB1p1/4K3/P4P2/7P/4n3/8 w - - 7 45	1.0	enriched	1	0.0011366317073537072
ip-bc434a195bb2dc52	8/1p3p2/4k3/8/5KP1/8/6PP/8 w - - 2 37	1.0	enriched	1	0.0011366317073537072
ip-0330c0623a0ac0d1	8/8/8/3B2pp/2Pk1p2/1R5P/r5P1/5K2 w - - 0 49	1.0	enriched	1	0.0011366317073537072
ip-67f44a0fdc382a05	1kr4r/pp2b3/3q4/3p1R2/P2Np3/2P3P1/1P1Q2K1/4R3 w - - 2 31	1.0	enriched	1	0.0011366317073537072
ip-3630c0cf6dbedc14	2k4r/p1p3pp/1p1r1p2/2Nn4/B4PP1/6K1/PP1P2P1/n1B1R3 w - - 2 21	0.5	enriched	1	0.0011366317073537072
ip-814fe2ab73506ec5	2r3k1/1pN1ppbp/p5p1/4P3/3r1P2/1P5P/1PR3P1/R5K1 b - - 1 24	0.0	enriched	1	0.0011366317073537072
ip-7555a9c54673d139	1n5r/3nkppp/8/1p2P3/1bppBP2/7P/1P4P1/R1B2RK1 b - - 2 17	1.0	enriched	1	0.0011366317073537072
ip-d83d143fe95a6d09	5r1k/6bp/5qp1/3p4/p7/2PQ2P1/P1K5/1N2R3 b - - 0 31	0.0	enriched	1	0.0011366317073537072
ip-6584864a7776063a	8/1pk2p1p/2pb2p1/p2r4/2R4P/1P2P1PB/1PK2P2/8 w - - 44 56	0.5	enriched	1	0.0011366317073537072
ip-58a37605fbc6702a	8/ppp4r/1n1p1k2/1P1P4/P3p1p1/1P3nP1/4R1K1/5R2 b - - 1 43	0.0	enriched	1	0.0011366317073537072
ip-341705c499ca25fd	r2qkb1r/3n1ppp/p1p1p3/1p1pP3/3P4/2PB2QP/P1P2PP1/R1B2RK1 w kq - 0 12	1.0	enriched	1	0.0011366317073537072
ip-2ecff8dec8c66bea	r1b2r1k/5p2/1q1P2pP/1N1Qp1N1/p3P3/7P/PPB5/1K5R b - - 0 32	1.0	enriched	1	0.0011366317073537072
ip-87a1c15021bc472a	r1b2bk1/pp2qp1p/3p2p1/3Pp3/4Pn2/1PN4P/1P1Q1PPK/R4RN1 b - - 5 18	1.0	enriched	1	0.0011366317073537072
ip-bbb18b3790f9ffbb	r7/r4k1p/1p2p1pP/3pPpP1/2nP4/1R6/1BP3P1/1K1R4 b - - 0 36	1.0	enriched	1	0.0011366317073537072
ip-222d1480808a4a1d	8/5pkP/1p6/p1pP2p1/P1P2b1q/1P1B4/6Q1/3K4 b - - 26 65	1.0	enriched	1	0.0011366317073537072
ip-a7ec813e67994cf3	8/7k/7P/pR1p4/8/6P1/P2r4/5K2 w - - 1 39	0.5	enriched	1	0.0011366317073537072
ip-6bfbd857074a883f	6k1/p2r1p1n/3P3p/4PN2/1R2PpP1/8/rP5P/5R1K b - - 0 36	1.0	enriched	1	0.0011366317073537072
ip-e68ac81ea49e734a	8/6p1/1k3p2/1P1K3p/5P2/1R3PP1/r7/8 w - - 0 44	1.0	enriched	1	0.0011366317073537072
ip-ef0af1383d783f50	8/1R6/p5k1/8/2p1KP2/8/P2r3P/8 w - - 4 46	0.5	enriched	1	0.0011366317073537072
ip-001205d184c419d8	8/8/3r2k1/R5p1/8/5PKP/8/8 b - - 10 46	0.0	enriched	1	0.0011366317073537072
ip-910c54355cf4c05e	2r3k1/p4pbp/6p1/1prnP3/8/6P1/PB1N1P1P/2R2RK1 w - - 2 23	1.0	enriched	1	0.0011366317073537072
ip-f3bd41ab26f6355a	2r2rk1/1b3ppp/1q2pn2/p2pR3/3R4/1B5Q/PPP1NPPP/1K6 w - - 0 23	0.5	enriched	1	0.0011366317073537072
ip-d4e338539bf0ead0	6r1/8/5p2/2pN1K2/3b1PP1/1k5P/8/2R5 b - - 2 58	0.5	enriched	1	0.0011366317073537072
ip-edfc5379070731bb	R7/3r2p1/P4k1p/2p1p3/4K2P/3PP1P1/8/8 w - - 3 39	1.0	enriched	1	0.0011366317073537072
ip-7570bc3c9e482651	q1r3k1/2Q2pp1/4p2p/2n1P3/2rp4/P4N2/5PPP/R4RK1 w - - 4 28	0.0	enriched	1	0.0011366317073537072
ip-87831a867a41a6ea	3r2k1/5pbp/q3p1p1/P2p4/P1n5/2P3PP/2Q2PB1/R3R1K1 w - - 1 29	0.0	enriched	1	0.0011366317073537072
ip-1a70b63e2ba9248e	5k2/R4p1p/2B1b1p1/p3P3/5PP1/4K3/r6P/8 w - - 1 40	0.5	enriched	1	0.0011366317073537072
ip-23c4361b59bbec25	r7/1b3p2/p1k1p1p1/RpNpP3/1P4PK/2P2r1P/1P6/R7 w - - 1 49	0.0	enriched	1	0.0011366317073537072
ip-e6715ee4660a0ce3	1r4k1/2p1rp1p/p1bp2p1/8/3NPP2/1PPpR2P/P5P1/R5K1 b - - 0 27	0.0	enriched	1	0.0011366317073537072
ip-8b7acee8f12878fc	2r3k1/pR3pp1/2q2n1p/8/3P4/P1r2PB1/1Q5P/1K2R3 b - - 0 31	0.0	enriched	1	0.0011366317073537072
ip-c8fd359588d40578	rr4k1/1q2ppbp/p5p1/2N5/2P5/1P5P/P3QPP1/1R3RK1 b - - 0 21	1.0	enriched	1	0.0011366317073537072
ip-cb9f49ff4cf1c731	1k1r2r1/1b2n3/pq1bN2p/1n1p1p2/1PpP3N/2P1B2B/R2Q2PP/5R1K w - - 0 28	0.0	enriched	1	0.0011366317073537072
ip-6cbde93e3c604d59	3r2k1/1pp3p1/1pn3qp/3rp3/5p1P/1PPPBP2/P3QN1P/R2R3K b - - 0 24	0.5	enriched	1	0.0011366317073537072
ip-0a1351276cff84d3	8/Q5p1/1p2p1kp/2p5/4p3/1PP1P2P/P4PPK/4q3 b - - 2 33	1.0	enriched	1	0.0011366317073537072
ip-0ac342dcfea23258	2k3q1/1b3p2/r2p3r/p1PP3p/3QB3/8/PP4PP/2R2RK1 b - - 0 31	1.0	enriched	1	0.0011366317073537072
ip-5530bd774b13f2f5	r3nrk1/1q2ppbp/n2p2p1/2pPP1B1/P5b1/2N2NP1/5PBP/R2Q1RK1 w - - 3 18	0.0	enriched	1	0.0011366317073537072
ip-3e43c5c51e5654fc	5rk1/p1p2ppp/4bb2/7q/3r1B2/1P1B4/P1Q2PPP/3R1RK1 w - - 5 19	1.0	enriched	1	0.0011366317073537072
ip-d2faceca83ed1643	r1k5/pp2p2r/5p2/qbB2Ppp/2P5/2P5/P1B1Q1PP/3R2K1 b - - 0 25	1.0	enriched	1	0.0011366317073537072
ip-2def50f0462dd0c1	4r1k1/1p3ppp/1b1p4/r7/p7/2P1nP2/PP2B1PP/2NR2KR w - - 0 22	0.0	enriched	1	0.0011366317073537072
ip-3f388ed3a61781f9	r7/2R1b1pp/p3kp2/3pp3/5P2/3NP2P/PP1n2PB/6K1 b - - 0 29	1.0	enriched	1	0.0011366317073537072
ip-b7f45e3839cbfca5	rnkN2b1/pp6/2p2n1p/1Nb2p2/5p2/1P4P1/P3PPBP/R2R2K1 w - - 3 18	1.0	enriched	1	0.0011366317073537072
ip-f776ff955e18ebc4	b2kr3/p2pb3/1pn1n3/3BN2Q/5p2/3P4/PPPB1q2/2K3RR b - - 0 24	0.0	enriched	1	0.0011366317073537072
ip-67ca8c3034468c96	4r1k1/pb2n1pp/1p1b1p2/5P2/P1R1p3/1P2N3/3N1R1P/6K1 w - - 0 30	0.0	enriched	1	0.0011366317073537072
ip-e414e023c2365249	1rb2rk1/5ppp/p2qp3/1p6/Q2P4/6P1/P3PPBP/1RR3K1 w - - 0 17	0.5	enriched	1	0.0011366317073537072
ip-a5faba0beec3244f	r3k2r/4npp1/2p1p2p/2bpP2P/p1q2BP1/2P2N2/PP1Q1P2/R3R1K1 b kq - 2 19	1.0	enriched	1	0.0011366317073537072
ip-458230fbd9daa08b	2r3k1/1p3ppp/8/8/1Pp1N3/3nP3/5PPP/R5K1 b - - 0 23	0.0	enriched	1	0.0011366317073537072
ip-9201366ac91594f8	8/4R3/2p5/3r4/8/8/1K1k4/4q3 w - - 0 68	0.0	enriched	1	0.0011366317073537072
ip-c983ba8171523725	5rk1/rq2bppp/1p2pn2/2p5/2P5/NQBPP1P1/P4P1P/R2R2K1 b - - 0 19	1.0	enriched	1	0.0011366317073537072
ip-7d5cd2ee73395c35	1r2k3/pp3p1p/2n1pn2/2R4p/4P2P/1P3PP1/P4K2/3R4 b - - 1 29	0.5	enriched	1	0.0011366317073537072
ip-455fc2aeba0ab8b1	3r4/p1n3kp/4p3/5p2/1pP2P2/1P3NP1/P3K2P/R7 b - - 1 25	1.0	enriched	1	0.0011366317073537072
ip-8ad0891f0e5b5f6c	4Q3/3r1r1k/5B2/1pp1P1pp/8/2p3P1/6KP/8 w - - 0 40	0.0	enriched	1	0.0011366317073537072
ip-582b35cdfda0cd90	r5k1/pQp3pp/1n1pP3/4nq1P/2P5/2P5/P7/K2R1B1R b - - 0 24	0.0	enriched	1	0.0011366317073537072
ip-f8caea8cc1423e87	2rq1rk1/p4pbp/bpn1pnp1/3P4/3P4/1PN1B1PP/P3NPB1/R2Q1RK1 b - - 0 13	0.0	enriched	1	0.0011366317073537072
ip-93f90c7901c556eb	4r3/p1pk1p2/2pp4/4r2p/P3P2P/1P1QnP2/1KP1Nq2/2R1R3 b - - 10 31	1.0	enriched	1	0.0011366317073537072
ip-00a17f1e352f0011	3k4/7R/3rn3/2n3p1/1p6/1P3PP1/2P1R1K1/8 w - - 14 46	1.0	enriched	1	0.0011366317073537072
ip-f82607d334927664	1k5r/1p3p2/p3b1pp/8/2N1P1n1/1P6/P1P1B2P/1K1R4 w - - 0 25	0.0	enriched	1	0.0011366317073537072
ip-1fd2653ef7199ba7	2k5/1p1n1p1p/pq2p1p1/3pP3/3P1PQ1/1P2B2P/P4P2/6K1 b - - 1 28	0.0	enriched	1	0.0011366317073537072
ip-de20992f7a85e4d2	1r5r/5k1p/pP1p4/2p2n2/R4N2/1R6/5PPP/6K1 b - - 1 30	0.0	enriched	1	0.0011366317073537072
ip-d44c7b2271ce63eb	r3r1k1/p1p1bpp1/2pp4/5q2/2P1n2p/1P2P2P/PBQ1NPP1/3R1RK1 b - - 5 17	1.0	enriched	1	0.0011366317073537072
ip-b48d4edf2e1a03aa	2kr1b1r/p1p2ppp/2p1p3/3n4/2pP4/4B1P1/PP2PP1P/RN3RK1 w - - 4 13	0.0	enriched	1	0.0011366317073537072
ip-793cfb3a9f021295	3q1rk1/pp3pp1/3pb2p/4n1b1/3B4/2P3P1/P1P1B2P/3RQRK1 b - - 2 22	1.0	enriched	1	0.0011366317073537072
ip-32b0a4f9a196c3d4	8/1p1k1p2/4p2p/3pP3/3P1P2/r3nN2/5K1P/2R5 b - - 5 37	0.0	enriched	1	0.0011366317073537072
ip-b16113890e11aeb9	2r3k1/p1qr1bpp/1p2pp2/2bP4/4QP2/6PP/P3PBB1/2RR2K1 b - - 0 27	0.5	enriched	1	0.0011366317073537072
ip-6f26d4e3a07596d5	3n4/4k3/8/1R3Kpp/1P3p2/8/7P/8 b - - 3 49	1.0	enriched	1	0.0011366317073537072
ip-2829d1f6c3ee74b8	8/4k2p/2B1pp2/P7/7r/1N6/1p6/1Kb5 b - - 2 34	0.0	enriched	1	0.0011366317073537072
ip-b0eaf697938f44e2	8/4k3/7N/2pB2p1/4K1P1/2r4P/5P2/8 b - - 0 57	1.0	enriched	1	0.0011366317073537072
ip-2629ad22600232ee	3rk2r/2pbqp2/1p6/nB2p1p1/P3P2p/2P2PP1/4QBP1/R4RK1 w k - 0 21	0.0	enriched	1	0.0011366317073537072
ip-8e814559ad7eb982	8/8/5kp1/p7/Pr6/6P1/3R1PKP/8 b - - 0 37	1.0	enriched	1	0.0011366317073537072
ip-c66752e6d0f72c9a	q5k1/2r4p/1n1bp1pB/pB1b1p2/Pp1P4/5N1P/1P2QPP1/4R1K1 w - - 5 26	1.0	enriched	1	0.0011366317073537072
ip-dbc6a3c9d3b0765d	6k1/5pp1/pp2P2p/3bP3/qP1Q4/P1B3P1/7P/6K1 b - - 0 37	0.0	enriched	1	0.0011366317073537072
ip-16503f2493612f8b	8/1p3pk1/5b1p/1q4p1/7P/6Q1/r4RPK/8 b - - 0 39	1.0	enriched	1	0.0011366317073537072
ip-65d557ce81f3606c	r4r1k/6pp/1Pp1B3/3pp3/Nn2n3/1P6/5PPP/2R2RK1 w - - 1 26	1.0	enriched	1	0.0011366317073537072
ip-16db0fae1a4d066c	3r4/7p/6p1/p5P1/P6k/2P1K3/1P1p4/6R1 w - - 0 49	0.5	enriched	1	0.0011366317073537072
ip-cbaf1f6c37eaf7fc	6k1/1p3bpp/p2b1p2/3p1q2/4n3/1P2P1P1/P3NPBP/B4QK1 b - - 7 30	0.5	enriched	1	0.0011366317073537072
ip-fd6962460185e147	8/8/8/p3Rp1p/1k1N1P1P/3p1K2/1r3P2/8 w - - 2 51	1.0	enriched	1	0.0011366317073537072
ip-ac56f9e126c2e8f2	8/1p2qpk1/p7/P1PRb1p1/4PpPr/5Q2/5P2/5BK1 w - - 1 42	0.0	enriched	1	0.0011366317073537072
ip-240800f6ce6d0e50	rn1k4/7R/p7/3p4/n7/8/PpPKBPP1/1R6 w - - 6 24	1.0	enriched	1	0.0011366317073537072
ip-3b45724acf82b673	1bR2r2/1P3pk1/5qp1/3B3p/8/1Q2P1P1/5P1P/6K1 w - - 0 35	1.0	enriched	1	0.0011366317073537072
ip-45e85a293cdaee19	8/8/8/5k1p/R3p3/8/5BKP/8 w - - 0 50	1.0	enriched	1	0.0011366317073537072
ip-f6fd1d5f8a9bd8e6	6k1/p3pbrp/2p2p2/2q2P1Q/8/1rB3R1/6PP/4R2K w - - 15 32	0.0	enriched	1	0.0011366317073537072
ip-8ad6b199506751dd	r1b1kb1r/5p2/p1pppp2/q6p/2B1P3/2N5/PPPQ1PPP/2KR3R w kq - 0 12	0.0	enriched	1	0.0011366317073537072
ip-940c3fd84c32671c	r2r1qk1/1b3p2/p6p/1p3p1R/nP1pP3/P2B3P/2PNQ1P1/3R2K1 w - - 0 25	1.0	enriched	1	0.0011366317073537072
ip-bcb20c8c122f40fe	3r4/2p2pk1/2n1b1pp/1r1Nb3/R6P/6P1/3BPPB1/3R2K1 w - - 0 25	0.5	enriched	1	0.0011366317073537072
ip-5607fe54442e264c	rnb1kb1r/pp3ppp/2p1pn2/8/3P4/qBN5/P1PBNPPP/R2Q1RK1 w kq - 0 10	1.0	enriched	1	0.0011366317073537072
ip-9e44fcc822bc1433	r2q1rk1/pb1nppbp/3p1np1/2pP4/2N1P3/6P1/PPQ2PBP/RNB2RK1 w - - 1 12	1.0	enriched	1	0.0011366317073537072
ip-facd7b5ea44018ba	7k/p5p1/4pp1p/8/3pq3/PR1R4/1P3PP1/5K2 b - - 2 37	0.0	enriched	1	0.0011366317073537072
ip-eceb0fcf19003ffc	8/1p2r1pk/pNbR1n2/P1p3p1/4p3/1P2P2P/2P1B1P1/6K1 b - - 6 33	0.5	enriched	1	0.0011366317073537072
ip-34743fb576d6f4ff	8/8/1R5P/8/8/1pk3P1/r4PK1/8 w - - 2 46	1.0	enriched	1	0.0011366317073537072
ip-9d78d0a79841bf7c	r5k1/2p2bpp/1n3p2/pPq1p3/P3P3/2P5/1BQ2PPP/2KR3R b - - 1 24	1.0	enriched	1	0.0011366317073537072
ip-824b824db1d5fa3f	8/8/5Kpk/8/4R1PP/8/8/7r b - - 30 76	0.5	enriched	1	0.0011366317073537072
ip-027145d58fe1fc1c	1r6/2q3k1/1pPp2p1/1P1Bbp2/4p2p/Q5P1/2R2P1P/7K b - - 1 37	0.0	enriched	1	0.0011366317073537072
ip-1f88b063f6c7e096	r7/3r1pkn/p6p/1p1bqP2/3p1R2/P2B3P/1PP2QP1/5R1K w - - 1 26	0.0	enriched	1	0.0011366317073537072
ip-efdbc83e5d516c4e	3q1rk1/pr3p2/2p2bpp/3p4/2P3Q1/1P1B2BP/P4PP1/5RK1 b - - 0 24	0.0	enriched	1	0.0011366317073537072
ip-d32b42b982e2f89e	2R5/2P1kp2/2r3p1/4P2p/5P1P/3K4/5P2/8 b - - 0 51	1.0	enriched	1	0.0011366317073537072
ip-91091beefa0910da	8/8/8/3k3r/4R3/5P1P/7K/8 w - - 3 62	0.5	enriched	1	0.0011366317073537072
ip-de35f0ca80684eb7	1r1q1rk1/2p2ppp/p2p4/4nPbP/3B4/2Q4R/PPP1BP2/1K1R4 b - - 0 21	0.0	enriched	1	0.0011366317073537072
ip-8bf6a0b7df26b97c	6k1/2N1Rp1p/3p4/3P1p2/3b4/6P1/rr3PKP/5R2 b - - 5 34	0.0	enriched	1	0.0011366317073537072
ip-c83defb05e79b5e5	8/4r1b1/ppk3n1/3pP1R1/1P1P3p/P1N1B3/8/7K b - - 1 37	1.0	enriched	1	0.0011366317073537072
ip-f09be0e7a15ed1e8	4r3/3n1pkp/6p1/1R6/8/1P5P/6P1/5BK1 w - - 1 31	1.0	enriched	1	0.0011366317073537072
ip-37315a1fa6cd4198	2r5/5pk1/6p1/3nq3/P3p1Pp/N2b3P/6B1/R2RK3 b - - 1 36	1.0	enriched	1	0.0011366317073537072
ip-cf6933f343f211ff	r3r1k1/5ppp/1p1R4/2p5/2P1P3/5PP1/5RP1/6K1 b - - 0 30	0.5	enriched	1	0.0011366317073537072
ip-4124dec62df4123f	r6r/1ppk1ppp/p7/4B1N1/1n6/1b6/1P2RPPP/2K4R b - - 0 21	0.0	enriched	1	0.0011366317073537072
ip-1906590aea499413	6k1/p4p1p/5p2/b7/2p1BPb1/2P5/P2N2PP/6K1 b - - 0 27	0.0	enriched	1	0.0011366317073537072
ip-c6f1c3b1cbedcd31	2r3k1/5p2/p5p1/Q3p3/2P1P3/4KP2/P7/3q4 w - - 0 34	0.0	enriched	1	0.0011366317073537072
ip-587fde676de06242	8/4r1p1/4k3/R3P1KP/8/8/8/8 w - - 19 88	1.0	enriched	1	0.0011366317073537072
ip-da59316ab0b718a8	2r1r1k1/pb4pp/1pq1pp2/8/2PP4/3QRN2/P4PPP/3R2K1 w - - 4 23	0.5	enriched	1	0.0011366317073537072
ip-8a6924edf8f8ede1	6k1/1q3pp1/1Pr1p1p1/pQ1PP1P1/Pb2p3/4B3/7P/5R1K b - - 0 38	1.0	enriched	1	0.0011366317073537072
ip-7a6f565aae480a92	1r6/p4kb1/7p/1b3pp1/2Nn1P2/1P4P1/P3P1BP/1N1R1K2 w - - 1 28	1.0	enriched	1	0.0011366317073537072
ip-05e8132aaa5f08da	4n3/2k2rp1/1pp2p2/p1n1pP2/2P1P1RP/PPK2N2/2B5/8 b - - 0 48	0.5	enriched	1	0.0011366317073537072
