position_id	fen	result	group	weight
ko-32d0cdfdbe0543ef	1n1q1rk1/5ppp/r3pn2/3p4/P2B4/4PBP1/5P1P/R2Q1RK1 b - - 0 14	0.5	anchor	0.0040374690265486731
ko-b515bd04df49c7e7	r2qk2r/pppbnpbp/2n3p1/1B2p3/4P3/2P1BN2/PP2QPPP/RN3RK1 b kq - 3 9	0.5	anchor	0.0040374690265486731
ko-b169172155b5ceb0	r1bq1rk1/2p2pbp/2np2p1/p1p5/2P1P3/P7/1PN1BPPP/1RBQ1RK1 w - - 0 14	0.5	anchor	0.0040374690265486731
ko-a22f3def2be67e24	r3k2r/1pq1ppbp/p1npbnp1/8/4P3/1NNBBP2/PPPQ2PP/R3K2R w KQkq - 9 12	0.5	anchor	0.0040374690265486731
ko-4e567d091819d8e8	r3q1rk/1pp3bp/3pPn2/p1nP1R2/2P1p3/2N1B2B/PP6/R2Q3K b - - 4 23	0.5	anchor	0.0040374690265486731
ko-3352ed6e02657781	r2q1rk1/ppp1nppp/8/8/2b1PB2/P1P3Q1/2P1NPPP/1R2K2R w K - 0 14	0.5	anchor	0.0040374690265486731
ko-82a4013fb2765b96	rnb1k2r/pp3ppp/4p3/q1ppPn2/3P4/P1N1BP2/1PP3PP/R2QKB1R w KQkq - 1 10	0.5	anchor	0.0040374690265486731
ko-048709ca9031ebf6	r2q1rk1/p1pn1pbp/1p1pp1p1/8/2PPbB2/P3PN1P/1P2BPP1/R2Q1RK1 w - - 0 12	0.5	anchor	0.0040374690265486731
ko-f04c2387a016cbe8	2r1k2r/1b2qpp1/p3p2p/1p1nN3/8/3Q2B1/PPPR1PPP/1K1R4 b k - 3 21	0.5	anchor	0.0040374690265486731
ko-4ee1acd0541b3f73	r1bqk1nr/pp3pbp/2np2p1/2p1P3/4P3/2P2N2/PP1PB1PP/RNBQ1RK1 b kq - 0 7	0.5	anchor	0.0040374690265486731
ko-cc74d9672093da5a	3q1rk1/5p1p/4b1p1/p1ppP1b1/8/PrPQ3P/1P2R1P1/1B1N1R1K w - - 5 22	0.5	anchor	0.0040374690265486731
ko-1184e7b93c70addf	r3r1k1/pp3p2/2n3p1/2pQ3p/7P/1PqP1N2/P4PP1/1KR4R b - - 1 19	0.5	anchor	0.0040374690265486731
ko-8485037b20aef589	2r5/2p1Q1pp/pr2bpk1/8/4P3/BPR3P1/P3qP1P/2R3K1 b - - 10 25	0.5	anchor	0.0040374690265486731
ko-6c6baad3ce9c2c88	r1r3k1/3nqppp/2Qbpn2/3p4/3P4/2N2N2/PPb1PPBP/R1B2RK1 w - - 15 17	0.5	anchor	0.0040374690265486731
ko-f9eaa30a2e00d3ae	r2qr1k1/pp3p1p/3npnp1/P2p4/3P4/1PBQ1BP1/4PP1P/R4RK1 b - - 2 19	0.5	anchor	0.0040374690265486731
ko-d192dcb28d1f67fe	r2q1rk1/1p3p1p/p3p1p1/n2pP3/8/1PNQP2P/P4PP1/R4RK1 b - - 0 17	0.5	anchor	0.0040374690265486731
ko-3a05b9cef9099101	r1bqr1k1/ppp1bppp/3p1n2/8/8/2PBBN2/PPPQ1PPP/2KRR3 b - - 10 11	0.5	anchor	0.0040374690265486731
ko-bc456a58ea3a951d	r4rk1/ppq2ppp/2pb1p2/3n4/3P4/2PQ2P1/PP1BNP1P/R3K2R b KQ - 0 15	0.5	anchor	0.0040374690265486731
ko-a144d11058c18711	r1bq1rk1/1pp1n1bp/p1np2p1/5P2/3N4/2N1B3/PPPQBPPP/R4RK1 b - - 0 11	0.5	anchor	0.0040374690265486731
ko-abfbe5d6bbf7531c	8/R5pk/P7/7p/8/8/7K/r7 b - - 0 52	0.5	anchor	0.0040374690265486731
ko-c8aeb88aedde778d	3b2k1/5p2/6p1/pB6/6P1/P4N1P/1n3P2/6K1 b - - 0 40	0.5	anchor	0.0040374690265486731
ko-b981bd646d8234ef	8/1B6/p7/1p2k2p/2P1p3/2P4b/P2K1P2/8 b - - 0 41	0.5	anchor	0.0040374690265486731
ko-4d80f7e31b3b8639	8/3b4/1K1p4/2pPk3/2P5/2P5/B7/8 b - - 16 76	0.5	anchor	0.0040374690265486731
ko-7bfbb6bbeda24343	8/5k2/8/6P1/7K/8/8/8 b - - 12 117	0.5	anchor	0.0040374690265486731
ko-109442827a3ba537	8/3nkb2/1pp2pp1/p2p4/3P4/PP3PN1/1NP2KP1/8 w - - 0 31	0.5	anchor	0.0040374690265486731
ko-4a3cc967e799ed5d	8/8/5n2/R6p/4kP2/6PK/4r3/8 w - - 44 86	0.5	anchor	0.0040374690265486731
ko-a00bae2ce54b90bb	1r3k2/R3npp1/4p3/7B/8/6P1/5P1P/6K1 b - - 4 38	0.5	anchor	0.0040374690265486731
ko-310ea66fff1621d6	8/1k6/6r1/3KB3/8/8/8/7R w - - 60 84	0.5	anchor	0.0040374690265486731
ko-64ebec334242ae01	8/4k2p/8/4PpPP/8/4n1K1/8/8 w - - 0 59	0.5	anchor	0.00031945985401459853
ko-d45bfbbaada3c29f	8/8/6p1/5pP1/4p1P1/2k1K3/5P2/8 b - - 0 49	0.5	anchor	0.0040374690265486731
ko-a234021c1525d5f8	8/8/6k1/PK6/3r4/R7/8/8 b - - 1 66	0.5	anchor	0.0040374690265486731
ko-2e2eb9ebcf959aa5	4b3/8/1p1k1np1/1P1p1p1p/3P1P1P/2KBN1P1/8/8 w - - 37 64	0.5	anchor	0.0040374690265486731
ko-03a6b8b29099dce4	5R2/8/8/3k3r/3B4/3K4/8/8 w - - 20 64	0.5	anchor	0.0040374690265486731
ko-607452b4f65d31e7	5b2/6k1/R6p/6p1/3r4/3N3P/5PP1/7K w - - 1 39	0.5	anchor	0.0040374690265486731
ko-81ce307f5a9d2a9d	6k1/5p1p/4p1p1/4r1N1/1P6/rBKR1P2/8/8 w - - 4 34	0.5	anchor	0.0040374690265486731
ko-07d51481af44f94a	4r1k1/3p1ppp/p2P4/2p2P2/2p5/8/P1P1rRPP/1R4K1 b - - 5 28	0.5	anchor	0.0040374690265486731
ko-59df14fe4c356e85	6k1/1p1r1pp1/p1n4p/8/5PN1/P3R3/1P3PP1/6K1 w - - 0 28	0.5	anchor	0.0040374690265486731
ko-a88eaa1bedb7dd87	3r4/2p2pk1/pp3bpp/n7/4Pp2/1PP2NNP/P4PP1/4RK2 w - - 0 26	0.5	anchor	0.0040374690265486731
ko-c38b0684fbf06289	8/4K3/4Q3/8/6P1/6k1/8/8 w - - 4 81	0.5	anchor	0.0040374690265486731
ko-037d13b10b69c067	5qbk/8/1nB1p2p/3pPp1P/2pP1P1Q/2P1N3/7K/8 b - - 4 49	0.5	anchor	0.0040374690265486731
ko-a8d7fbd8560b8835	1r4k1/p3ppb1/3p2p1/q5Pp/Np2PP2/PP6/KP1Q3P/4R3 w - - 3 25	0.5	anchor	0.0040374690265486731
ko-5416343ae5ab25ec	3r2k1/p1q2pp1/P6p/4p3/4Nb2/3R2PP/5P2/3Q2K1 b - - 0 30	0.5	anchor	0.0040374690265486731
ko-663e9a98c300a0ef	1R6/1p2r1qk/2pQ2p1/2P2p2/1P2p2P/4P1P1/5PK1/8 w - - 26 54	0.5	anchor	0.0040374690265486731
ko-18bb0a14f02b9bfb	3r3k/1p4bp/p4Qp1/2Nq4/1P1p4/8/P4PPP/4R1K1 w - - 5 30	0.5	anchor	0.0040374690265486731
ko-881103d002a142f7	1rbb1rk1/5ppp/p1n2n2/1P2p3/2p1P3/N1P2P2/1P1N2PP/R1B1RBK1 b - - 0 15	0.5	anchor	0.0040374690265486731
ko-eb6327f7d28714dc	2kr4/1pp1b3/p1n5/7p/2N2pr1/2PP3R/PP4PB/R4K2 w - - 0 25	0.5	anchor	0.0040374690265486731
ko-14d621159fb54fcf	1r3r1k/p1p3p1/4p1B1/3p1p2/1P3P2/P5P1/4Kn1P/1R4R1 b - - 0 26	0.5	anchor	0.0040374690265486731
ko-9fba573ff3e9f4ac	1r4k1/pb3pp1/2p4p/2Rp4/1p1Pr3/P3P3/1P2NPPP/R5K1 b - - 0 20	0.5	anchor	0.0040374690265486731
ko-92079b4d10f58942	3r1k2/1r3pp1/1p2p2p/2b5/P1B3P1/1PB1P3/4KP2/7R w - - 29 46	0.5	anchor	0.0040374690265486731
ko-f339b630caa468b8	r6r/pbk1ppbp/2p3p1/8/8/1PN5/PBP2PPP/3R1RK1 w - - 2 16	0.5	anchor	0.0040374690265486731
ko-228e11aae3f47f61	r1bq1rk1/p4pp1/2pb1n1p/3p4/5B2/2NB1Q1P/PPP2PP1/R4RK1 w - - 2 13	0.0	anchor	0.0040374690265486731
ko-4750857627dfd72c	r2r2k1/p1p2ppp/4p3/3q4/Pp1Pn3/B1p2NP1/n3PP1P/RR1Q2K1 w - - 0 21	0.0	anchor	0.0040374690265486731
ko-db3d776f9c157d4c	2r3k1/p1r2pp1/1p2p2p/n7/P2P4/1qP2N2/2R2PPP/Q1R3K1 b - - 16 36	1.0	anchor	0.0040374690265486731
ko-4b16f408bf6f4ddd	3q1rk1/pp3pp1/3pbb1p/4n3/3Bn3/2P3P1/P1PNB2P/3RQRK1 b - - 4 20	1.0	anchor	0.0040374690265486731
ko-dfa66b91e4ee7e48	r1b1k2r/ppppq1pp/2n5/5p2/1bP5/2P2NP1/P1Q1PPBP/R1B1K2R b KQkq - 0 10	1.0	anchor	0.0040374690265486731
ko-1d43d60b5327dd8b	r2qk2r/pp1b3p/2nbp1p1/1B1p1p2/3P4/P3PNP1/1P1N1PP1/2RQK2R b Kkq - 4 14	1.0	anchor	0.0040374690265486731
ko-981f9ffdc320ce17	5b1r/5k2/p1q3p1/R1p2pP1/P1Pp1P2/3P1R2/1r1N1K2/3Q4 w - - 0 37	0.0	anchor	0.0040374690265486731
ko-910c47a9a173cba3	1r1q1b1r/p3pQp1/n1kpB2p/1p6/6P1/7P/PP1B4/R3K2R b KQ - 4 20	1.0	anchor	0.0040374690265486731
ko-8b3ad0ddd5e098fb	r1r2b2/1bqn1p1k/p2p1npp/1p1Pp3/PPp1P3/2P2N1P/2BB1PP1/R1Q1RNK1 b - - 2 21	1.0	anchor	0.0040374690265486731
ko-e1201c7ff34aa69f	1qr1rbk1/p4pp1/PpPp1n2/1P2p1Bp/7P/1P1Q2P1/5PBN/R5K1 b - - 0 32	1.0	anchor	0.0040374690265486731
ko-b7639979348d9e7c	r1bq1rk1/3pn1pp/p2Q1p2/4p3/RP2P3/4N1P1/2P2PBP/3R2K1 b - - 0 20	1.0	anchor	0.0040374690265486731
ko-674c8d6ac3666b06	r1bq1rk1/pp3ppp/2n1pn2/8/2BP4/P1N1B3/1P3PPP/R2Q1RK1 b - - 4 11	1.0	anchor	0.0040374690265486731
ko-249712f0617fdd62	r1b2r2/3nq1bk/1ppN2pp/2P2p2/1pBPp3/P7/3N1PPP/2RQR1K1 w - - 0 20	0.0	anchor	0.0040374690265486731
ko-132b38c4966852d6	2r1r1k1/1p3pp1/pqp2np1/3pP3/1P2n3/P3P2P/1BQ1NPP1/3RR1K1 b - - 0 19	1.0	anchor	0.0040374690265486731
ko-af0010b1dc8ef85e	r1b2rk1/ppq1pp1p/2n2bp1/2P5/2B5/2P1BN1P/PP3PP1/R2QK2R b KQ - 0 11	1.0	anchor	0.0040374690265486731
ko-4516af4098c0f44a	2rqr1k1/pp3pbp/2n1p1p1/2Pp1n2/1P1P4/P4N2/1BQ2PPP/3RRBK1 b - - 0 19	1.0	anchor	0.0040374690265486731
ko-46be0c18371e0775	r1bq1rk1/pp2p1bp/n1pp1np1/5p2/2PP4/1PN2NP1/PB2PPBP/R2Q1RK1 b - - 2 9	1.0	anchor	0.0040374690265486731
ko-f28833879bd0e59a	r1bqr1k1/ppp2ppp/1b1p1nn1/4p3/N1B1P3/P1PP1N1P/1P3PP1/R1BQR1K1 b - - 0 11	1.0	anchor	0.0040374690265486731
ko-1ea54ea8e1560e3d	r1bqk2r/pp1n1p2/4p2p/3p4/8/2NB2Q1/PPP3PP/R3R1K1 b kq - 0 16	1.0	anchor	0.0040374690265486731
ko-6f573a214d9dd7b4	rn1qkb1r/1p3pp1/p2pb3/3Pp2p/8/1N2BP2/PPP3PP/R2QKB1R b KQkq - 0 10	1.0	anchor	0.0040374690265486731
ko-6efbf3dd5c0c3268	r1r3k1/1b1nqppp/p4n2/1pPpp3/8/P2P1N2/1BQNBPPP/R4RK1 b - - 2 15	1.0	anchor	0.0040374690265486731
ko-238238893d9575d8	1b1qr1k1/pp3ppp/8/1N1p1b2/4n3/1P2PBP1/PB2QP1P/3R2K1 b - - 0 19	1.0	anchor	0.0040374690265486731
ko-70aede5c160acf80	r1b2rk1/pp1n1p1p/2p3p1/3P2P1/5B1P/2NQ1P2/PPP5/R3KBq1 b Q - 1 17	1.0	anchor	0.0040374690265486731
ko-49e7e099b5cdc35c	4r1k1/1bpq3p/p2p1p2/2p1r3/2P1p3/1P2R1P1/P2Q1PBP/3R2K1 w - - 2 28	0.0	anchor	0.0040374690265486731
ko-f248605a18974ff4	1rbqk1nr/4ppbp/2np2p1/1pp5/4P3/2NP2P1/1PP1NPBP/R1BQ1RK1 w k - 0 10	0.0	anchor	0.0040374690265486731
ko-b892d44b395c6bec	r2qr1k1/2pb1p2/p1p2bpp/2Pp4/B3P3/2N5/PP3PPP/R2QR1K1 w - - 0 16	0.0	anchor	0.0040374690265486731
ko-5b6bd62cf24d236b	2kr2r1/1pp4p/p1q5/2N1pp2/1P1n4/3P1p1P/P1P2PPK/R2Q2R1 w - - 0 26	0.0	anchor	0.0040374690265486731
ko-1daa16b047b01e15	r2q1rk1/pb1nbppp/1p1ppn2/2p5/2P1P3/1PNP1NP1/PB3PBP/R2Q1RK1 b - - 2 10	1.0	anchor	0.0040374690265486731
ko-57748c636981c36a	r1b2rk1/ppq2pbp/2np1np1/4p3/3PP3/2N2N1P/PPB2PP1/R1BQR1K1 b - - 2 11	1.0	anchor	0.0040374690265486731
ko-0014bf6ee8d5955e	2r1r3/1p2pp1k/p5p1/4Rb1p/3P1N2/2P3QP/q4PP1/2R3K1 b - - 3 24	1.0	anchor	0.0040374690265486731
ko-018b24e8f82abf04	rnbq1rk1/pp1p1pp1/3p3p/8/8/3B1N2/PPQ2PPP/R3R1K1 w - - 0 18	0.0	anchor	0.0040374690265486731
ko-e237ca8ad172d7cf	r7/1p2Rpk1/p1b4r/q6n/3p3P/2NB1P2/PPPQ4/2KR4 w - - 0 21	0.0	anchor	0.0040374690265486731
ko-67769cab454b6de7	2k3rr/p1n2Q1p/Pppbp3/8/2PP4/7P/1P1BqPP1/R4RK1 w - - 1 20	0.0	anchor	0.0040374690265486731
ko-e37ae49e1eee1008	r2q1rk1/pppbpp1p/2n2bpP/8/5Q2/2P2NP1/P2PPPB1/R1B1K2R b KQ - 4 12	1.0	anchor	0.0040374690265486731
ko-49066df190676bd5	1r1r2k1/2q1nbpp/3p1p2/4p3/pn2PPB1/2BR3Q/1PP3PP/1KNR4 w - - 0 24	0.0	anchor	0.0040374690265486731
ko-0ea26b261546561d	2rq1rk1/pb1pbppp/1pn1pn2/2p5/3P4/PP1BPN2/1BPN1PPP/R2Q1RK1 w - - 3 10	0.0	anchor	0.0040374690265486731
ko-9428becc255a7cf7	1qr3k1/p2B1p1p/1p2p1pb/8/3Pn3/1Q6/P1R2PPP/3R2K1 b - - 0 24	1.0	anchor	0.0040374690265486731
ko-4f0e88f3c3b96b4b	r2q1rk1/1Qpb1ppp/pb2pn2/3p4/3P1B2/N1P5/PP2PPPP/R3KB1R b KQ - 2 12	1.0	anchor	0.0040374690265486731
ko-acebf2d50fd5e7da	r1bqk2r/pp1p1ppp/n3pn2/2P5/2P5/P1Q5/1P2PPPP/R1B1KBNR b KQkq - 0 8	1.0	anchor	0.0040374690265486731
ko-aed87a7848fc7ec7	r1bq1rk1/pp2ppbp/2n2np1/3p4/3P1B2/2N2N1P/PPP1BPP1/R2Q1RK1 b - - 2 9	1.0	anchor	0.0040374690265486731
ko-974c6a234cd3bf20	4r1k1/pp1b3p/3qprp1/2ppRn2/7P/2PP2P1/PPQ2PB1/4RNK1 b - - 4 19	1.0	anchor	0.0040374690265486731
ko-7099245dfdd99bd8	2r2r2/1p5k/pQ2bq1p/7n/1P3p2/P5PP/5PBK/R3RN2 b - - 1 26	1.0	anchor	0.0040374690265486731
ko-e2e070cb2fadb1ff	r2qk2r/1pp2pp1/2n1bn1p/p1b1p3/4P3/2P2N1P/PPBNQPP1/R1B1K2R b KQkq - 0 11	1.0	anchor	0.0040374690265486731
ko-76b205033d956e3b	r3qrk1/1bBnbppp/p3p3/1p1p4/3P4/P2BPN1P/1P3PP1/2RQ1RK1 b - - 1 15	1.0	anchor	0.0040374690265486731
ko-aa62be3c2b2131c3	r1bqk2r/pp1nbppp/5n2/2pp4/3P4/1PN1PN2/P1Q1BPPP/R1B1K2R b KQkq - 1 9	1.0	anchor	0.0040374690265486731
ko-60df20191c8c5ae3	r1bq1rk1/1p2bppp/p1n2n2/3p4/3P1B2/2NB1N1P/PP3PP1/R2Q1RK1 b - - 3 11	1.0	anchor	0.0040374690265486731
ko-0592921702786c44	4r1k1/6bp/4ppp1/1q1n4/8/1P5P/3QRPP1/B3R1K1 b - - 1 32	1.0	anchor	0.00031945985401459853
ko-4873787f35c5d050	8/5kp1/2p2p2/pp1p2p1/3P2P1/P1P2P1P/1P2Q1K1/2q5 b - - 5 41	1.0	anchor	0.0040374690265486731
ko-aae45e28fc9247d9	2b5/2R3p1/4p3/4k3/3p4/2N3P1/5P1P/6K1 b - - 0 31	1.0	anchor	0.0040374690265486731
ko-e1e64f0e98330cf2	8/4rpk1/8/2R1p1p1/2n3P1/4P3/4KP2/3B4 b - - 9 45	1.0	anchor	0.00031945985401459853
ko-a6fbb7efcbd70702	5r2/7p/6p1/1PkB4/2P3PP/6K1/5P2/8 b - - 2 50	1.0	anchor	0.0040374690265486731
ko-5774ff677eba6294	6k1/1R3p1p/p5p1/1p6/5P2/6PP/r7/7K w - - 0 32	0.0	anchor	0.0040374690265486731
ko-7af6d09ccf557140	8/p7/Pp4p1/1N1p1k1p/r6P/2P5/1p3P2/4RK2 w - - 4 44	0.0	anchor	0.0040374690265486731
ko-b54e882085d3722b	2r5/2P3p1/3k3p/5p2/K1R5/P4PP1/6P1/8 b - - 0 41	1.0	anchor	0.0040374690265486731
ko-a3be318057b9baea	8/1R3pkp/4p1p1/1N1pr3/6P1/8/5PKP/8 b - - 1 37	1.0	anchor	0.00031945985401459853
ko-47f2cd46f292c04e	8/7P/3k4/1p1P2p1/pP3r2/P1R1KP2/8/8 b - - 2 66	1.0	anchor	0.0040374690265486731
ko-f0d639840d72a6b1	6k1/8/p5B1/1b3Rp1/1P4P1/5K2/1r6/8 b - - 11 54	1.0	anchor	0.0040374690265486731
ko-1e5d0b55d7cb5cdd	8/8/8/2kp1RP1/8/1P4K1/r7/8 b - - 0 48	1.0	anchor	0.0040374690265486731
ko-acf671228a1c155d	8/1p6/p1R5/P3pk2/1PR5/8/5rPK/8 b - - 0 53	1.0	anchor	0.0040374690265486731
ko-774c523a9bb0ef7a	8/pp3r2/4nkp1/3R4/6P1/2P5/PP4K1/8 w - - 0 54	0.0	anchor	0.0040374690265486731
ko-360742a97bd90e69	8/p4pk1/5p2/8/1P6/P4P1P/2N1nP2/7K b - - 0 34	1.0	anchor	0.0040374690265486731
ko-b3abcf2c08c81b28	7r/7P/5K2/p1p5/P6R/kB6/2P5/8 b - - 2 55	1.0	anchor	0.0040374690265486731
ko-8d45e829c32cf03a	7k/p5p1/7p/1Pp5/n1P5/P3B3/4K1PP/8 b - - 4 30	1.0	anchor	0.0040374690265486731
ko-db423635a0338080	1r4k1/R4bPp/1p6/5p2/8/2N5/PP3PP1/6K1 b - - 0 28	1.0	anchor	0.0040374690265486731
ko-1692955165091fc9	4k3/3n4/2p1p3/K3P2p/4P2P/6B1/8/8 b - - 6 45	1.0	anchor	0.0040374690265486731
ko-fa1ddbba77579a2e	8/p3b3/4k3/r5p1/4K3/4P3/P2RNP2/8 b - - 6 45	1.0	anchor	0.0040374690265486731
ko-3864ff84275bb4d3	2N2n2/5kp1/3P4/8/5P2/1nb5/8/5K2 w - - 0 41	0.0	anchor	0.0040374690265486731
ko-5b0b813d7a5f36fe	4k1r1/p3bp2/4b2p/1p6/4N3/1PPpBPP1/P6P/3RK3 b - - 0 30	1.0	anchor	0.0040374690265486731
ko-25429c50984b7dd0	6k1/3n1ppp/4p3/pN6/P4P2/2R3P1/4PKBP/r7 w - - 1 32	0.0	anchor	0.00031945985401459853
ko-02167b93530642d5	2k2r2/8/1p6/1p2p1P1/1N2P2P/r4pK1/5R2/8 w - - 0 45	0.0	anchor	0.00031945985401459853
ko-751d9e48b249191e	4r3/ppp3Bk/7p/8/1PK5/P6P/3R4/4r3 w - - 0 35	0.0	anchor	0.0040374690265486731
ko-3ae77e452a0ddd58	6k1/5p2/2N2p1p/r1Pp4/2b5/4P2P/5PP1/2R3K1 b - - 0 29	1.0	anchor	0.00031945985401459853
ko-e36ae79d7f82d266	1nr3k1/1b3pp1/p2Rp2p/Pp2P3/1Pp5/5NP1/4PPBP/6K1 w - - 1 24	0.0	anchor	0.0040374690265486731
ko-4fa19a2a53a2ef65	7r/2nb1p1P/3k4/p2p4/1ppP1N2/2P2P2/PPB2K2/6R1 b - - 0 40	1.0	anchor	0.00031945985401459853
ko-30d9989454b8ae31	3r4/8/4k1P1/4p1K1/8/8/3p4/3Q4 w - - 9 67	0.0	anchor	0.0040374690265486731
ko-9bf7ad481c62ec99	4qB1k/1p1b2rp/p4Q2/3Ppnp1/5p2/2R2P2/PP2B1PP/6K1 b - - 0 29	1.0	anchor	0.0040374690265486731
ko-b594766dd7cea2be	6k1/pp3pp1/1q5p/4Q3/2P5/1P4P1/P2r1P1P/4R1K1 w - - 1 27	0.0	anchor	0.0040374690265486731
ko-6c46ff824e7b1bf6	3r2k1/pp2r1pp/2p2q2/5p2/3P4/2PQPBP1/PP3K2/4R3 w - - 2 27	0.0	anchor	0.0040374690265486731
ko-b6a2f919baed1489	3r4/p1q2pk1/1p2pbp1/7p/1PP4P/1Q3BP1/P1R2P2/6K1 b - - 2 27	1.0	anchor	0.0040374690265486731
ko-b896f94db5feb6a9	6k1/2q2rb1/p3QR2/8/8/P7/1P6/K4R2 b - - 0 37	1.0	anchor	0.0040374690265486731
ko-22bee204e063b694	6k1/2q3p1/4pp1p/pp1b4/1n1PpP2/1P2P1NP/P2Q2P1/2N3K1 b - - 5 32	1.0	anchor	0.0040374690265486731
ko-92ddbb3f47c27cbd	6k1/5p1p/1pb1p3/4P3/1B1qnp2/P7/4B2P/4QK2 w - - 0 35	0.0	anchor	0.0040374690265486731
ko-3752887308c4e423	1Q6/6Q1/6B1/2pq4/2k5/6PP/5P1K/4r3 w - - 1 65	0.0	anchor	0.0040374690265486731
ko-849c7a6c4dd65a1f	6k1/p7/2p2qpQ/1p1p4/5P2/8/6PP/4R2K b - - 1 36	1.0	anchor	0.0040374690265486731
ko-b097596aeeaf2fc1	3r3k/p3q2p/1p6/2P5/4p2P/2P3P1/P2RQ2K/8 b - - 0 33	1.0	anchor	0.0040374690265486731
ko-4f25d42ce1673bf1	r5k1/P1qr1p2/4p2p/6pP/8/2P1Q1R1/5PP1/R5K1 w - - 16 40	0.0	anchor	0.0040374690265486731
ko-2377becce267f535	4kb1r/3rpppp/2p2n2/p5Nb/n1N1P3/3p1PP1/1P1B2BP/R2R3K b k - 1 19	1.0	anchor	0.0040374690265486731
ko-b623e78444eec773	5rk1/5pp1/3pb3/1N4np/2P1P1P1/3P3P/1r4BK/3R1R2 w - - 0 27	0.0	anchor	0.0040374690265486731
ko-f01ce51ef5eb1f38	r3k2r/pp3ppp/5n2/2nP4/8/2N2P2/PP4PP/3R1RK1 w kq - 1 18	0.0	anchor	0.0040374690265486731
ko-21dbfe1ae3ede1ea	4rrk1/pp1b1pp1/2pp3p/2b5/4PNnP/1BP3P1/P2N1P2/1R3R1K w - - 0 20	0.0	anchor	0.0040374690265486731
ko-1cb2d62508c33410	1k2r3/1ppr2p1/p2ppb1p/4n3/8/2PBB2P/PPP2PP1/1K1RR3 w - - 0 21	0.0	anchor	0.0040374690265486731
ko-11d1ad2a89106897	2r3k1/bp3p1p/p5p1/P7/1P1pr3/3N2P1/1P1R1P1P/3R1K2 w - - 1 30	0.0	anchor	0.0040374690265486731
ko-eccfded1ba238147	2r5/rb3p2/pk2p1p1/Rp1pP3/1P1N1P1p/2P2K1P/1P3RP1/8 w - - 17 37	0.0	anchor	0.0040374690265486731
ko-86bc178625629b52	1r4k1/5pb1/2pp2pp/p1N1p3/P1P1P3/2P1P1PP/1r4B1/1R3K2 w - - 0 32	0.0	anchor	0.0040374690265486731
ko-ed944025592d5564	6k1/p1rbpp1p/3p2p1/1p1P4/1P2P1n1/P5P1/1B1bNPBP/5RK1 w - - 0 21	0.0	anchor	0.0040374690265486731
ko-e1f33562e3fbfff0	3rk2r/pp3p1p/2n2p2/4p3/2B5/2P2P2/PP3P1P/R3K1R1 w Qk - 0 17	0.0	anchor	0.0040374690265486731
ko-284d104163724d5d	5r1r/pp2k3/2ppn3/4p1bP/2P5/3Q4/PP3P2/1K1R3R b - - 4 27	1.0	anchor	0.0040374690265486731
ko-d5ec1d68acc07e48	rn2k2r/pb2bppp/1qp1pn2/1p2N3/P2P4/1QN3P1/4PPBP/R1B2RK1 b kq - 0 11	0.0	anchor	0.0040374690265486731
ko-7469ee6eb68d303e	1rbqr1k1/2p1bpp1/2np1n1p/1p6/p2NP3/P1N1B2P/BPP2PP1/R2QR1K1 b - - 0 15	0.0	anchor	0.0040374690265486731
ko-7b9cd7dc72402ccd	r2q1rk1/1pp3pp/1nn1p3/4p3/p3P3/P2P1N2/1PPQ2PP/RN2K2R w KQ - 0 14	1.0	anchor	0.0040374690265486731
ko-854e79e94c720685	2r3k1/p1r2pbp/1q2p1p1/PP1p1n2/1P1P4/2B3P1/3QBP1P/2RR2K1 b - - 0 26	0.0	anchor	0.0040374690265486731
ko-b6ca13a4196675eb	3r1rk1/p3ppbp/1qn3p1/2p5/Qp2PPn1/2Pb1NP1/PP1N2BP/R1B1R2K b - - 10 17	0.0	anchor	0.0040374690265486731
ko-54d72a52888cfd26	r2q1k1r/pp3p2/3p2p1/3Np3/3nPPQ1/8/PPP5/2KR1B2 b - - 0 16	0.0	anchor	0.00031945985401459853
ko-30ef1fbeae945879	r1bq1rk1/2p3bp/3p4/p1pPpp1n/2P5/3BBP2/PPQ1N1PP/R4RK1 b - - 3 17	0.0	anchor	0.0040374690265486731
ko-d84b2aae0bd52c47	rn1qkb1r/pp1b1ppp/5n2/1B1p4/3NP3/5P2/PP4PP/RNBQ1RK1 b kq - 3 9	0.0	anchor	0.00031945985401459853
ko-ae9415077338a122	r1b1k2r/pp3ppp/1qn1p3/2bp2Bn/1P6/2P1PN2/P2N1PPP/R2QKB1R b KQkq - 0 9	0.0	anchor	0.0040374690265486731
ko-876396200639c2af	2rq1r1k/1p4pp/p2pB3/P2P2b1/2n5/4PP2/1PPB3P/R2Q1RK1 w - - 1 23	1.0	anchor	0.0040374690265486731
ko-b128bba018568ba1	1r3rk1/4b1pp/p1b1q3/3pP3/1ppP4/4BBP1/PP3RQP/4R1K1 b - - 7 22	0.0	anchor	0.0040374690265486731
ko-41a671417c3bae93	r4knr/bp1q2pp/p4p2/4pPBQ/3nN3/3B4/PP3PPP/R4RK1 w - - 2 15	1.0	anchor	0.0040374690265486731
ko-c00ccb00f722eda4	rq3rk1/p2bnpp1/Bb2p2p/1P1pP3/P6P/5N2/1B2QPP1/2R2K1R b - - 0 22	0.0	anchor	0.0040374690265486731
ko-bc96bcfe0134a0fe	3r1r1k/pp2b1p1/2n4p/3Npp1q/P4P2/1N4P1/1P6/R1BR1QK1 b - - 0 27	0.0	anchor	0.0040374690265486731
ko-a99ba37ded093b44	rnbqkb1r/p2p1ppp/1p2p3/3nP3/3P4/P4N2/1P3PPP/RNBQKB1R b KQkq - 0 7	0.0	anchor	0.00031945985401459853
ko-b50351d90315662a	2rq1rk1/1b2bppp/p1nppn2/1p6/4P3/PNN1BP2/1PP1B1PP/3RQRK1 b - - 4 13	0.0	anchor	0.0040374690265486731
ko-fdeb130dfc02e2b9	r1q2rk1/1b1p1p2/1p2pbpp/2n5/p1PN4/PPN1P1P1/2Q2PP1/1BRR2K1 w - - 0 19	1.0	anchor	0.0040374690265486731
ko-85e119b868f75b91	r1bqkb1r/pp1n1p1p/3p1pp1/1Bp5/4P3/1P1Q4/P1PP1PPP/RN2K1NR b KQkq - 1 7	0.0	anchor	0.0040374690265486731
ko-72ca62b6c068fdea	r1bqk2r/p4pp1/8/1pb1n3/2pnPN2/2QPB1P1/PP4B1/RN3RK1 b kq - 3 19	0.0	anchor	0.00031945985401459853
ko-206bae6acbcbe7b2	2k4r/pp3pp1/n1p1p3/4P2p/4Q2P/1P2P1q1/3r2P1/2R2RK1 b - - 3 26	0.0	anchor	0.0040374690265486731
ko-692478ca674c30b0	r4rk1/1p3p2/1qp3p1/p2n3p/P2P2b1/6P1/1PQ2PBP/R1B1R1K1 b - - 0 19	0.0	anchor	0.0040374690265486731
ko-953254de8defaa5f	r2qr1k1/pppn1ppp/2n5/4pbP1/1bP1N2P/3PP3/PB1NBP2/R2Q1K1R w - - 5 16	1.0	anchor	0.0040374690265486731
ko-2b068fd5b214d5a3	4q1rk/3n1bpp/2np1p2/1pp1pPP1/4P2P/2PP1BQ1/4N1R1/2B3K1 w - - 1 22	1.0	anchor	0.0040374690265486731
ko-b2df3073f5275c2b	4r2r/1p1b1pk1/2pp1qnp/p3p1nR/P2PP3/2P2PP1/1PBB2K1/R3N2Q b - - 2 34	0.0	anchor	0.0040374690265486731
ko-9ff566e03a5bf32c	r2r2k1/1p2qpp1/2pb3p/p6P/P3n3/1P1NPBP1/2Q1RPK1/3R4 b - - 6 35	0.0	anchor	0.0040374690265486731
ko-67c0e7b233d7eb2e	1r1qk2r/pp1n1pp1/2pb1n2/3pN3/3P1Pbp/1QN3P1/PP2P1BP/R1B2RK1 w k - 0 12	1.0	anchor	0.0040374690265486731
ko-c97fd0ac9a618ee5	r1bq1rk1/pppnppbp/3p1np1/8/2PPP3/2NB1N2/PP3PPP/R1BQ1RK1 b - - 4 7	0.0	anchor	0.0040374690265486731
ko-18df0dd770db450b	rnb2rk1/ppq2pbp/2pp1np1/4p3/3PP3/2PB1N1P/PP1N1PP1/R1BQR1K1 b - - 4 9	0.0	anchor	0.0040374690265486731
ko-1c42359b3ef90637	3r2k1/6pp/p1b1rpq1/3p4/1P1B1b2/P1NR4/2Q2PPP/5RK1 w - - 4 24	1.0	anchor	0.0040374690265486731
ko-7b990118421e7738	r4rk1/p1q2pp1/7p/2p1P1n1/1pQP1R2/4P2P/PP4PB/3N2K1 w - - 1 23	1.0	anchor	0.0040374690265486731
ko-efbec7f18db5ea52	r2qk2r/bpp3p1/p1nppn1p/4p3/PP2P3/N1PP1N2/5PPP/R1BQ1RK1 w kq - 0 11	1.0	anchor	0.0040374690265486731
ko-8a56ccd42bbfe5e7	4rr2/p1n3k1/5qp1/1pP3Np/1P2p2P/4RPP1/3Q2B1/6K1 w - - 0 31	1.0	anchor	0.0040374690265486731
ko-6076d7a02ab58f39	rn1q1rk1/ppp1bppp/1n1p4/7b/2PP4/3B1N1P/PP3PP1/RNBQ1RK1 w - - 1 10	1.0	anchor	0.0040374690265486731
ko-bc7baba44eb4cb89	r1br1knQ/1p4p1/q5P1/2bpPp2/p7/P7/BP2NPP1/3R1K1R w - - 5 30	1.0	anchor	0.0040374690265486731
ko-b4a0b05fedd6d86e	r1r3k1/1b1nqpb1/1pppp1pp/p7/P2PP3/N1P2N2/1PQ1BPPP/3RR1K1 w - - 4 16	1.0	anchor	0.0040374690265486731
ko-9b15240ff737aaef	5rk1/2nnppbp/r2p2pB/2pP4/1q2P3/2N2N1P/PP1Q1PP1/R4RK1 w - - 2 16	1.0	anchor	0.0040374690265486731
ko-45b0c195e9db0ae1	r2nk2r/pppqnpb1/4b1p1/3Np2p/2P1P3/3P2P1/PP2N1BP/R1BQ1RK1 w kq - 0 12	1.0	anchor	0.0040374690265486731
ko-f89824d3e1d5b15d	r3rnk1/1pbq1bp1/p1pn1p1p/3p4/3P1PPN/2NBP1BP/PPQ5/4RRK1 w - - 6 24	1.0	anchor	0.0040374690265486731
ko-db6fd211cc24bd76	r1b1r1k1/pp2bppp/1qp1pn2/2P5/3P4/5NP1/PPQ2PBP/R1B2RK1 b - - 0 13	0.0	anchor	0.0040374690265486731
ko-c3b971a62ebd0e19	r1bq1rk1/pp2bppp/8/3pPp2/3P4/8/PP1N1PPP/R1BQR1K1 b - - 0 12	0.0	anchor	0.0040374690265486731
ko-fd1c67797b00e854	r3qrk1/2p3pp/bp1bpn2/p2pNp2/P2P4/1PP2PP1/2Q1P1BP/R1B2RK1 w - - 2 18	1.0	anchor	0.0040374690265486731
ko-96490d0267aa6fbb	r4r2/4q1kp/2bn4/ppp2pP1/2P1pP1P/2N5/PPQ5/2K1RB1R w - - 0 22	1.0	anchor	0.0040374690265486731
ko-e0e4e3d3b6366dd7	4r3/1b1q1pk1/1p1b1n1p/1P1P4/7Q/P6P/5PP1/3RR1K1 b - - 0 28	0.0	anchor	0.0040374690265486731
ko-e14fd5cd36b2d4ac	K7/5q2/8/2Q5/8/4p3/6k1/8 b - - 31 85	0.0	anchor	0.0040374690265486731
ko-41fb0d22870dd19e	8/kp2P1pp/p2Q4/6P1/8/4q3/3p2K1/8 b - - 0 56	0.0	anchor	0.0040374690265486731
ko-ca573372c76cdf82	1k5r/p7/4p3/8/B4P2/4B3/1b6/6K1 b - - 0 36	0.0	anchor	0.0040374690265486731
ko-deef5e2b09e550db	8/6p1/6k1/1R2pp1p/P2b2n1/3N2P1/4K3/8 b - - 1 48	0.0	anchor	0.0040374690265486731
ko-d6a04cb1a2009592	2b5/7p/2p3p1/p1k1K3/Pp2P3/N1P3P1/7P/8 w - - 0 34	1.0	anchor	0.0040374690265486731
ko-ef2b4f5bd447b9f0	8/3k1p2/5R2/2P1K3/7P/1r2BPP1/4b3/8 w - - 7 58	1.0	anchor	0.0040374690265486731
ko-286fb3a7ec2fd5e4	8/3n3p/3k1B2/3p2P1/5K2/8/P5B1/8 w - - 7 52	1.0	anchor	0.0040374690265486731
ko-91f08a94f0c18c1b	8/8/8/3k4/p2Pp3/P1PbK3/3N4/8 w - - 0 52	1.0	anchor	0.0040374690265486731
ko-93ff444878412f7c	8/3bk3/8/2ppPB2/3P1P2/2p1K3/8/8 w - - 2 52	1.0	anchor	0.0040374690265486731
ko-ccc751e36ce11f1d	8/5kpp/8/1p2Bp2/1P1K4/P6P/2r5/8 b - - 3 36	0.0	anchor	0.0040374690265486731
ko-557ed3ec3d69eb0c	2B5/2K5/7r/3k4/8/8/8/4R3 w - - 19 71	1.0	anchor	0.0040374690265486731
ko-3d931a0a825ce153	8/1k6/1P3R2/4Kp1p/7P/6P1/8/5r2 b - - 6 59	0.0	anchor	0.0040374690265486731
ko-7e05e1091f543714	8/8/8/4n3/7k/1B3pp1/8/6K1 b - - 1 52	0.0	anchor	0.00031945985401459853
ko-7da6cb45cf29f3a9	2k5/1p3N2/p7/3n4/8/P5B1/1PP5/1K6 w - - 0 48	1.0	anchor	0.0040374690265486731
ko-45bf5397d85442f6	8/4R3/4P1pk/3p4/4r2P/6K1/8/8 w - - 2 58	1.0	anchor	0.0040374690265486731
ko-3810cf110ee090dc	8/1p5n/2p1k1p1/2P1p2P/1P5P/4K3/8/4B3 b - - 0 48	0.0	anchor	0.0040374690265486731
ko-5d7dbce8f59fb767	3k4/7R/8/PK6/1P6/8/7p/7r w - - 1 71	1.0	anchor	0.0040374690265486731
ko-f08d0b7cfeb7d9aa	8/p3p1k1/1p5b/8/4B3/1P2PN1P/n4K2/8 b - - 3 36	0.0	anchor	0.0040374690265486731
ko-1562f0a8fd484510	8/8/8/3bpk2/3b1p2/5P2/4K3/8 b - - 0 47	0.0	anchor	0.0040374690265486731
ko-29bc602fa8350894	8/8/2k3p1/P1p1b3/r3N3/3K3P/5B2/8 b - - 5 52	0.0	anchor	0.00031945985401459853
ko-99a570e3c7a646d7	8/p3n3/1p6/2pp1k2/P1P3p1/1P1NK1P1/5P2/8 b - - 0 34	0.0	anchor	0.0040374690265486731
ko-da207f073782a2f4	4k3/6p1/5p2/3KnP2/p7/B7/8/8 b - - 19 79	0.0	anchor	0.00031945985401459853
ko-ac64808fd1eb6aa9	5k2/5p2/5P2/4P3/3N1K2/3b4/8/8 w - - 1 46	1.0	anchor	0.00031945985401459853
ko-e36a4370c7754199	8/2R3p1/r4p1k/7p/8/5PBP/6PK/8 w - - 9 55	1.0	anchor	0.0040374690265486731
ko-edcae7748a8054a2	6k1/p4p2/1p2rPpp/2pRn3/8/2P3PP/P3PP2/2R3K1 w - - 0 28	1.0	anchor	0.0040374690265486731
ko-4de0598e831f051f	8/2p3bk/7p/2p5/p1P2N2/6P1/PP2RPKP/3r4 w - - 0 31	1.0	anchor	0.00031945985401459853
ko-33cb34041aaa3177	4k3/3n2p1/4N2b/2p2p1P/p1Pp4/Pp1P4/1P3PK1/3R4 w - - 2 46	1.0	anchor	0.00031945985401459853
ko-5147935c6d8628c5	4k3/p1rRr3/2P5/3Rp3/P3P3/8/6PP/6K1 w - - 5 42	1.0	anchor	0.0040374690265486731
ko-6be3da566dea5b97	1r6/6k1/5p1p/6rP/p4p2/P1P2B2/1PK3P1/5R2 w - - 3 37	1.0	anchor	0.0040374690265486731
ko-5ef90b4b905d535a	3R4/5ppp/kpbP4/p7/1p6/2p2P1P/P2r2PK/2R5 b - - 1 49	0.0	anchor	0.0040374690265486731
ko-7414f6f8bd481af5	7r/5p2/1p3k2/2p4b/P2b4/3R4/5PB1/6K1 b - - 1 44	0.0	anchor	0.0040374690265486731
ko-0b4c9343c5f84e41	6k1/5pp1/2p4p/1p6/P1n1P3/6P1/1r3PBP/2R3K1 b - - 0 36	0.0	anchor	0.00031945985401459853
ko-42b8ee3745d4134c	8/8/5kp1/5nn1/1P6/2P4p/5Q2/2K5 b - - 0 44	0.0	anchor	0.00031945985401459853
ko-aefbd6633cc5d420	8/6kp/2p3p1/3p4/8/4K3/q3b3/8 b - - 1 53	0.0	anchor	0.0040374690265486731
ko-3ff90b343ce9ab99	8/5k2/p3p3/6p1/1P6/P3R1P1/1q3P2/3R2K1 w - - 5 40	1.0	anchor	0.0040374690265486731
ko-9116fef87dc7138d	5bk1/1r3pp1/3pp2p/1p1q4/n2P1B2/2P4P/1PQN1PP1/R5K1 b - - 1 26	0.0	anchor	0.0040374690265486731
ko-f50275b9b38e6e57	3Q1qk1/6p1/1p6/1P5p/8/8/1K1R4/5N2 w - - 4 62	1.0	anchor	0.0040374690265486731
ko-47347cf1b68d8239	7k/p5p1/1p3b1p/2pQ3P/P3K3/1P1NP3/1rq5/5R2 b - - 14 50	0.0	anchor	0.0040374690265486731
ko-7377d6af16067f53	2r2n2/1p2k2B/p1b1p1P1/3p4/P2B1q2/1P5Q/7P/4R1K1 w - - 1 34	1.0	anchor	0.0040374690265486731
ko-36506d2b8a43db74	8/p4p1p/2R1p1pk/bP2Q3/P7/1q1r1PP1/3p1PKP/3R4 w - - 17 36	1.0	anchor	0.0040374690265486731
ko-1092f26dc2690147	3Q4/7k/1p3P2/1P2P3/8/5NKP/8/2q5 w - - 3 56	1.0	anchor	0.0040374690265486731
ko-a15754a47f57bf34	6k1/1b6/p2Q4/1p4p1/2pP4/2P1P3/PPB2q1P/2K5 b - - 4 37	0.0	anchor	0.0040374690265486731
ko-c80cef9bd95c76d4	q5k1/p4pp1/4p2p/6bP/Q5N1/P7/1PPr1PP1/1K4R1 w - - 7 34	1.0	anchor	0.0040374690265486731
ko-6ea07198d3733c4a	4r1k1/pp1b1ppp/8/3N2P1/1P5Q/3RPP2/q6P/3K3R b - - 1 24	0.0	anchor	0.00031945985401459853
ko-638d94e6f9e2b827	8/6kp/6p1/3P4/4p2P/2RQ2P1/4N1K1/4q3 w - - 0 42	1.0	anchor	0.0040374690265486731
ko-e164eecd94c59108	3q2k1/1pp2pb1/p1n3pp/8/4Q3/1PP1NN1P/1P3PP1/6K1 b - - 0 35	0.0	anchor	0.0040374690265486731
ko-2d7a55106d9609ea	2k1r3/pp2qp2/3R4/P1N4p/1P5P/2P1n1P1/3Q2P1/6K1 b - - 7 34	0.0	anchor	0.00031945985401459853
ko-2a58ec6869f2b54f	8/3q2pk/2r4p/3p1P2/1Q1Pp3/7P/6PK/8 b - - 2 48	0.0	anchor	0.0040374690265486731
ko-da8c24a5f468c79b	rn2kb1r/pp3p1p/1np1pp2/4N3/2PP4/8/PP1N1PPP/R1B1K2R w KQkq - 0 12	1.0	anchor	0.0040374690265486731
ko-2375196a68d75a5e	4rbk1/1pr3pb/2p4p/2Bpp3/pP4B1/P2PP2P/5PP1/2RR2K1 w - - 4 27	1.0	anchor	0.0040374690265486731
ko-049ea232cdeb8702	5r2/2p3kp/2bp1p2/p1p1r3/2P1pR2/1P2P1PB/P6P/5RK1 b - - 7 35	0.0	anchor	0.0040374690265486731
ko-a4079b32d59cade5	1r4k1/1N2bpp1/p3r1b1/B7/6Pp/2RnP2P/5PB1/2R3K1 w - - 1 32	1.0	anchor	0.00031945985401459853
ko-2bd8dc50240934b6	3rn3/2pn1p1k/1p1r2pp/p3p3/P3P2P/2PRBP1P/1P3K2/3R1N2 b - - 0 35	0.0	anchor	0.0040374690265486731
ko-7770bb12dcfd9c6d	5R2/6N1/3n1b2/p2r2k1/8/5R2/4K3/8 w - - 2 45	1.0	anchor	0.0040374690265486731
ko-d73c07a25d341d54	r1b3k1/pp3p1p/3P1np1/1BP1r3/3R4/8/PP3PPP/3R2K1 w - - 1 21	1.0	anchor	0.0040374690265486731
ko-858085ab3555288b	8/2k2p2/3p1p1r/1Pb1pP1P/2P1P3/6r1/2K1B2R/1R6 w - - 13 49	1.0	anchor	0.0040374690265486731
ko-c8e581cd138c701c	2kr1r2/1p6/p4n1p/2p1n3/2Ppp1p1/1P1P2P1/P4PNP/2RRNK2 b - - 5 27	0.0	anchor	0.0040374690265486731
ko-a4c8c5698340c50f	r3brk1/5ppp/p4b2/3P4/2P2B2/2Nn1N2/PP3PPP/R3R1K1 w - - 1 24	1.0	anchor	0.00031945985401459853
ko-b87e41cdfa0f7bad	1k1r3r/6pp/2Q1p3/3p4/5b2/2P4P/5PP1/5BK1 w - - 0 28	1.0	anchor	0.0040374690265486731
ko-72885b6c9c4d3195	1rr4k/p5b1/2Q4p/8/3P4/8/PP1B1PP1/R5K1 w - - 3 29	1.0	anchor	0.0040374690265486731
ko-118a6a0b9af21891	8/1p4pk/4pr1p/p2pN3/P2Pb3/1PR3QP/5PPK/2q5 b - - 20 36	0.0	enriched	0.00031945985401459853
ko-7032b958ed555090	4n3/5pkp/4p1p1/2N5/8/r3PP2/P4P1P/R5K1 w - - 4 26	0.0	enriched	0.00031945985401459853
ko-2958de9ad794991c	r2qk2r/1b1np1bp/p3p1p1/1p1n2N1/8/8/PPB2PPP/RNBQR1K1 b kq - 1 14	0.0	enriched	0.00031945985401459853
ko-d3ba677f907caf9c	r7/3brp1p/3k1np1/1p1p2n1/1NpPp1PR/2P1P3/PK1RBPPN/8 w - - 46 58	0.0	enriched	0.00031945985401459853
ko-7cb20d5073d92ff9	8/1R3pkp/3Np1p1/3p4/6r1/5K2/5P1P/8 b - - 1 39	1.0	enriched	0.00031945985401459853
ko-bdddf780c373fe03	4rk2/1R3p2/p1N3b1/2pBP3/2P2K2/P1b3Pp/7P/8 b - - 2 40	0.0	enriched	0.00031945985401459853
ko-eb52e3f607b095e6	8/pp2br1k/2b5/3pPp2/2pN1P2/2P1P3/P4K1P/6R1 b - - 5 29	0.5	enriched	0.00031945985401459853
ko-d99cdeaab2397728	r2q1rk1/bb1pnppp/p1nNp3/1p2P3/8/1N4P1/PPP2PBP/R1BQR1K1 b - - 4 13	1.0	enriched	0.00031945985401459853
ko-e74550dc5a876002	r7/8/2p2k2/1pp5/3n4/1P1B4/PR3K2/8 b - - 4 43	0.0	enriched	0.00031945985401459853
ko-8c2d76708cf56e2e	8/1ppk1ppp/p7/3P1b2/3P4/1PBn1PP1/P1R4K/5r2 w - - 2 26	0.0	enriched	0.00031945985401459853
ko-ba01eb5b3198ba5a	r1b5/4Rpp1/p1Nn4/PpNP3k/1P6/7P/5P2/6K1 w - - 0 35	1.0	enriched	0.00031945985401459853
ko-210507261953fb8e	r5k1/6p1/3b2N1/1pp5/p6P/P1P1P3/1P2K3/6R1 w - - 2 31	0.0	enriched	0.00031945985401459853
ko-9bd010958b732599	8/8/3Q4/6n1/4p1k1/5p2/6r1/5K2 w - - 4 93	0.0	enriched	0.00031945985401459853
ko-d334192813e64467	r7/1p3bk1/6pp/3NP3/2P5/3R1B1q/5PNP/3R2K1 w - - 1 36	1.0	enriched	0.00031945985401459853
ko-9c61ed36131407f1	4br1k/6p1/2p1pn1p/p2pN3/Pq1P4/1P1Q1P2/6PP/1BR3K1 b - - 2 32	1.0	enriched	0.00031945985401459853
ko-00b6d7a9758587a9	rnbq1rk1/1p3pbp/p2N1np1/8/3pPB2/P2B1N2/1PP3PP/R2QK2R b KQ - 0 11	1.0	enriched	0.00031945985401459853
ko-d53d07551a453cb5	8/1k6/R4p2/1p2p1p1/1Bn1P1P1/4r3/2K5/8 w - - 4 46	1.0	enriched	0.00031945985401459853
ko-47cea446ea0ddbd6	6k1/R7/2p1r1p1/2P4p/PP6/5NnP/6P1/6K1 w - - 3 31	1.0	enriched	0.00031945985401459853
ko-be8d9564022b205d	3q3k/Qp5p/p1p2pp1/4p3/1P2P1P1/2Pn2N1/1P3PP1/6K1 b - - 1 31	1.0	enriched	0.00031945985401459853
ko-b03be38eccd5b6d2	1r6/R4ppp/5k2/1B6/2P2p2/1n3P1P/1P4P1/5K2 w - - 4 35	1.0	enriched	0.00031945985401459853
ko-ac61524125eb9f08	3R4/5qk1/5N2/5PK1/5B2/8/8/8 w - - 57 122	1.0	enriched	0.00031945985401459853
ko-9e1f5ff5f8352581	1k6/2r5/4p3/1N2P2p/7P/2p5/1b3PPK/4R3 b - - 0 48	0.0	enriched	0.00031945985401459853
ko-bdb4994ae1ebc62c	8/8/1p3kp1/4Np2/P4PpP/1Pn3K1/8/8 b - - 7 45	0.5	enriched	0.00031945985401459853
ko-abaab13ad1c725e9	8/3b1pkp/8/7P/3N2P1/5PK1/8/8 b - - 4 59	0.5	enriched	0.00031945985401459853
ko-939195bd4467ba2e	5r2/7k/p3Q1pb/3PN3/6P1/8/P3K3/1b6 b - - 0 41	1.0	enriched	0.00031945985401459853
ko-78745aabe14d7137	8/p7/1p6/4k3/Pn2p3/8/1P4K1/6B1 w - - 1 46	0.0	enriched	0.00031945985401459853
ko-3d5f6d9278c66306	rnq1kb1r/p2p1ppp/bp2p3/3nP3/3P4/P2B1N2/1P3PPP/RNBQ1RK1 b kq - 0 9	0.5	enriched	0.00031945985401459853
ko-3b066218a38339de	8/3k4/2p5/6R1/1PbnP3/P7/1K6/3N4 w - - 6 41	1.0	enriched	0.00031945985401459853
ko-650dedb90ae5fd14	8/8/1pB5/pP6/2k5/P1n1p3/8/4K3 b - - 11 83	0.0	enriched	0.00031945985401459853
ko-6258be8108df29c2	8/5pkp/8/p7/1p1rn3/P3R3/1P2B1PP/4K3 w - - 0 36	0.0	enriched	0.00031945985401459853
ko-f025e134ea3d255b	5r1k/1p4bp/3p4/3B1bP1/2Pn4/p4Q2/P2qN1K1/7R w - - 9 41	0.0	enriched	0.00031945985401459853
ko-0b7b529f7b32de3d	r7/2pBk2p/2P1pbb1/p7/5B2/P2p1n1P/1P3PK1/2R2N2 b - - 3 40	0.0	enriched	0.00031945985401459853
ko-9b7e8fdc22ed7e9f	r4rk1/1b3pbp/pq1p1np1/1pp1p3/2PnP3/1P1PNNP1/PB3PBP/R2QR1K1 b - - 7 15	1.0	enriched	0.00031945985401459853
ko-4176d0748bc9cb30	8/2p2pk1/1p1p4/3PP3/5Pp1/1B2n1P1/P7/7K w - - 2 52	0.5	enriched	0.00031945985401459853
ko-271cf7232700c158	r7/PR6/8/6k1/8/2n5/2P5/2K5 w - - 0 44	0.5	enriched	0.00031945985401459853
ko-7cdcfae5d91d3e9f	8/1R6/6k1/8/2N5/p5PK/P1r5/2b5 w - - 7 44	1.0	enriched	0.00031945985401459853
ko-3b5dcbbfce7bdad1	8/p2b2r1/3kp1p1/1npp2N1/1p3P2/2PP2P1/PP1K2B1/4R2R b - - 2 26	1.0	enriched	0.00031945985401459853
ko-2d46eea625ce0546	8/8/8/8/4N3/2Q1K3/8/1k6 w - - 9 70	1.0	enriched	0.00031945985401459853
ko-2a0299a43778734d	8/5pk1/6p1/8/2PNn2p/p2P4/P5K1/8 b - - 0 46	0.0	enriched	0.00031945985401459853
ko-41f366d067547a80	2k3r1/p3bp2/N7/7p/8/3P1b2/PPP1p1PP/R1B1R1K1 w - - 0 22	1.0	enriched	0.00031945985401459853
ko-b468c2131424dbc5	5k2/6R1/1r1p1B1p/3PpP2/4n3/7P/6P1/6K1 w - - 3 42	1.0	enriched	0.00031945985401459853
ko-c30d5a9350f3cd0a	2k5/4p3/1Pb1P1p1/2N2p1p/1K3P1P/6P1/8/8 b - - 5 59	1.0	enriched	0.00031945985401459853
ko-668e19efaef0aa07	8/1pr2p2/5k2/6R1/3N3P/3P2P1/1r3PK1/8 w - - 15 46	1.0	enriched	0.00031945985401459853
ko-ba5b5970ce58d1e0	3r4/1bk3p1/2n2p1p/2p1p3/2N5/2P2BP1/1P3PP1/R5K1 b - - 1 32	1.0	enriched	0.00031945985401459853
ko-6e038de051bb610d	8/2pk2p1/4pp1p/2Rn4/1NKP4/r5P1/5P1P/8 b - - 1 34	0.0	enriched	0.00031945985401459853
ko-66043e24add887bc	8/5p2/2NPn1p1/p1k1K1P1/8/1P6/8/8 w - - 1 48	0.5	enriched	0.00031945985401459853
ko-61e7c7da23228f45	8/R3nk2/7p/5P2/4N1K1/8/8/1r6 b - - 4 76	1.0	enriched	0.00031945985401459853
ko-cbd9b50ac47fe9aa	r3k1r1/4np2/p1p1pBpp/2NpP3/3P2Q1/2P5/3K1PPP/7q w q - 0 21	0.0	enriched	0.00031945985401459853
ko-a9fa3f36b45cd00a	2r3k1/2N1ppbp/2N2n2/p2p1p2/P2P1B2/4PPP1/1Pn4P/2R3K1 b - - 1 33	1.0	enriched	0.00031945985401459853
ko-956051fb246a167e	rn3rk1/3bnNb1/pq1N2pp/3P1p2/2P1p3/RB6/1P1BQPPP/5RK1 w - - 6 24	1.0	enriched	0.00031945985401459853
ko-606e319c6408b750	8/8/P1N5/5k2/2pp1b2/3P2p1/6K1/8 b - - 1 53	0.5	enriched	0.00031945985401459853
ko-55e12f856a4bb200	8/8/8/6K1/1k6/4n3/8/q7 b - - 1 91	0.0	enriched	0.00031945985401459853
ko-b10d76ffe8ed7dfd	k6r/p7/1p2p3/3pP3/P1nP1P2/1RP4r/5K2/1R4N1 b - - 0 44	0.0	enriched	0.00031945985401459853
ko-87af605d765153ae	4r1k1/5p2/2N3p1/4P3/p6R/2P3PQ/5PKP/2q5 b - - 2 38	1.0	enriched	0.00031945985401459853
ko-316f5d88313f277b	2rq3k/p3n1b1/1pPN3p/1P1P2p1/4P3/B2Q2P1/7P/5RK1 b - - 0 30	1.0	enriched	0.00031945985401459853
ko-1f63933168bd3cc7	8/5p1p/1Rp2kp1/1p6/1n6/2rp2B1/5PKP/8 w - - 0 44	0.0	enriched	0.00031945985401459853
ko-f93c2eceb2be9e73	6k1/2Bn1ppp/p1pPpb2/8/b1N5/5BP1/1P3P1P/6K1 b - - 4 35	1.0	enriched	0.00031945985401459853
ko-c69d05c67293d02e	4k3/pp3p1p/2p3pb/2rnN3/5P1P/PR4P1/6BK/8 b - - 2 46	1.0	enriched	0.00031945985401459853
ko-327e78d822845588	5k2/1b3p2/pp2pq2/2n1N1p1/P4PQ1/2P5/1RBr1PP1/6K1 w - - 2 29	0.0	enriched	0.00031945985401459853
ko-bd8b9b895fc62185	8/4b3/4k3/p3pp2/P1N5/1PPnBP1p/8/5K2 b - - 1 37	0.5	enriched	0.00031945985401459853
ko-a0dd4400982ac416	3r2k1/8/P3b1p1/1P1n2P1/3PpP2/2p5/2R5/1R3BK1 w - - 1 62	1.0	enriched	0.00031945985401459853
ko-1567d3a4de982bbc	5r2/pbk2ppp/4p3/2pnR3/8/1B4P1/PP3PP1/3R2K1 b - - 4 27	1.0	enriched	0.00031945985401459853
ko-c698a398fb95558c	3r2k1/1p3ppp/p2Np3/8/8/1P6/n4PPP/2R3K1 w - - 0 27	0.0	enriched	0.00031945985401459853
ko-0c0f7908512e210f	8/8/4p3/2Kb4/2n5/4k3/8/8 b - - 3 54	0.0	enriched	0.00031945985401459853
ko-537d684828a1cc51	8/7k/8/3N2p1/p1p1P3/P5K1/1P4P1/3b4 w - - 2 47	1.0	enriched	0.00031945985401459853
ko-8c81ad4382fbdbea	r4rk1/2p3pp/p2b1p2/2p1pbn1/2N5/NP6/PBP2PPP/3RR1K1 b - - 3 19	0.0	enriched	0.00031945985401459853
ko-00b8e032fbc26063	8/p2r3p/PpN5/1P3kp1/5p2/1P6/2RnK1PP/8 b - - 4 49	0.5	enriched	0.00031945985401459853
ko-498f5bd21691c434	r5k1/6p1/6P1/1p1NpPp1/2pbP3/5K2/1PR5/8 b - - 1 44	1.0	enriched	0.00031945985401459853
ko-58f81eed4e921396	5k2/8/p7/1p1N2p1/6p1/1P2P1P1/n1RK2P1/r7 w - - 0 38	1.0	enriched	0.00031945985401459853
ko-37ecb6ec6a5ac921	5r2/8/R4p2/3Npk2/2P4P/1P3K2/P7/8 w - - 3 60	1.0	enriched	0.00031945985401459853
ko-c3856163b24eafd4	6k1/1p6/p2p2P1/2pP3B/2P1n3/1P2q3/P1Q5/5K2 b - - 3 35	0.0	enriched	0.00031945985401459853
ko-683aac677232b2df	8/8/5kpP/4p3/2n1K3/p1N5/6P1/8 w - - 2 56	0.0	enriched	0.00031945985401459853
ko-38483f1130f87ee1	r1r3k1/pb3ppp/1p1N4/8/4p3/4P3/PP3PPP/2RR2K1 b - - 0 18	1.0	enriched	0.00031945985401459853
ko-6d166a4fa6782f2c	2Rb1n2/1p1rk3/p2pNp1p/3P1P2/4N3/1P5P/P7/6K1 w - - 3 35	1.0	enriched	0.00031945985401459853
ko-33f812f8e6603ccd	3r2Q1/pp1k1p2/4r3/3N4/2Pq4/1P5P/P5B1/5R1K w - - 7 36	1.0	enriched	0.00031945985401459853
ko-5471d160d707ed95	8/4bk1p/p7/5Np1/2P3P1/r4n1P/P5K1/4R3 w - - 0 39	0.5	enriched	0.00031945985401459853
ko-01d8e130c012380a	3rr1k1/1bp2pbq/pp5p/P2nN1p1/1nBPN1P1/7P/1P1Q1P1B/R3R1K1 w - - 1 22	0.0	enriched	0.00031945985401459853
ko-7a828b9445b11fbc	4k3/6p1/p1N1p3/4K2p/5P1P/1P4P1/5n2/8 b - - 5 43	1.0	enriched	0.00031945985401459853
ko-a4172a04afe5379c	8/5pp1/N1Nn4/1p1P2k1/1P6/8/5P2/6K1 b - - 0 41	1.0	enriched	0.00031945985401459853
ko-427ac3025b2b6404	2rq1rk1/p2b2p1/1pn2b1p/3np3/3p4/PN1B1N1P/1P2QPP1/R1B1R1K1 b - - 1 17	1.0	enriched	0.00031945985401459853
ko-2a2d1b5f03069d35	8/1p6/p1q2pp1/4p2p/1P1n1k2/1P1Q4/5PP1/6NK b - - 1 51	1.0	enriched	0.00031945985401459853
ko-1e0f48196e024959	8/1kpr4/4p2p/3rP1p1/1PN2p2/7P/6P1/2R4K w - - 1 39	0.0	enriched	0.00031945985401459853
ko-5352b640b1f5cb37	8/8/7p/2pN4/P1P1k1P1/5p2/r7/5K2 b - - 11 69	0.0	enriched	0.00031945985401459853
ko-3da99cfbfc27e9fe	7r/4bk2/5p2/1np1p3/4P3/8/1B1N2B1/5K2 w - - 4 49	0.0	enriched	0.00031945985401459853
ko-0c6ef5aa8b93c277	4k3/6K1/8/8/b2N4/8/7P/8 b - - 5 72	0.5	enriched	0.00031945985401459853
ko-c589900c022dd86a	8/4kpp1/N4n1p/Bp2p3/1P2p3/2r2P2/5KPP/8 w - - 0 29	0.0	enriched	0.00031945985401459853
ko-684d6ee28d96e836	r3k2r/5ppp/n3p3/p3P3/P1Np4/8/5PPP/R2R2K1 b kq - 1 21	0.5	enriched	0.00031945985401459853
ko-011c63a6cab3f9d9	8/1Kp2pk1/2p3pp/2Pn4/2R2Pr1/P7/1P6/2B5 b - - 1 32	1.0	enriched	0.00031945985401459853
ko-8b6047e7919b644a	8/2b3p1/2k1p3/1pNp3p/p2P1Pb1/P1P1K1P1/1P1B3P/8 w - - 0 37	0.0	enriched	0.00031945985401459853
ko-057827ba7300319f	3r3k/p3p1b1/6p1/2p3Np/p1B1PP1P/B1P5/P2P2P1/R3K3 b Q - 0 20	1.0	enriched	0.00031945985401459853
ko-ec0abda89f8ade1b	4r3/2pkP3/ppN4p/1P6/1K6/2N5/P1P5/8 b - - 1 45	1.0	enriched	0.00031945985401459853
ko-9dbeebe3ad539116	8/8/3k4/3P4/5K2/2n5/8/6N1 b - - 0 61	0.5	enriched	0.00031945985401459853
ko-ebe11bc932f53c73	8/7p/2n2pp1/3N1k2/5P1P/4K3/P5P1/8 b - - 7 34	1.0	enriched	0.00031945985401459853
ko-74fd88d59a1e0e5c	8/p1p2pkp/r2n2p1/2NR4/P5P1/1P2P3/4KP1P/8 b - - 0 25	1.0	enriched	0.00031945985401459853
ko-6d5441d7994da7ae	b7/7k/p7/5p1P/8/4n1r1/1P4B1/2R3K1 w - - 0 37	0.0	enriched	0.00031945985401459853
ko-56f4c82fb7e8cf72	3n1rk1/2rb1p1p/2pN2p1/4N2n/4P3/6PP/P4PBK/1R3R2 b - - 0 32	1.0	enriched	0.00031945985401459853
ko-c736f64dce187ca2	5k2/5p2/p2q2p1/1p3b2/3nr3/3R3P/PP3QP1/5R1K b - - 0 32	1.0	enriched	0.00031945985401459853
ko-5fbf9891437b14a1	3r4/3k1n2/R2p1pp1/1NpPp2p/2P1P3/6PP/6P1/6K1 b - - 0 45	0.5	enriched	0.00031945985401459853
ko-8f78fdaca5da204f	3r4/6k1/8/3bNp2/p4PP1/4R3/8/6K1 w - - 0 51	0.5	enriched	0.00031945985401459853
ko-9e719632e2b23774	5rk1/1Q6/4p1p1/7p/2P1NPn1/4q1P1/2np1R1P/1R4K1 w - - 0 36	0.0	enriched	0.00031945985401459853
ko-3ad01cc7cfbc651e	6k1/3nqp1p/rp2p1p1/1N2Pn2/2PP4/2Q3PP/5PB1/5RK1 w - - 1 30	1.0	enriched	0.00031945985401459853
ko-d76392a20006fc9c	r1b2rk1/1p1n2b1/2pNp1p1/p3p2p/P3P3/2N1B2P/1PP2PP1/R4RK1 w - - 0 18	1.0	enriched	0.00031945985401459853
ko-1428761050da0b99	r1nr4/1p3k1p/1b2p1pP/3pPp2/2nP1N2/3R2N1/1BP2PP1/2KR4 b - - 8 27	1.0	enriched	0.00031945985401459853
ko-a19fe6238502de4b	2r3k1/p2R1p1p/bp2p3/4N3/7P/1Pn3P1/P5BK/8 b - - 2 28	1.0	enriched	0.00031945985401459853
ko-7e6b1cdd5ae9d7bb	8/6k1/4B1p1/4N1K1/P4Pp1/6r1/5r2/8 w - - 0 48	0.0	enriched	0.00031945985401459853
ko-475f1e25c2d26317	6k1/8/p1q1ppp1/P1Pn3p/3Q3P/6P1/5P1K/8 b - - 0 42	0.0	enriched	0.00031945985401459853
ko-2226c131426dab4b	5b2/2r2pk1/2Nn2pp/pp1P4/5PP1/7P/B7/4RK2 w - - 0 38	1.0	enriched	0.00031945985401459853
ko-42d7fb5d20347fd4	4r1k1/4qnb1/1p1p2p1/1NpP1p2/P4P2/2N3pP/1P1Q2K1/R7 w - - 1 29	0.5	enriched	0.00031945985401459853
ko-ccfdc73120857f48	8/8/p1q1k1p1/P1Pn1p1p/2Q2P1P/6K1/8/8 w - - 4 51	0.0	enriched	0.00031945985401459853
ko-06a066002ae8ed11	8/2k5/3R4/2P1pN2/1r2Pb2/7P/8/4K3 w - - 4 48	1.0	enriched	0.00031945985401459853
ko-c1f7dd325ea1acd6	8/7R/1ppk1p2/r3nPp1/P2KP3/2P5/1N6/8 w - - 9 40	1.0	enriched	0.00031945985401459853
ko-1715304c38644ce4	2r3k1/1N4p1/4p2p/N7/1r6/3nP2P/5PP1/5RK1 w - - 0 37	1.0	enriched	0.00031945985401459853
ko-1e4af86ed4a6d908	3rr1k1/p5p1/1p6/2pP1pPP/3np3/3P2PB/PP6/4RRK1 w - - 0 28	1.0	enriched	0.00031945985401459853
ko-d8ef2812fbddeeb6	2r5/6k1/8/8/R2N4/2P5/6nP/2K5 w - - 0 41	0.5	enriched	0.00031945985401459853
ko-04a1eccdb18ed62b	3q3k/6rp/3pB1P1/2p1nP2/1pPb4/7Q/4K3/7R b - - 2 36	1.0	enriched	0.00031945985401459853
ko-3d09cea81590822d	5k2/8/8/1pRN2p1/p3P1p1/1P4P1/n2K2P1/r7 w - - 0 40	1.0	enriched	0.00031945985401459853
ko-a587eebaa9a94d6b	3r4/p7/R4Npk/2p1p2p/2P1Pp1P/5P2/2K3P1/8 w - - 0 33	1.0	enriched	0.00031945985401459853
ko-547f8da9e7d46491	2rk4/pp1b1p2/3p1p2/3N1P2/3QP3/1P1B4/P2K1R1q/8 b - - 6 36	1.0	enriched	0.00031945985401459853
ko-3845ff0f4791b97a	8/8/2Nbk3/p7/rp4R1/8/6K1/8 w - - 6 61	0.0	enriched	0.00031945985401459853
ko-dc5498aa0d45235e	8/p7/1p4p1/3N2k1/4K2p/1rP5/1p3P2/1R6 w - - 0 52	0.0	enriched	0.00031945985401459853
ko-27d930455e12cbd4	8/6pp/6k1/5pr1/4n3/8/1P4PP/6RK w - - 0 42	0.0	enriched	0.00031945985401459853
ko-d763973ab83bb875	6k1/2nQ1pp1/7p/1p1p4/3PP2P/2PBn1P1/5K2/r7 b - - 4 41	1.0	enriched	0.00031945985401459853
ko-3cf7415147aae1bb	8/3n2k1/1p1p1rp1/p1pNp2p/2P1P3/P2PP1P1/6K1/1R6 b - - 1 38	1.0	enriched	0.00031945985401459853
ko-84cbf84d8744e4b5	8/4k3/5Rp1/6Np/7P/6P1/r1r2PK1/8 w - - 9 75	1.0	enriched	0.00031945985401459853
ko-9dc1b7500e80916d	8/4N3/8/p7/4k1P1/2n4P/5K2/8 w - - 3 46	1.0	enriched	0.00031945985401459853
ko-eae87e64b2d13184	6k1/2R2pp1/p7/6rp/5r2/BP1n3P/P5PK/3R4 b - - 3 30	0.0	enriched	0.00031945985401459853
ko-8f094fdd2e57b8c1	3r1k2/p1pbn3/1p4pp/2p1Np2/2P2P2/1P3BP1/P4P1P/2K1R3 w - - 6 26	0.5	enriched	0.00031945985401459853
ko-8ac69e7b84006878	6k1/4q1p1/P1p5/2Np1p2/2pP2p1/5bP1/1P1Q3P/6K1 w - - 6 35	1.0	enriched	0.00031945985401459853
ko-6ac1a2949925696f	6B1/8/3p2p1/3n4/1p2k3/2b3KP/8/1R6 b - - 0 72	0.5	enriched	0.00031945985401459853
ko-a87ee3eff3bd493c	r2qr1k1/pbn2pbp/1p1p2p1/2p5/2P1nP2/2N1BB1P/PPNQ1RP1/R5K1 w - - 0 20	0.5	enriched	0.00031945985401459853
ko-9f48f992966a2dde	8/8/6n1/1N5p/2p5/3k3K/1P6/8 w - - 33 80	0.5	enriched	0.00031945985401459853
ko-db5cdde7a412e716	8/2p5/p1r3k1/1p6/1Pn2BP1/P1R3KP/8/8 b - - 3 51	0.5	enriched	0.00031945985401459853
ko-06432c7927225c52	8/8/3N1p1k/p2p4/7p/3KP3/5r2/6R1 w - - 0 49	0.5	enriched	0.00031945985401459853
ko-4d26e4ce1d91df89	8/5k1p/6p1/p7/PbN1p3/7P/4KPP1/8 w - - 4 42	1.0	enriched	0.00031945985401459853
ko-11185c0712dd3510	8/2r1r1kp/R5p1/5p2/PPp1p3/2NnP3/5PPP/1R3K2 b - - 0 34	1.0	enriched	0.00031945985401459853
ko-2c85019eab86afdb	8/2p1k2p/1p1p2p1/pPnP1pPP/2P2P2/4K3/P7/3B4 w - - 1 30	0.5	enriched	0.00031945985401459853
ko-83ca50ecaf6b02c3	8/R1p1k1p1/3p2n1/1b1Pp1P1/1Pn1P3/8/5BK1/8 b - - 4 51	0.0	enriched	0.00031945985401459853
ko-9a4bf3c9b8a0a7ee	6k1/5pp1/1N3n1p/3pb3/8/3R1P1P/r4BP1/5K2 w - - 0 35	0.5	enriched	0.00031945985401459853
ko-7b2c7fafdc9d70dc	4r1k1/pp6/4Npp1/2p5/8/2P2K2/PP3P2/4R3 w - - 0 30	1.0	enriched	0.00031945985401459853
ko-ee98873c516f1033	1kr5/p3p3/1p2N3/2pq4/7Q/2P2Pp1/PP6/K3R3 w - - 0 40	1.0	enriched	0.00031945985401459853
ko-4bd687119d26927d	1r6/3R4/3R2pk/1np5/2K5/8/1P6/8 b - - 18 69	0.0	enriched	0.00031945985401459853
ko-2c04a2fbc9bc36c4	8/6bk/3p2p1/2nP4/2P2NBp/1r5P/5PP1/3R2K1 b - - 0 39	1.0	enriched	0.00031945985401459853
ko-262274dc3ba5ffa8	1r1q1rk1/4bbpp/1pn2p2/p1p1p3/PnN1N1P1/1P1P3P/1B2PPB1/2RQ1RK1 w - - 1 20	0.0	enriched	0.00031945985401459853
ko-ac21008a87531ec5	5kn1/1R4p1/1p3r1p/1N1B4/4K2P/2P5/8/8 b - - 2 70	1.0	enriched	0.00031945985401459853
ko-95eb4e2b7c2687ea	r5k1/3bpp2/q5p1/1p1p4/1P2nP1N/1P5P/PQR3P1/1K5R b - - 1 28	0.5	enriched	0.00031945985401459853
ko-9d9f1f8fb01ccdc2	6B1/p2k4/1p2p1R1/8/P2n1P2/2b3PP/3p4/3K4 w - - 0 45	1.0	enriched	0.00031945985401459853
ko-442b7ecb317a3720	8/p5pp/1k2N3/1p6/2p5/5K1P/PP3PP1/8 b - - 1 31	1.0	enriched	0.00031945985401459853
ko-8a42fc4071c300ed	7R/8/8/3Nk3/7p/7P/6PK/8 w - - 0 56	1.0	enriched	0.00031945985401459853
ko-16af00a36421dea6	1n2r3/r3k1pp/2pRpp2/p1P5/PpN1PP2/6P1/1P4KP/3R4 w - - 3 26	1.0	enriched	0.00031945985401459853
ko-e5b435ea5bc6bd7e	5rk1/p2R3p/1p4p1/2pNN3/8/P5PK/1P5P/4n3 b - - 5 32	1.0	enriched	0.00031945985401459853
ko-5d2973b8fd812506	r4rk1/p2bnpp1/1p5p/2np4/3N4/2P5/PPBN1PPP/R4RK1 w - - 3 17	1.0	enriched	0.00031945985401459853
ko-41642e527058b1bc	3r2k1/1p3p1p/p1bq2p1/3p4/3N4/2P2Q1P/PP3PP1/4R1K1 b - - 5 25	0.5	enriched	0.00031945985401459853
ko-6f45f9637eb60c87	5r2/1p5p/6p1/1P2k3/R1p1p3/2NnPrPP/2R2P2/5K2 w - - 12 41	0.5	enriched	0.00031945985401459853
ko-e374a94dfcb75931	2b5/5p2/5N2/2kPP3/1pp5/5P2/1P1KR3/7r w - - 1 44	1.0	enriched	0.00031945985401459853
ko-80495b0c53331c9f	6k1/1p5n/4p3/p1p2pp1/P7/2P1n1N1/1r6/4R1K1 b - - 1 56	0.0	enriched	0.00031945985401459853
ko-5deca477a8cfe9b7	8/8/7k/3NK1pp/4Bn2/8/6PP/8 b - - 5 54	1.0	enriched	0.00031945985401459853
ko-4ff1df75e1bd5168	8/1p2k3/8/5Q2/P2NP3/5PK1/r7/8 w - - 4 47	1.0	enriched	0.00031945985401459853
ko-15a7a5af70081ab0	4Rb2/1n3k2/4N3/1p1r4/8/1P6/P5K1/8 w - - 4 52	0.5	enriched	0.00031945985401459853
ko-4c33ed065b0abc17	6k1/5p1p/3rp3/1p3P2/1Nr5/P7/1b3PPP/4Q1K1 w - - 0 27	0.0	enriched	0.00031945985401459853
ko-45395ec2b340934f	r7/5ppk/p1Nn3p/PpNP1b2/1P6/7P/5PP1/3R2K1 w - - 3 31	1.0	enriched	0.00031945985401459853
ko-8751e02d9319d5d5	6k1/p5p1/8/6p1/1P2Np2/5P2/1r1r2PP/4RK2 b - - 9 42	0.0	enriched	0.00031945985401459853
ko-968c0ecc6150d445	6k1/5p1p/P1N5/6p1/8/b1p5/3pKPPP/2rR4 b - - 0 39	0.0	enriched	0.00031945985401459853
ko-ddcfdbd0a5c124b8	2r5/4n2k/p3q1pp/4Np2/4P2P/5QPK/1B1P1P2/R7 b - - 0 28	1.0	enriched	0.00031945985401459853
ko-0057a74b681c690a	1n2k2r/4bpp1/2p5/3pPnP1/3P3p/2N1BN1P/5P2/R5K1 w k - 1 24	0.0	enriched	0.00031945985401459853
ko-5c8674a59c4ebb41	1k6/1pp5/p7/3P4/P2n2P1/1P2QP2/5NKP/3q4 b - - 4 37	1.0	enriched	0.00031945985401459853
ko-346fbebe47dc1975	8/8/2k2p2/1p2p1p1/1Bn1P1P1/3K1P2/5r2/R7 b - - 1 43	1.0	enriched	0.00031945985401459853
ko-a0452b5aa07d0583	3r1nR1/5p2/p2k1P2/2p2nP1/2PpR3/1P1P4/3K4/8 w - - 4 51	1.0	enriched	0.00031945985401459853
ko-495a3363a1bf0783	4N3/8/7p/6kP/1n6/p7/8/K7 w - - 2 72	0.0	enriched	0.00031945985401459853
ko-edef27660840c254	3q1bk1/1p3p2/2p3p1/5b1p/p1P1NP1P/P2n2P1/3BQ1BK/8 w - - 2 33	0.0	enriched	0.00031945985401459853
ko-5c7509e5ac379565	5rk1/6b1/1p2q1np/p1p3p1/2PpN1P1/1P1P4/P2BP1Q1/6RK w - - 8 39	0.5	enriched	0.00031945985401459853
ko-69497a71c764e736	8/5pp1/6kp/3Nn3/4P2P/pK4P1/5P2/8 b - - 5 49	0.5	enriched	0.00031945985401459853
ko-4ee929d97acc8f75	8/6p1/4p2p/1k1rP3/1pp1N2P/p3P3/R3K1P1/8 w - - 4 50	0.5	enriched	0.00031945985401459853
ko-54ba92fc0ff5cb44	8/7p/1P1k1n2/3P1p2/3KpN2/4P1P1/8/8 b - - 0 56	1.0	enriched	0.00031945985401459853
ko-9fe51cc7ffbc29b7	2r5/pp3kpp/8/3N1p2/3P2n1/7P/PP4P1/5RK1 b - - 0 30	0.5	enriched	0.00031945985401459853
ko-b532602cd3992530	8/p3b3/2N3p1/2p2k1p/P2p1P2/3P1K1P/8/8 b - - 1 46	0.5	enriched	0.00031945985401459853
ko-49185fa4862cf159	8/6n1/4p2p/p2kp1PP/1pp1N2K/2P2P2/PP6/8 b - - 0 56	1.0	enriched	0.00031945985401459853
ko-d1d0b1458050cfc2	r2b4/6p1/2p2k2/p6p/3PpPnP/6K1/PP6/3R1R2 w - - 0 26	0.5	enriched	0.00031945985401459853
ko-97646644e5a27042	R2bk3/5pp1/7p/3NP2P/2PP1P2/5K2/8/1r6 b - - 0 53	1.0	enriched	0.00031945985401459853
ko-fe301c9a0f4279c9	8/p7/kp2p3/3pPn2/P2P2r1/3R1N2/5K2/8 b - - 5 61	0.0	enriched	0.00031945985401459853
ko-6f1cafc47fb8c2cc	1r2bb2/2p2k2/p4pn1/N1p1p2p/7P/BPP1NK2/P4P2/3R4 w - - 5 41	0.0	enriched	0.00031945985401459853
ko-e7b47fe8b4146c48	R7/7k/8/3NQ3/7p/7P/6P1/7K w - - 1 47	1.0	enriched	0.00031945985401459853
ko-efbeae2716f704a9	7k/1p5r/pN1P1n2/P5pq/1p3p2/4pP1P/2P2RQ1/5K2 w - - 0 36	1.0	enriched	0.00031945985401459853
ko-88c91fe233dcaf00	r7/PR3pkp/4n1p1/1P1pP3/2n5/1N2P2P/5PP1/5K2 b - - 0 39	1.0	enriched	0.00031945985401459853
ko-c6ad3f3b6190a183	2b5/1p3kp1/p1p1p2P/P1PpP1K1/1P2pPN1/4P3/8/8 b - - 0 78	1.0	enriched	0.00031945985401459853
ko-44dcb3fc1868f182	7k/Bp4pp/3n4/1P1B4/P3p3/2rn3P/5PK1/3R4 b - - 0 39	1.0	enriched	0.00031945985401459853
ko-9e895fab04384ae9	2k5/3b2p1/5p1p/p2NpP1P/1pK1P1P1/1P1B4/P4b2/8 w - - 4 37	0.0	enriched	0.00031945985401459853
ko-194285aed055a881	8/3k1n1p/r5p1/3p1p2/P2N4/1P2KPP1/2R4P/8 w - - 1 40	1.0	enriched	0.00031945985401459853
ko-e4e27a17919236b5	8/7k/4n3/5NPP/7K/8/8/8 w - - 3 92	1.0	enriched	0.00031945985401459853
ko-c65fed444806cf6f	4r1k1/R4p1p/4p1p1/2Rn4/p3rP2/P5PP/7K/5B2 b - - 1 32	0.0	enriched	0.00031945985401459853
ko-fcd0e5c16f532ea1	8/5k2/p4B2/1p4P1/5n2/P1P2K2/7P/8 b - - 4 45	1.0	enriched	0.00031945985401459853
ko-9fc360305a5943d0	2r3k1/p2q1n1p/1p2NPn1/3P2B1/8/P4Q2/6P1/2R3K1 w - - 5 30	0.0	enriched	0.00031945985401459853
ko-3954b88777cb0973	6k1/5q1p/3B1p2/3P4/7p/1P3n2/2B5/1K1R4 b - - 1 52	0.0	enriched	0.00031945985401459853
ko-dfdde975603a2576	7r/pp3pk1/1b1p2p1/6p1/2rNP1P1/5P2/PP1R2P1/3R2K1 b - - 4 31	0.0	enriched	0.00031945985401459853
ko-3979daf25c43f6b2	r4q1k/6p1/6Qp/1pbNp2P/2p1PP2/6P1/1P4K1/3R4 b - - 0 37	1.0	enriched	0.00031945985401459853
ko-44a23e1b6dd4f913	6k1/r2b1p2/3N2pp/b1pPp3/4P3/2N4P/2P2PP1/R5K1 w - - 2 41	1.0	enriched	0.00031945985401459853
ko-8d5639a0e3e9e8dd	k1b5/8/8/2NnN1p1/P2P4/1P6/1K6/8 b - - 1 46	1.0	enriched	0.00031945985401459853
ko-ee8d3911ee162abb	8/1p2k3/3p1p2/1PpPpKn1/2P1P3/8/6B1/8 w - - 4 52	0.5	enriched	0.00031945985401459853
ko-319f3da99dd10e3a	3N2k1/p3r1pp/1p1R4/8/P7/1Pn4P/2P2PP1/6K1 b - - 0 33	0.0	enriched	0.00031945985401459853
ko-511a3b9d3da9e1e1	8/8/P7/1R6/4Bpk1/4n1p1/r7/7K b - - 0 59	0.0	enriched	0.00031945985401459853
ko-ed2cdc522f8053ff	6k1/8/6P1/p2r1n2/P4P2/1PP4P/2RpK3/8 b - - 0 51	0.0	enriched	0.00031945985401459853
ko-2dbdb7033113350b	8/5p1k/5p1p/3R1N1P/8/4PPK1/1r4P1/5b2 w - - 3 51	1.0	enriched	0.00031945985401459853
ko-1a2514233c58bb0f	3r3k/ppb5/8/2p4B/2N1pq1p/2P2n1P/PP3PRP/R6K b - - 4 30	0.0	enriched	0.00031945985401459853
ko-e8e4198626e2337e	r2r1k2/2p2p2/2p2N1p/8/pb6/8/PP3PPP/R2R1K2 w - - 0 21	0.5	enriched	0.00031945985401459853
ko-b523506c8a232355	r1b2rk1/1pq2ppp/p4n2/8/1bnNp3/2N1P2P/PP1BBPP1/RQ2K2R w KQ - 6 16	0.0	enriched	0.00031945985401459853
ko-21d0a7b87e363bf5	8/1k6/1p6/3q1p1Q/p3pB2/3nP1PP/5P2/6K1 w - - 1 49	0.0	enriched	0.00031945985401459853
ko-cab9e9894361921d	8/8/5rp1/3kn3/7P/4R1P1/6K1/8 w - - 3 45	0.0	enriched	0.00031945985401459853
ko-737aad6b4c2c898d	2b2rk1/5p1p/2R2pp1/prN5/2p4P/P4P2/1P4P1/2K1R3 b - - 0 26	0.5	enriched	0.00031945985401459853
ko-4480cff36274afe8	8/2R5/3K4/1k1N4/8/8/8/7r w - - 65 122	0.5	enriched	0.00031945985401459853
ko-29ae21a985c8ec82	r5k1/5p1p/2Np2p1/3r4/p7/8/4RPPP/5K2 b - - 1 25	0.0	enriched	0.00031945985401459853
ko-de0345e4216f182a	4r3/4Pk2/2KB4/2p2p1p/2P1n1pP/1P6/P7/4R3 b - - 5 46	0.0	enriched	0.00031945985401459853
ko-827f01dffe28ca0f	2r3k1/1b2R1p1/1q3p1p/p2p4/1p1n1PP1/P1N5/1P3QP1/5RK1 w - - 0 30	1.0	enriched	0.00031945985401459853
ko-f277d9db20f67d95	5bk1/1q3p2/n1Np3p/1p1P1bp1/2pP4/2P3PP/1P1BQ1BK/8 w - - 3 32	1.0	enriched	0.00031945985401459853
ko-5ab7b8f8379ef65c	8/2rr1p2/1pN1pN2/pPb1P2p/2P4k/1P6/4K3/5R2 w - - 0 48	0.0	enriched	0.00031945985401459853
ko-219d562a87371fde	r1bq3r/pp1pkppp/2nNpn2/2b5/4P3/2N5/PPP2PPP/R1BQKB1R w KQ - 4 8	0.0	enriched	0.00031945985401459853
ko-03f6e2cdbb14277b	r7/1p2k1p1/4pp1p/1P1nP3/4N2P/8/5PP1/2R3K1 w - - 0 26	0.0	enriched	0.00031945985401459853
ko-e12da45cd4c0d80f	5rk1/7p/p1p3p1/3p4/P1n2b2/8/5PPP/BR1R2K1 w - - 1 35	1.0	enriched	0.00031945985401459853
ko-4c949ea0b9314719	8/p6p/5Qpk/2p2p2/2n2q2/P1P3N1/6PP/7K w - - 0 30	1.0	enriched	0.00031945985401459853
ko-eb893a9920244b67	3r1k1r/pp2n1bp/n1pNp1p1/4p3/2P5/6PB/PP2PP1P/R1BR2K1 w - - 8 15	1.0	enriched	0.00031945985401459853
ko-96d131f94859f447	8/4Q3/2q3pk/p3p3/P3N1Pp/4P2P/5PK1/8 w - - 2 53	1.0	enriched	0.00031945985401459853
ko-285592da238a7c6a	5rk1/6pp/2p2b2/3q1p2/Np2nB2/1P5P/1PP1Q1P1/5R1K b - - 7 23	0.0	enriched	0.00031945985401459853
ko-603d5ecf27841995	r1bq1rk1/pp3ppp/3b1n2/4n3/2BNp3/2N1P2P/PP3PP1/R1BQK2R w KQ - 2 12	0.0	enriched	0.00031945985401459853
ko-13c98ae03d5d8386	1r3bk1/5p1p/5qp1/1N1nN3/Q2p4/6P1/5P1P/1R4K1 w - - 1 25	0.0	enriched	0.00031945985401459853
ko-9a3f1b254fe62d5e	r1b2rk1/p3bppp/1qn1p3/1p2P3/3p1PP1/P2BnN1P/1PPNQB2/R3K1R1 b Q - 2 15	1.0	enriched	0.00031945985401459853
ko-f1f0cac91779010d	8/8/1Nr1k1p1/5p2/P7/2P5/2K5/7r w - - 8 54	0.0	enriched	0.00031945985401459853
ko-0e83e9a938d956a1	6k1/p4pp1/1p4p1/2P1P3/P2nP1P1/7P/5rBK/3R4 b - - 0 37	0.0	enriched	0.00031945985401459853
ko-d9ef7521e98e9825	8/2b3p1/2k1p3/1pNp1b1p/p2P1P2/P1P1K1P1/1P1B3P/8 w - - 8 41	0.0	enriched	0.00031945985401459853
ko-8c260518caa77f11	8/7p/8/2P5/5Np1/5P2/1k3K1P/7b w - - 0 50	1.0	enriched	0.00031945985401459853
ko-0e0e51723033b235	r7/2BBk2p/2P1pb2/p2b4/8/P2p1nNP/1P3PK1/2R5 b - - 0 42	0.0	enriched	0.00031945985401459853
ko-ef791d46730c958f	8/8/6p1/2pPkp2/8/1PNn3P/6P1/5K2 b - - 8 51	0.5	enriched	0.00031945985401459853
ko-e566f3af3a4569ef	r6r/6R1/bk1pN2p/1p1Pn2P/p1n2B2/2P5/P1B5/2K1R3 b - - 3 33	1.0	enriched	0.00031945985401459853
ko-f2eee6133a24c894	8/5pk1/3N1b2/2p3p1/3p2P1/1r3P2/3BK3/8 b - - 3 49	0.0	enriched	0.00031945985401459853
ko-ab8446452eaa59eb	4Q3/6pk/5pN1/p7/1p6/6P1/1q3PKP/8 w - - 8 46	1.0	enriched	0.00031945985401459853
ko-a652f7ca72272fe3	8/1R6/1p1p4/pP1Pn3/4k1pp/P7/5K2/8 b - - 2 52	0.0	enriched	0.00031945985401459853
ko-026d0dbf114790de	8/2P5/1K4k1/R1N1rbp1/6p1/6P1/P2R4/2r5 b - - 1 44	1.0	enriched	0.00031945985401459853
ko-4af80e0a62f727ef	r1b1kb2/1p1n1p2/p6p/3p1Np1/3Bnp2/3B4/PPP3PP/R3K2R b KQq - 1 17	0.0	enriched	0.00031945985401459853
ko-b1c88bdcac137fdc	8/pp3bk1/7p/4n3/7P/2P5/1P2P1BP/5RK1 w - - 0 27	1.0	enriched	0.00031945985401459853
ko-f4ebcf190edab7e6	1r5k/1p5p/p1nppb1q/2p2p2/P1Pn1P2/1PN3QP/6P1/3BRRK1 b - - 4 25	0.0	enriched	0.00031945985401459853
ko-cf0a77cf9fd6b7c6	5r2/R2R1pk1/2B1p1p1/7p/p4PnP/P5PK/r7/8 w - - 12 41	0.0	enriched	0.00031945985401459853
ko-85de289471680edc	r3kb1r/1b1np2p/pqp1N1p1/1p1n4/P1pPN3/8/1PQ1BPPP/R1B1K2R b KQkq - 0 13	0.0	enriched	0.00031945985401459853
ko-6c16439855d4e402	4bk2/1R2n1p1/1p1rP2p/1P1p4/3N3P/2P1KB2/8/8 b - - 4 66	1.0	enriched	0.00031945985401459853
ko-4848db3703957196	3R1b1r/7p/1p2N1p1/p7/PkP5/4P3/4KPPP/8 b - - 0 28	1.0	enriched	0.00031945985401459853
ko-29be51f815b36a3b	8/8/4p2p/3p2kP/1K1n1NP1/3P4/2r5/5R2 b - - 1 42	0.0	enriched	0.00031945985401459853
ko-bb0552834f434b7e	5rk1/5p1p/6p1/R7/3R1n2/P4P1P/5P2/1r3BK1 b - - 2 27	0.0	enriched	0.00031945985401459853
ko-f18876ec3f89c3b6	8/7p/p4k2/8/3N4/r7/5K1P/8 b - - 3 40	0.0	enriched	0.00031945985401459853
ko-36f10fd0d7c2f721	8/8/4k3/p2N4/2p1P2P/P7/3K4/8 b - - 4 58	1.0	enriched	0.00031945985401459853
ko-3b1cdb020a53d36e	8/8/5k2/4p2p/3nPpp1/5PPP/3N2K1/8 b - - 0 55	0.5	enriched	0.00031945985401459853
ko-a8c75246eeabcb21	3r4/2p2pk1/5bpp/3P4/1B1n1P1P/6P1/6B1/3R2K1 b - - 0 29	0.5	enriched	0.00031945985401459853
ko-34ede2915b2c958c	r5k1/Pr5p/3p2p1/2n5/3N1P2/R7/1P4PP/R4K2 b - - 0 31	1.0	enriched	0.00031945985401459853
ko-0ff579e80c14841f	8/4b2p/N3k1p1/2p1p3/1pN1K3/1P5P/6P1/8 w - - 4 45	1.0	enriched	0.00031945985401459853
ko-453857ee29e9cba5	8/7p/1p5P/5p2/2kpnP2/7r/K7/8 b - - 11 63	0.0	enriched	0.00031945985401459853
