family	canonical_params	numerical_rank	null_dims	condition_number	max_internal_corr	low_support_count
PieceValue	5	5	0	1.000	0.000	0
PawnStructure	1	1	0	1.000	0.000	0
PassedPawnV2	13	13	0	3.840	0.682	1
PieceSquare	86	86	0	4.380	0.741	22
KnightMobility	9	9	0	1.480	0.412	0
BishopMobility	14	14	0	2.100	0.535	0
RookMobility	15	15	0	1.950	0.489	0
QueenMobility	8	8	0	2.450	0.618	3
Attack	11	11	0	4.150	0.724	2
Inline	8	8	0	2.480	0.462	0
RookFile	4	4	0	1.250	0.315	0
KnightOutpost	4	4	0	2.180	0.583	2
IsolatedPawn	2	2	0	1.050	0.184	0
RookBehindPassedPawn	2	2	0	1.100	0.201	0
EndgameWeights	3	3	0	2.820	0.640	0
KingSafety	17	17	0	3.920	0.711	2
