direction	pairs	D	sign	reference_D	agreement	ci_low	ci_high
0	8	3.0	1	-3.0	0		
0	16	6.0	1	-3.0	0		
0	32	2.0	1	-3.0	0		
0	64	-3.0	-1	-3.0	1	-23.0	17.0
1	8	6.0	1	4.0	1		
1	16	13.0	1	4.0	1		
1	32	11.0	1	4.0	1		
1	64	4.0	1	4.0	1	-18.0	25.0
2	8	2.0	1	-7.0	0		
2	16	1.0	1	-7.0	0		
2	32	-5.0	-1	-7.0	1		
2	64	-7.0	-1	-7.0	1	-26.0	13.0
3	8	1.0	1	-8.0	0		
3	16	2.0	1	-8.0	0		
3	32	-1.0	-1	-8.0	1		
3	64	-8.0	-1	-8.0	1	-28.0	12.0
4	8	-2.0	-1	0.0	0		
4	16	1.0	1	0.0	0		
4	32	0.0	0	0.0	1		
4	64	0.0	0	0.0	1	-23.0	23.0
5	8	-5.0	-1	-3.0	1		
5	16	-2.0	-1	-3.0	1		
5	32	-2.0	-1	-3.0	1		
5	64	-3.0	-1	-3.0	1	-23.0	17.0
6	8	-2.0	-1	-8.0	1		
6	16	-3.0	-1	-8.0	1		
6	32	-2.0	-1	-8.0	1		
6	64	-8.0	-1	-8.0	1	-28.0	13.0
7	8	-3.0	-1	2.0	0		
7	16	4.0	1	2.0	1		
7	32	-8.0	-1	2.0	0		
7	64	2.0	1	2.0	1	-19.0	24.0
8	8	0.0	0	-2.0	0		
8	16	1.0	1	-2.0	0		
8	32	6.0	1	-2.0	0		
8	64	-2.0	-1	-2.0	1	-25.0	21.0
9	8	0.0	0	8.0	0		
9	16	4.0	1	8.0	1		
9	32	9.0	1	8.0	1		
9	64	8.0	1	8.0	1	-11.0	27.0
10	8	0.0	0	-2.0	0		
10	16	-1.0	-1	-2.0	1		
10	32	3.0	1	-2.0	0		
10	64	-2.0	-1	-2.0	1	-22.0	18.0
11	8	1.0	1	-1.0	0		
11	16	3.0	1	-1.0	0		
11	32	4.0	1	-1.0	0		
11	64	-1.0	-1	-1.0	1	-21.0	19.0
12	8	0.0	0	1.0	0		
12	16	-3.0	-1	1.0	0		
12	32	-2.0	-1	1.0	0		
12	64	1.0	1	1.0	1	-19.0	20.0
13	8	-1.0	-1	-14.0	1		
13	16	-4.0	-1	-14.0	1		
13	32	-14.0	-1	-14.0	1		
13	64	-14.0	-1	-14.0	1	-34.0	6.0
14	8	1.0	1	31.0	1		
14	16	3.0	1	31.0	1		
14	32	9.0	1	31.0	1		
14	64	31.0	1	31.0	1	11.0	51.0
15	8	-9.0	-1	-1.0	1		
15	16	-9.0	-1	-1.0	1		
15	32	-4.0	-1	-1.0	1		
15	64	-1.0	-1	-1.0	1	-22.0	21.0
16	8	-5.0	-1	-23.0	1		
16	16	-6.0	-1	-23.0	1		
16	32	-10.0	-1	-23.0	1		
16	64	-23.0	-1	-23.0	1	-41.0	-4.0
17	8	0.0	0	12.0	0		
17	16	3.0	1	12.0	1		
17	32	4.0	1	12.0	1		
17	64	12.0	1	12.0	1	-6.0	30.0
18	8	-3.0	-1	-11.0	1		
18	16	2.0	1	-11.0	0		
18	32	-2.0	-1	-11.0	1		
18	64	-11.0	-1	-11.0	1	-31.0	10.0
19	8	-2.0	-1	14.0	0		
19	16	0.0	0	14.0	0		
19	32	8.0	1	14.0	1		
19	64	14.0	1	14.0	1	-6.0	33.0
