opening_index	game_index	id	fen
0	1	spsa-7cc31be897818f4b	r1bqk2r/ppppbppp/2n5/8/4R3/5N2/PPPP1PPP/R1BQ1BK1 b kq - 0 9
1	2	spsa-4ef90d7cef8b0a74	r1b1k2r/1pp2ppp/p1nb1n2/4p3/2B1PP2/2N5/PPPB2PP/2KR2NR w - - 1 10
2	3	spsa-07f55712827c63ac	1rbqk2r/p4pbp/2pp1np1/2p1p3/4P3/1PNPBN2/P1P2PPP/R2QR1K1 b k - 2 10
3	4	spsa-906e2e752075137b	r1bq1rk1/pp2bpp1/4p2p/2nn4/7B/2N1PN2/PPQ2PPP/R3KB1R w KQ - 0 11
4	5	spsa-9f928639b0e5972d	r1bqrbk1/1pp2pp1/p1np1n1p/4p3/4P3/PBNPBN1P/1PP2PP1/R2Q1RK1 b - - 1 11
5	6	spsa-de8e94eb9d5a27aa	r1bqr1k1/1pp2ppp/2n2n2/p3p3/2P5/1PQ1PN2/P3BPPP/R1B2RK1 w - - 0 12
6	7	spsa-71993e14df1eae06	r1br4/ppq1ppkp/2n3p1/2pn4/8/PP1PPNP1/5PBP/RN1Q1RK1 b - - 0 12
7	8	spsa-c723ef6232959d62	r2qbrk1/1ppnbppp/p3p3/2PpN3/1P1P4/2N1P3/P1Q2PPP/R1B2RK1 w - - 1 13
8	9	spsa-36bfeafaf34e94bc	r1bq1rk1/ppp2pbp/2np2p1/4p2n/3PP3/2PBBN1P/PP1N1PP1/R2QK2R w KQ - 3 9
9	10	spsa-31982a6cc96c4c26	r1b1k2r/ppp1qpbp/2n3p1/3np3/1P6/P2PPN2/1B2BPPP/RN1QK2R b KQkq - 2 9
10	11	spsa-3189b09de1392336	r1bqr1k1/ppp2pbp/3p1np1/4p3/2Pn4/1PNP1NP1/PB2PPBP/R2Q1RK1 w - - 5 10
11	12	spsa-4ae82a52cec8e264	r3k2r/pp1bnppp/2n1p3/qBppP3/P2P4/2P2N2/2PB1PPP/R2QK2R b KQkq - 6 10
12	13	spsa-8acd2172830e7102	r2qr1k1/ppp2pp1/1bnpbn1p/4p3/N1B1P3/P2P1N1P/1PP2PP1/R1BQR1K1 w - - 3 11
13	14	spsa-24867244dfcb2b67	r1q1k2r/1ppnbppb/4pn1p/p2p4/P2P1BP1/1QP1PN1P/1P1N1P2/R3KBR1 b Qkq - 2 11
14	15	spsa-b83c627ee7723635	r1bq1rk1/p4ppp/2pb4/n3p3/5n2/2N2N2/PPPP1PPP/R1BQKB1R w KQ - 8 12
15	16	spsa-63eb4b35a8b2cfbd	r1bQ1rk1/2p1bppp/p4n2/4p3/Pp2P3/1B6/1PP2PPP/RNB1R1K1 b - - 0 12
16	17	spsa-513030d2df46a262	1rbq1rk1/2p1nppp/3p1n2/1p2p3/p3P3/P2P1N2/BPP2PPP/R1BQ1RK1 w - - 0 13
17	18	spsa-5775dc3ff7f2ec8a	r1bq1rk1/pp1n1ppp/5n2/2Pp2B1/1b6/2NQ1N2/PP2PPPP/R3KB1R w KQ - 3 9
18	19	spsa-d35f674618e0bbdc	rn1q1rk1/pbppb1pp/1p2p3/5p2/2PPn3/2N2NP1/PPQBPPBP/R4RK1 b - - 1 9
19	20	spsa-07055937066679b4	2rqkb1r/1b1p1ppp/p1n1p1n1/1pp5/P3P3/2P2N2/1PBP1PPP/RNBQR1K1 w k - 1 10
20	21	spsa-40b6982d754cb5bf	r1bqk2r/2p1bppp/p2p1n2/2p5/3PP3/5N2/PP3PPP/RNBQR1K1 b kq - 0 10
21	22	spsa-3e834c40a9ca7b1b	r2q1rk1/1bpn1ppp/pp2pn2/8/PbBP4/1PN1PN2/1B3PPP/R2Q1RK1 w - - 3 11
22	23	spsa-9758ed134cb84cf4	r3kb1r/pp1b1pp1/1qn1p2p/3p3n/3P4/1QP2NB1/PP1NBPPP/R3K2R b KQkq - 2 11
23	24	spsa-b4992f2d218ad7c2	r1bqk2r/p2pp1bp/2p2np1/4B3/8/2N5/PPP1QPPP/R3KB1R w KQkq - 1 12
24	25	spsa-305b71b97efdddde	r2q1rk1/p3bppp/1pn1p3/2pn4/1P6/P3PN2/1BQPNPPP/R3K2R b KQ - 0 12
25	26	spsa-472853022e5e7912	r1b2rk1/p3bppp/1pn1pn2/7q/2B5/1P2PN2/PB1NQPPP/R4RK1 w - - 0 13
26	27	spsa-8031e17d0633c084	r2qkb1r/pp3ppp/2ppbn2/8/1nPQP3/2N3P1/PP2NPBP/R1B1K2R w KQkq - 3 9
27	28	spsa-b012541766037c76	r1bq1rk1/ppp2ppp/2n5/2b1p3/8/2PP1NP1/P1P2PBP/R1BQ1RK1 b - - 0 9
28	29	spsa-61f5c86e48394b13	r1b1kb1r/1pq2ppp/p1n5/2pnp3/2Pp4/1P2PNP1/PB1P1PBP/R2QK2R w KQkq - 0 10
29	30	spsa-f1eb3823099ed8ef	rn1q1rk1/1bp1bppp/p3pn2/1p6/3P4/5NP1/PPQBPPBP/RN3RK1 b - - 3 10
30	31	spsa-6382f981f0f88a5e	r1b2rk1/1pq1bppp/p1nppn2/8/3NPP2/P1NQB3/1PP1B1PP/R3K2R w KQ - 2 11
31	32	spsa-819f34778290540b	r2q1rk1/pp1bppbp/3p1np1/4n3/3NP3/2N1BP2/PPPQB1PP/2KR3R b - - 6 11
32	33	spsa-e9696382a4dd85e5	r1bqr1k1/pp2bp1p/1np2np1/3p4/3P1B2/2NBPN2/PPQ2PPP/R4RK1 w - - 2 12
33	34	spsa-a1540e9e42836634	r3kbnr/1pqb1pp1/p1n1p2p/3pP2P/3N1PP1/2N1B3/PPPQ4/R3KB1R b KQkq - 2 12
34	35	spsa-1e2eea5e6db8a96a	r3kb1r/1p1b1ppp/3ppq2/1p6/4P3/P1N5/1PQ2PPP/R3KB1R w KQkq - 0 13
35	36	spsa-4c8b8c6163e507a6	r1bqk2r/pp2ppbp/2n3p1/1Bp5/3PP3/2P2N2/P4PPP/R1BQK2R w KQkq - 2 9
36	37	spsa-ba5a9e117b657408	r1b1kb1r/1pq2ppp/p1nppn2/8/3NPP2/2N1B3/PPP1B1PP/R2Q1RK1 b kq - 2 9
37	38	spsa-e31b452d0cbbeeb1	r2qkb1r/pp1n1ppp/2n1p3/2P1Pb2/2B5/5N2/PP3PPP/RNBQ1RK1 w kq - 1 10
38	39	spsa-a4b78febddb842f2	r1bq1rk1/p3ppbp/5np1/1pnp4/2P5/1P3NP1/PB1NPPBP/R2Q1RK1 b - - 0 10
39	40	spsa-d968362796d9dec2	rn1qk2r/pp2nppp/2p2b2/3p4/6Q1/2N4P/PPPPBPP1/R1B2RK1 w kq - 4 11
40	41	spsa-c2545776b372e426	2rq1rk1/pp1nbppp/3ppn2/8/3PP3/5N2/PP3PPP/R1BQRNK1 b - - 2 11
41	42	spsa-e2700279d8321fc1	r1bq1rk1/ppnnppbp/6p1/8/1PPp4/P2P1NP1/5PBP/RNBQR1K1 w - - 1 12
42	43	spsa-34380b9140298f64	r2qk2r/pp2pp1p/2n1bbpP/2p5/Q6N/2P3P1/P2PPPB1/R1B1K2R b KQkq - 2 12
43	44	spsa-9edcdb3d89b0a359	r1b1r1k1/1p1nbppp/p3pn2/q7/3N4/2N3P1/PPQ1PPBP/R1BR2K1 w - - 3 13
44	45	spsa-8d743650a2eae16a	r1bq1rk1/p2p1ppp/1pn1pn2/2p5/2PP4/P1P1P1N1/5PPP/R1BQKB1R w KQ - 2 9
45	46	spsa-6d8aeddfd2b1f75f	r2qkb1r/1bpn1ppp/p3pn2/1P6/8/5NP1/1PQPPPBP/RNB1K2R b KQkq - 0 9
46	47	spsa-5c712a22a992e6e4	r3k1nr/pp1q2pp/2n2p2/2bpP3/6b1/1P3N2/PBP1BPPP/RN1Q1RK1 w kq - 3 10
47	48	spsa-3dd708d33d6fdec8	r1bq1rk1/1p2bppp/p1nppn2/8/3NPP2/P1N1B3/1PP1B1PP/R2Q1RK1 b - - 0 10
48	49	spsa-368cf5ef94c2608a	2r1kb1r/pp1b1ppp/1qn1p3/3pPn2/3P4/5N2/PPN1BPPP/R1BQ1RK1 w k - 5 11
49	50	spsa-7ab10948b43d99d0	r3k2r/pp1b1ppp/2n1p3/2b5/4B3/P4N2/1PP2PPP/R1BR2K1 b kq - 0 11
50	51	spsa-e6ffae98f3760284	2k1rb1r/pppb1ppp/3q4/1B2n1B1/4Q3/P4N2/1PP2PPP/R3K2R w KQ - 0 12
51	52	spsa-91b1ce9ceff651d0	r2qk2r/pp3ppp/2pbp3/4Bb2/2BP4/2P5/P1P2PPP/R2QR1K1 b kq - 2 12
52	53	spsa-7d06670a7d25fbcc	rnbq1rk1/p4ppp/1n2p3/2b5/PpN1P3/6P1/1PQ2PBP/RNB2RK1 w - - 1 13
53	54	spsa-62f30035e01004a1	rnbqr1k1/pp2bppp/2p2n2/3p2B1/3P4/2NBP2P/PP3PP1/R2QK1NR w KQ - 0 9
54	55	spsa-895b473c48febf28	rnb1k1nr/pp3p1p/4p1p1/2ppP3/q2P2QP/P1P5/2PB1PP1/R3KBNR b KQkq - 0 9
55	56	spsa-524c7c1d3dbda410	1rb1k2r/1p1qppbp/p5p1/7n/2QP4/2N1P3/PP3PPP/R3KBNR w KQk - 0 10
56	57	spsa-70df0e151cf472e5	r1b1kb1r/1p2pppp/1pn5/3n2N1/2pPp3/2P3B1/PP1N1PPP/R3KB1R b KQkq - 3 10
57	58	spsa-327d42444be38ecc	r1b2rk1/pp1nqppp/2p1p3/8/2PPp3/1Q2PN2/PP2BPPP/R3K2R w KQ - 0 11
58	59	spsa-473676d46eac75b8	r3kb1r/pp1b1ppp/1qn1p2n/3pP3/3P2PP/N4N2/PP2BP2/R1BQK1R1 b Qkq - 0 11
59	60	spsa-b9ad3a3db11dd096	r1b2rk1/ppp1qppp/2np1n2/1N2p3/2PP4/4PNP1/PP1Q1PBP/R4RK1 w - - 0 12
60	61	spsa-ff46108e51b3f909	r3kb1r/ppp2ppp/1nn1p3/4P3/2PP3q/2N2P2/PP2BB1P/R2QK2R b KQkq - 2 12
61	62	spsa-770d4319ecb283f4	r1bq1rk1/pp3pbp/3p2p1/1P6/3pP3/8/1BPP1PPP/RN1QR1K1 w - - 0 13
62	63	spsa-eede6b772ca3d500	r1bqkbnr/5ppp/p1p1p3/8/3pP3/2NB4/PPP1QPPP/R1B1K2R w KQkq - 0 9
63	64	spsa-6fd1ec9759656998	r1bqk2r/pp3ppp/2nbpn2/8/2Pp4/1P1P1NP1/P4PBP/RNBQ1RK1 b kq - 0 9
64	65	spsa-cae84fcaac14284e	r1b1kb1r/pp3ppp/3qpn2/8/2Bn4/5N2/PPP2PPP/R1BQ1RK1 w kq - 0 10
65	66	spsa-4781ee1ad99dd983	r1bqk2r/p1pn1p2/4pn1p/1p4p1/1bpPP3/2N2NB1/PPQ2PPP/R3KB1R b KQkq - 1 10
66	67	spsa-7602bd22df9d84c5	r2q1rk1/pp4bp/n1ppbnp1/5p2/2P5/2NQ1NP1/PP2PPBP/R1B2RK1 w - - 2 11
67	68	spsa-463c4a466add17dc	r1b1k2r/2q1bppp/p1pppn2/P7/2B1PB2/2N5/1PP1QPPP/R3K2R b KQkq - 2 11
68	69	spsa-cc49e48f762b9bfb	r1q1kb1r/1p2nppp/p2p4/3npP2/8/2N1BQ2/PPP2PPP/R3K2R w KQkq - 0 12
69	70	spsa-098443d908a11cbd	r1bq1rk1/pp3ppp/2p2n2/4b3/2Q5/2N3P1/PP2PPBP/R1BR2K1 b - - 1 12
70	71	spsa-ffb81f23c1f8b69b	r2qk2r/1p2ppbp/pn4p1/3Pn3/4B1b1/2N1BN2/PP3PPP/R2QK2R w KQkq - 1 13
71	72	spsa-6e7325359e7588bd	r2qk2r/ppp2ppp/2n1b3/3np3/2B5/P1PP1Q2/2P2PPP/R1B1K1NR w KQkq - 2 9
72	73	spsa-f79ccf9164e14ecc	rnbqr1k1/pp3ppp/2pb1p2/8/3P4/2PB4/PP2NPPP/R1BQ1RK1 b - - 6 9
73	74	spsa-0e2fae9befd6e6ec	rn1qk2r/1p2bpp1/p2pbn2/4p2p/4P3/1NN1BP2/PPPQ2PP/R3KB1R w KQkq - 0 10
74	75	spsa-aa3c0864eaf50e52	r1bqkb1r/p4ppp/1pn1p3/2npP3/1Pp5/2P2N2/P1BPQPPP/RNB1R1K1 b kq b3 0 10
75	76	spsa-66c4ae8504d73cd4	1rbq1rk1/2p1bppp/p1np1n2/P3p3/1p2P3/1BP2N2/1P1P1PPP/RNBQR1K1 w - - 1 11
76	77	spsa-0958052c67f68a47	r2q1rk1/1bpn1pbp/pp1p1np1/3Pp3/P3P3/2N2NP1/1PP2PBP/R1BQR1K1 b - - 0 11
77	78	spsa-aa2f6eccfa34c566	rn1qr1k1/p4ppp/bp3n2/2pp4/3P4/P1PBPP2/4N1PP/R1BQ1RK1 w - - 1 12
78	79	spsa-50e344a463f45070	r3k2r/p2bppb1/2pp1p2/q6p/4P3/1BN5/PPP2PPP/R2Q1R1K b kq - 1 12
79	80	spsa-68cc5771912ccec2	r2q1rk1/1b1n1pbp/pp1ppnp1/8/1PPNP3/2NBB3/P4PPP/2RQ1R1K w - - 3 13
80	81	spsa-633dba79e6a22e75	r3kbnr/pp2pppp/8/3q4/3P4/4B3/PP3PPP/Rb1QKB1R w KQkq - 0 9
81	82	spsa-3dba83ea80002a97	rnbq1rk1/pp2bpp1/5n1p/2pp4/3P1B2/2NBPN2/PP3PPP/R2QK2R b KQ - 1 9
82	83	spsa-ad914724877abd68	r2qkb1r/4pppp/p1np1n2/1p6/3PP1b1/5N2/PPB2PPP/RNBQ1RK1 w kq - 1 10
83	84	spsa-a2bc64172d31a437	r2qk2r/1pp1ppbp/2n1bnp1/4N3/p2P4/5NP1/PP2PPBP/R1BQR1K1 b kq - 3 10
84	85	spsa-314d7d45d403e604	rnbq1rk1/1p2bppp/2p1p3/p1Pp4/3P1B2/P1n2NP1/1P2PPBP/R2QK2R w KQ - 0 11
85	86	spsa-7faf2327bd1c75b2	r1b1kb1r/5ppp/p1p1pn2/q2p4/4PB2/2N2Q2/PPP2PPP/2KR1B1R b kq - 1 11
86	87	spsa-28ab907ae4af9d7f	r2qkb1r/1p3ppp/p2p1n2/3Pp3/4P1b1/4Bn2/PP3PPP/RN1QRBK1 w kq - 0 12
87	88	spsa-99df56b6d1687156	r1bq1rk1/pp2bppp/2n1p3/4P3/2B5/2P2N2/P3QPPP/R1B2RK1 b - - 0 12
88	89	spsa-a348a8a9b785d8af	r2qkb1r/pp3ppp/1nn1p3/1N6/3p4/1QP2N2/PP3PPP/R1B2RK1 w kq - 2 13
89	90	spsa-f9d57c95418a94f1	r1bq1rk1/p2nbppp/1pp1pn2/3p4/2PP4/1P3NP1/PB2PPBP/RN1Q1RK1 w - - 0 9
90	91	spsa-2f45d1bf80ca5a1a	r2qkb1r/pp1b1ppp/2n1p3/3pPn2/3P4/5N2/PPN1BPPP/R1BQK2R b KQkq - 4 9
91	92	spsa-6632997bd4518868	rn2kb1r/pp3ppp/1qp1b3/8/3N2n1/2N5/PPP3PP/R1BQKB1R w KQkq - 0 10
92	93	spsa-72035b58cd24626d	r1b1k1nr/ppqpppbp/2n3p1/8/4PP2/1NPBB3/PP1N2PP/R2QK2R b KQkq - 2 10
93	94	spsa-cd34adbccf4a9167	r2q1rk1/pp3pbp/2np1np1/2pbp3/2P5/P3P1P1/1P1PNPBP/1RBQ1RK1 w - - 0 11
94	95	spsa-42fd098362977ba9	r1bqk2r/ppp2ppp/1nn5/8/1P2P3/2PB4/4NPPP/R1BQK2R b KQkq - 0 11
95	96	spsa-a9f489cc7101c8e3	r1bqk2r/1p2bppp/p1p2n2/4n3/P1pNP3/1PN3P1/5PBP/R1BQ1RK1 w kq - 0 12
96	97	spsa-09bb31fc21bd3d26	r2q1rk1/pb1n1pbp/3p1np1/1p1Pp3/4P3/5N2/PPBN1PPP/R1BQR1K1 b - - 0 12
97	98	spsa-e5b88c0277856f4c	rn1q1rk1/pb2bppp/1p1pp3/8/2PNP3/6P1/PP3PBP/R1BQR1K1 w - - 0 13
98	100	spsa-84af9c9e6fd3ad86	r1b1kb1r/1p1n1ppp/pqn1p3/2ppP3/3P1P2/4BN2/PPP1N1PP/R1Q1KB1R b KQkq - 3 9
99	101	spsa-0d823e47488a79e4	rn2k2r/pp2pp1p/6p1/2pq4/6b1/2PP1N2/P3PPPP/R2QKB1R w KQkq - 1 10
100	102	spsa-2b203ac3ed161e2e	rnbqk2r/4bpp1/p2p1n1p/1p1Np3/4P1P1/1N2B3/PPP1BP1P/R2QK2R b KQkq - 1 10
101	103	spsa-3956325e376d34f9	r1bq1rk1/ppp2pp1/3bp2p/3n4/3P4/3BBN2/PPP1QPPP/R3K2R w KQ - 6 11
102	104	spsa-099ee2ba33913e83	rnb2rk1/pp2ppbp/6p1/q7/3PP3/5N2/P2BBPPP/1R1QK2R b K - 2 11
103	105	spsa-f04e2e8a382468ce	r1bq1rk1/1p1n1pb1/p2p1npp/2pPp3/2P1P3/2NBBN1P/PP3PP1/R2QK2R w KQ - 0 12
104	106	spsa-23288125b5b5e2fc	r1bq1rk1/pp2b2p/2B1ppp1/3p3n/3P3B/4PN2/PP1N1PPP/R2Q1RK1 b - - 0 12
105	107	spsa-6fb6bf4a641ac818	r3k2r/pp1nbpp1/2p1pn1p/q7/3P4/1P1B1QN1/P1P2PPP/R1B2RK1 w kq - 1 13
106	108	spsa-4a64f55242f98981	rnbq1rk1/1pp1ppbp/p4np1/6B1/3P4/2NB1N2/PPPQ1PPP/R3K2R w KQ - 2 9
107	109	spsa-e4144f51138fae1d	rnbq1rk1/pp3ppp/5n2/2bp4/8/P4NP1/1P2PPBP/RNBQ1RK1 b - - 0 9
108	110	spsa-8ad7700486955a74	rnbq1rk1/p4ppp/4pn2/1pp5/2BP4/P1P1P3/1B3PPP/R2QK1NR w KQ - 0 10
109	111	spsa-95b9de4fb51cb19a	r1bq1rk1/1pp2Np1/p1np1n1p/4p3/2B1P3/2NPP3/PPP3PP/R2Q1RK1 b - - 0 10
110	112	spsa-08a88e38c426e560	r2qk2r/pp3p2/2nbpn1p/3p2p1/3P2bB/2PB1N2/PP1N1PPP/R2Q1RK1 w kq - 0 11
111	113	spsa-d90602b27da360d5	rnbqr1k1/pp2Bpp1/2p4p/3p4/3Pn3/2NBPN2/PPQ2PPP/R3K2R b KQ - 0 11
112	114	spsa-3866c568f62481ea	r4rk1/pp3ppp/2nqpn2/3p4/3P2b1/1QPB1N2/PP1N1PPP/R4RK1 w - - 2 12
113	115	spsa-ddbe897712db10ed	1rbqnrk1/1p2ppbp/p2p2p1/2p5/2PnPP2/2NPB1PP/PP2N1B1/1R1Q1RK1 b - - 4 12
114	116	spsa-f58c01601352a7f8	r1b2rk1/p4pbp/1qp1pnp1/3p4/4P3/2P3PP/PP1N1PB1/R1BQR1K1 w - - 0 13
115	117	spsa-950aa554290a28ce	rnbq1rk1/1p2bppp/p3pn2/2p5/3P4/1BN1PN2/PP3PPP/R1BQ1RK1 w - - 4 9
116	118	spsa-92f6011e6d3b2d24	r1b2rk1/ppp1qppp/2n1pn2/3p4/2PP4/P2BPN2/1PQN1PPP/R3K2R b KQ - 2 9
117	119	spsa-22daf4b438c40f2e	r1b2rk1/ppp1qppp/2n1pn2/4N3/2pP4/2N3P1/PP1QPPBP/R3K2R w KQ - 2 10
118	120	spsa-ad184ef93465e1c8	r2q1rk1/pppn1ppp/3bpn2/7b/3P4/1P2PN1P/P2NBPP1/R1BQ1RK1 b - - 0 10
119	121	spsa-25f21a17cf9aba82	rnb2rk1/pp3pp1/4pq1p/8/1bBp4/2N1PN2/PP3PPP/2RQ1RK1 w - - 0 11
120	122	spsa-c637b674246f5d20	r1b1kb1r/1p3p1p/pq1p1np1/2n1pN2/1P2P3/P1NBBP2/2P3PP/R2QK2R b KQkq - 0 11
121	123	spsa-1afc5d40a2fb9ff8	r2q1rk1/p1p1bppp/4b3/3n4/8/2NB4/PP3PPP/R1BQ1RK1 w - - 0 12
122	124	spsa-6aa60308a16d9318	1rb1kb1r/2q2ppp/p1nppn2/8/Pp2PN2/3B1N2/1PP1QPPP/R1B2RK1 b k - 5 12
123	125	spsa-725370266716a910	r1bq1rk1/1pp1bppp/1n2p3/8/p1QP1P2/2N2N2/PP2PPBP/R2R2K1 w - - 1 13
124	126	spsa-7e1de557a9c9215c	r1b1k2r/1pppqppp/2n2n2/4p3/p1P5/P1QPPN2/1P3PPP/R1B1KB1R w KQkq - 0 9
125	127	spsa-214ba22151049e68	rnb2rk1/ppp1qpp1/3ppn1p/8/2PP3B/P1PBP3/5PPP/R2QK1NR b KQ - 2 9
126	130	spsa-d0262b69518d1bd8	r2q1rk1/pp1bnpbp/2n3p1/1Bp1p1B1/P3P3/3P1N2/2P2PPP/RN1Q1RK1 w - - 1 11
127	131	spsa-fce4c3b136357ff1	r1b1kb1r/1p3ppp/pqn1p3/6P1/3PpB1P/2P5/PP3P2/1R1QKBNR b Kkq - 0 11
