scale	direction	plus_key	minus_key	root_disagreement	seconds	invalid_games
0.5	0	howl	howl	1.0	10.898708802997135	0
0.5	1	howl	howl	0.5	6.6672400530660525	0
0.5	2	howl	howl	1.0	8.619817947037518	0
0.5	3	howl	howl	0.75	5.547316898941062	0
0.5	4	howl	howl	0.75	28.863540870021097	16
0.5	5	howl	howl	0.75	6.065990278031677	0
0.5	6	howl	howl	1.0	4.9964121649973094	0
0.5	7	howl	howl	0.75	6.893388853990473	0
0.5	8	howl	howl	0.75	5.265916245058179	0
0.5	9	howl	howl	0.75	5.65979551395867	0
0.5	10	howl	howl	1.0	5.332264867029153	0
0.5	11	howl	howl	0.75	7.518898643087596	0
0.5	12	howl	howl	0.75	7.496805656934157	0
0.5	13	howl	howl	1.0	4.1215877059148625	0
0.5	14	howl	howl	1.0	5.857454517041333	0
0.5	15	howl	howl	0.75	4.558749292977154	0
0.5	16	howl	howl	0.75	6.25996059901081	0
0.5	17	howl	howl	1.0	5.391863058088347	0
0.5	18	howl	howl	1.0	5.975386405014433	0
0.5	19	howl	howl	0.5	5.795568861998618	0
1.0	0	howl	howl	1.0	5.450819532037713	0
1.0	1	howl	howl	1.0	7.251590854022652	0
1.0	2	howl	howl	1.0	4.741320241941139	0
1.0	3	howl	howl	1.0	5.172153903986327	0
1.0	4	howl	howl	1.0	7.0098059920128435	0
1.0	5	howl	howl	0.75	5.078792184009217	0
1.0	6	howl	howl	1.0	5.027011719997972	0
1.0	7	howl	howl	1.0	4.910588001017459	0
1.0	8	howl	howl	0.75	5.484091688063927	0
1.0	9	howl	howl	1.0	5.233302160049789	0
1.0	10	howl	howl	1.0	5.354960230062716	0
1.0	11	howl	howl	0.75	8.565008939011022	0
1.0	12	howl	howl	1.0	5.818324391031638	0
1.0	13	howl	howl	0.75	6.156495300936513	0
1.0	14	howl	howl	1.0	6.848229961004108	0
1.0	15	howl	howl	1.0	3.8206129679456353	0
1.0	16	howl	howl	1.0	5.974736278061755	0
1.0	17	howl	howl	1.0	4.961810222943313	0
1.0	18	howl	howl	1.0	10.08082148001995	0
1.0	19	howl	howl	1.0	5.6153245099121705	0
2.0	0	howl	howl	1.0	6.262271923944354	0
2.0	1	howl	howl	0.75	5.640085241990164	0
2.0	2	howl	howl	1.0	6.0036105250474066	0
2.0	3	howl	howl	1.0	4.519022227963433	0
2.0	4	howl	howl	0.75	5.360160359996371	0
2.0	5	howl	howl	1.0	7.720455465954728	0
2.0	6	howl	howl	1.0	4.17391328397207	0
2.0	7	howl	howl	1.0	4.03880447591655	0
2.0	8	howl	howl	1.0	4.863785665016621	0
2.0	9	howl	howl	1.0	5.15187944797799	0
2.0	10	howl	howl	1.0	5.694865782046691	0
2.0	11	howl	howl	1.0	4.414020280004479	0
2.0	12	howl	howl	1.0	4.868397181038745	0
2.0	13	howl	howl	0.75	8.758336746017449	0
2.0	14	howl	howl	1.0	4.809474478941411	0
2.0	15	howl	howl	1.0	9.548095384961925	0
2.0	16	howl	howl	1.0	4.669892925070599	0
2.0	17	howl	howl	1.0	4.195763858035207	0
2.0	18	howl	howl	1.0	4.373321846942417	0
2.0	19	howl	howl	1.0	6.004105450003408	0
