scale	direction	pairs	wins	draws	losses	pentanomial	D	sign	reference_D	reference_sign	sign_agreement	bootstrap_95_low	bootstrap_95_high	root_disagreement
0.5	0	8					-10.0	-1	-80.0	-1	1			1.0
0.5	0	16					-20.0	-1	-80.0	-1	1			1.0
0.5	0	32					-40.0	-1	-80.0	-1	1			1.0
0.5	0	64	16	16	96	[32, 16, 16, 0, 0]	-80.0	-1	-80.0	-1	1	-93.0	-67.0	1.0
0.5	1	8					6.0	1	48.0	1	1			0.5
0.5	1	16					12.0	1	48.0	1	1			0.5
0.5	1	32					24.0	1	48.0	1	1			0.5
0.5	1	64	80	16	32	[16, 0, 0, 16, 32]	48.0	1	48.0	1	1	21.0	73.0	0.5
0.5	2	8					8.0	1	64.0	1	1			1.0
0.5	2	16					16.0	1	64.0	1	1			1.0
0.5	2	32					32.0	1	64.0	1	1			1.0
0.5	2	64	96	0	32	[0, 0, 32, 0, 32]	64.0	1	64.0	1	1	48.0	80.0	1.0
0.5	3	8					6.0	1	48.0	1	1			0.75
0.5	3	16					12.0	1	48.0	1	1			0.75
0.5	3	32					24.0	1	48.0	1	1			0.75
0.5	3	64	80	16	32	[0, 16, 16, 0, 32]	48.0	1	48.0	1	1	28.0	68.0	0.75
0.5	4	8					12.0	1	96.0	1	1			0.75
0.5	4	16					24.0	1	96.0	1	1			0.75
0.5	4	32					48.0	1	96.0	1	1			0.75
0.5	4	64	112	0	16	[0, 0, 16, 0, 48]	96.0	1	96.0	1	1	82.0	108.0	0.75
0.5	5	8					0.0	0	0.0	0	1			0.75
0.5	5	16					0.0	0	0.0	0	1			0.75
0.5	5	32					0.0	0	0.0	0	1			0.75
0.5	5	64	64	0	64	[16, 0, 32, 0, 16]	0.0	0	0.0	0	1	-22.0	22.0	0.75
0.5	6	8					10.0	1	80.0	1	1			1.0
0.5	6	16					20.0	1	80.0	1	1			1.0
0.5	6	32					40.0	1	80.0	1	1			1.0
0.5	6	64	96	16	16	[0, 0, 16, 16, 32]	80.0	1	80.0	1	1	67.0	93.0	1.0
0.5	7	8					-2.0	-1	-16.0	-1	1			0.75
0.5	7	16					-4.0	-1	-16.0	-1	1			0.75
0.5	7	32					-8.0	-1	-16.0	-1	1			0.75
0.5	7	64	48	16	64	[0, 16, 48, 0, 0]	-16.0	-1	-16.0	-1	1	-23.0	-9.0	0.75
0.5	8	8					8.0	1	64.0	1	1			0.75
0.5	8	16					16.0	1	64.0	1	1			0.75
0.5	8	32					32.0	1	64.0	1	1			0.75
0.5	8	64	96	0	32	[0, 0, 32, 0, 32]	64.0	1	64.0	1	1	48.0	80.0	0.75
0.5	9	8					6.0	1	48.0	1	1			0.75
0.5	9	16					12.0	1	48.0	1	1			0.75
0.5	9	32					24.0	1	48.0	1	1			0.75
0.5	9	64	80	16	32	[0, 16, 16, 0, 32]	48.0	1	48.0	1	1	28.0	68.0	0.75
0.5	10	8					0.0	0	0.0	0	1			1.0
0.5	10	16					0.0	0	0.0	0	1			1.0
0.5	10	32					0.0	0	0.0	0	1			1.0
0.5	10	64	64	0	64	[32, 0, 0, 0, 32]	0.0	0	0.0	0	1	-32.0	32.0	1.0
0.5	11	8					-2.0	-1	-16.0	-1	1			0.75
0.5	11	16					-4.0	-1	-16.0	-1	1			0.75
0.5	11	32					-8.0	-1	-16.0	-1	1			0.75
0.5	11	64	48	16	64	[32, 0, 0, 16, 16]	-16.0	-1	-16.0	-1	1	-44.0	12.0	0.75
0.5	12	8					-10.0	-1	-80.0	-1	1			0.75
0.5	12	16					-20.0	-1	-80.0	-1	1			0.75
0.5	12	32					-40.0	-1	-80.0	-1	1			0.75
0.5	12	64	16	16	96	[32, 16, 16, 0, 0]	-80.0	-1	-80.0	-1	1	-93.0	-67.0	0.75
0.5	13	8					6.0	1	48.0	1	1			1.0
0.5	13	16					12.0	1	48.0	1	1			1.0
0.5	13	32					24.0	1	48.0	1	1			1.0
0.5	13	64	80	16	32	[0, 0, 32, 16, 16]	48.0	1	48.0	1	1	35.0	61.0	1.0
0.5	14	8					-8.0	-1	-64.0	-1	1			1.0
0.5	14	16					-16.0	-1	-64.0	-1	1			1.0
0.5	14	32					-32.0	-1	-64.0	-1	1			1.0
0.5	14	64	32	0	96	[32, 0, 32, 0, 0]	-64.0	-1	-64.0	-1	1	-80.0	-48.0	1.0
0.5	15	8					8.0	1	64.0	1	1			0.75
0.5	15	16					16.0	1	64.0	1	1			0.75
0.5	15	32					32.0	1	64.0	1	1			0.75
0.5	15	64	96	0	32	[0, 0, 32, 0, 32]	64.0	1	64.0	1	1	48.0	80.0	0.75
0.5	16	8					-4.0	-1	-32.0	-1	1			0.75
0.5	16	16					-8.0	-1	-32.0	-1	1			0.75
0.5	16	32					-16.0	-1	-32.0	-1	1			0.75
0.5	16	64	48	0	80	[16, 0, 48, 0, 0]	-32.0	-1	-32.0	-1	1	-46.0	-20.0	0.75
0.5	17	8					-16.0	-1	-128.0	-1	1			1.0
0.5	17	16					-32.0	-1	-128.0	-1	1			1.0
0.5	17	32					-64.0	-1	-128.0	-1	1			1.0
0.5	17	64	0	0	128	[64, 0, 0, 0, 0]	-128.0	-1	-128.0	-1	1	-128.0	-128.0	1.0
0.5	18	8					2.0	1	16.0	1	1			1.0
0.5	18	16					4.0	1	16.0	1	1			1.0
0.5	18	32					8.0	1	16.0	1	1			1.0
0.5	18	64	64	16	48	[16, 0, 16, 16, 16]	16.0	1	16.0	1	1	-8.0	39.0	1.0
0.5	19	8					-8.0	-1	-64.0	-1	1			0.5
0.5	19	16					-16.0	-1	-64.0	-1	1			0.5
0.5	19	32					-32.0	-1	-64.0	-1	1			0.5
0.5	19	64	32	0	96	[32, 0, 32, 0, 0]	-64.0	-1	-64.0	-1	1	-80.0	-48.0	0.5
1.0	0	8					-4.0	-1	-32.0	-1	1			1.0
1.0	0	16					-8.0	-1	-32.0	-1	1			1.0
1.0	0	32					-16.0	-1	-32.0	-1	1			1.0
1.0	0	64	48	0	80	[32, 0, 16, 0, 16]	-32.0	-1	-32.0	-1	1	-58.0	-6.0	1.0
1.0	1	8					6.0	1	48.0	1	1			1.0
1.0	1	16					12.0	1	48.0	1	1			1.0
1.0	1	32					24.0	1	48.0	1	1			1.0
1.0	1	64	80	16	32	[0, 0, 32, 16, 16]	48.0	1	48.0	1	1	35.0	61.0	1.0
1.0	2	8					4.0	1	32.0	1	1			1.0
1.0	2	16					8.0	1	32.0	1	1			1.0
1.0	2	32					16.0	1	32.0	1	1			1.0
1.0	2	64	80	0	48	[0, 0, 48, 0, 16]	32.0	1	32.0	1	1	20.0	46.0	1.0
1.0	3	8					12.0	1	96.0	1	1			1.0
1.0	3	16					24.0	1	96.0	1	1			1.0
1.0	3	32					48.0	1	96.0	1	1			1.0
1.0	3	64	112	0	16	[0, 0, 16, 0, 48]	96.0	1	96.0	1	1	82.0	110.0	1.0
1.0	4	8					4.0	1	32.0	1	1			1.0
1.0	4	16					8.0	1	32.0	1	1			1.0
1.0	4	32					16.0	1	32.0	1	1			1.0
1.0	4	64	80	0	48	[16, 0, 16, 0, 32]	32.0	1	32.0	1	1	6.0	58.0	1.0
1.0	5	8					12.0	1	96.0	1	1			0.75
1.0	5	16					24.0	1	96.0	1	1			0.75
1.0	5	32					48.0	1	96.0	1	1			0.75
1.0	5	64	112	0	16	[0, 0, 16, 0, 48]	96.0	1	96.0	1	1	82.0	110.0	0.75
1.0	6	8					0.0	0	0.0	0	1			1.0
1.0	6	16					0.0	0	0.0	0	1			1.0
1.0	6	32					0.0	0	0.0	0	1			1.0
1.0	6	64	64	0	64	[16, 0, 32, 0, 16]	0.0	0	0.0	0	1	-22.0	22.0	1.0
1.0	7	8					-4.0	-1	-32.0	-1	1			1.0
1.0	7	16					-8.0	-1	-32.0	-1	1			1.0
1.0	7	32					-16.0	-1	-32.0	-1	1			1.0
1.0	7	64	48	0	80	[32, 0, 16, 0, 16]	-32.0	-1	-32.0	-1	1	-58.0	-6.0	1.0
1.0	8	8					-6.0	-1	-48.0	-1	1			0.75
1.0	8	16					-12.0	-1	-48.0	-1	1			0.75
1.0	8	32					-24.0	-1	-48.0	-1	1			0.75
1.0	8	64	32	16	80	[32, 16, 0, 0, 16]	-48.0	-1	-48.0	-1	1	-73.0	-22.0	0.75
1.0	9	8					-8.0	-1	-64.0	-1	1			1.0
1.0	9	16					-16.0	-1	-64.0	-1	1			1.0
1.0	9	32					-32.0	-1	-64.0	-1	1			1.0
1.0	9	64	32	0	96	[32, 0, 32, 0, 0]	-64.0	-1	-64.0	-1	1	-80.0	-48.0	1.0
1.0	10	8					2.0	1	16.0	1	1			1.0
1.0	10	16					4.0	1	16.0	1	1			1.0
1.0	10	32					8.0	1	16.0	1	1			1.0
1.0	10	64	64	16	48	[16, 0, 16, 16, 16]	16.0	1	16.0	1	1	-7.0	39.0	1.0
1.0	11	8					-16.0	-1	-128.0	-1	1			0.75
1.0	11	16					-32.0	-1	-128.0	-1	1			0.75
1.0	11	32					-64.0	-1	-128.0	-1	1			0.75
1.0	11	64	0	0	128	[64, 0, 0, 0, 0]	-128.0	-1	-128.0	-1	1	-128.0	-128.0	0.75
1.0	12	8					8.0	1	64.0	1	1			1.0
1.0	12	16					16.0	1	64.0	1	1			1.0
1.0	12	32					32.0	1	64.0	1	1			1.0
1.0	12	64	96	0	32	[0, 0, 32, 0, 32]	64.0	1	64.0	1	1	48.0	80.0	1.0
1.0	13	8					-4.0	-1	-32.0	-1	1			0.75
1.0	13	16					-8.0	-1	-32.0	-1	1			0.75
1.0	13	32					-16.0	-1	-32.0	-1	1			0.75
1.0	13	64	48	0	80	[32, 0, 16, 0, 16]	-32.0	-1	-32.0	-1	1	-58.0	-6.0	0.75
1.0	14	8					-4.0	-1	-32.0	-1	1			1.0
1.0	14	16					-8.0	-1	-32.0	-1	1			1.0
1.0	14	32					-16.0	-1	-32.0	-1	1			1.0
1.0	14	64	48	0	80	[32, 0, 16, 0, 16]	-32.0	-1	-32.0	-1	1	-58.0	-4.0	1.0
1.0	15	8					10.0	1	80.0	1	1			1.0
1.0	15	16					20.0	1	80.0	1	1			1.0
1.0	15	32					40.0	1	80.0	1	1			1.0
1.0	15	64	96	16	16	[0, 0, 16, 16, 32]	80.0	1	80.0	1	1	67.0	93.0	1.0
1.0	16	8					0.0	0	0.0	0	1			1.0
1.0	16	16					0.0	0	0.0	0	1			1.0
1.0	16	32					0.0	0	0.0	0	1			1.0
1.0	16	64	64	0	64	[16, 0, 32, 0, 16]	0.0	0	0.0	0	1	-22.0	22.0	1.0
1.0	17	8					0.0	0	0.0	0	1			1.0
1.0	17	16					0.0	0	0.0	0	1			1.0
1.0	17	32					0.0	0	0.0	0	1			1.0
1.0	17	64	64	0	64	[16, 0, 32, 0, 16]	0.0	0	0.0	0	1	-22.0	22.0	1.0
1.0	18	8					2.0	1	16.0	1	1			1.0
1.0	18	16					4.0	1	16.0	1	1			1.0
1.0	18	32					8.0	1	16.0	1	1			1.0
1.0	18	64	64	16	48	[0, 0, 48, 16, 0]	16.0	1	16.0	1	1	10.0	23.0	1.0
1.0	19	8					8.0	1	64.0	1	1			1.0
1.0	19	16					16.0	1	64.0	1	1			1.0
1.0	19	32					32.0	1	64.0	1	1			1.0
1.0	19	64	96	0	32	[0, 0, 32, 0, 32]	64.0	1	64.0	1	1	48.0	80.0	1.0
2.0	0	8					-4.0	-1	-32.0	-1	1			1.0
2.0	0	16					-8.0	-1	-32.0	-1	1			1.0
2.0	0	32					-16.0	-1	-32.0	-1	1			1.0
2.0	0	64	48	0	80	[32, 0, 16, 0, 16]	-32.0	-1	-32.0	-1	1	-58.0	-6.0	1.0
2.0	1	8					16.0	1	128.0	1	1			0.75
2.0	1	16					32.0	1	128.0	1	1			0.75
2.0	1	32					64.0	1	128.0	1	1			0.75
2.0	1	64	128	0	0	[0, 0, 0, 0, 64]	128.0	1	128.0	1	1	128.0	128.0	0.75
2.0	2	8					4.0	1	32.0	1	1			1.0
2.0	2	16					8.0	1	32.0	1	1			1.0
2.0	2	32					16.0	1	32.0	1	1			1.0
2.0	2	64	80	0	48	[16, 0, 16, 0, 32]	32.0	1	32.0	1	1	6.0	58.0	1.0
2.0	3	8					16.0	1	128.0	1	1			1.0
2.0	3	16					32.0	1	128.0	1	1			1.0
2.0	3	32					64.0	1	128.0	1	1			1.0
2.0	3	64	128	0	0	[0, 0, 0, 0, 64]	128.0	1	128.0	1	1	128.0	128.0	1.0
2.0	4	8					4.0	1	32.0	1	1			0.75
2.0	4	16					8.0	1	32.0	1	1			0.75
2.0	4	32					16.0	1	32.0	1	1			0.75
2.0	4	64	80	0	48	[16, 0, 16, 0, 32]	32.0	1	32.0	1	1	6.0	58.0	0.75
2.0	5	8					6.0	1	48.0	1	1			1.0
2.0	5	16					12.0	1	48.0	1	1			1.0
2.0	5	32					24.0	1	48.0	1	1			1.0
2.0	5	64	80	16	32	[0, 0, 32, 16, 16]	48.0	1	48.0	1	1	35.0	61.0	1.0
2.0	6	8					-12.0	-1	-96.0	-1	1			1.0
2.0	6	16					-24.0	-1	-96.0	-1	1			1.0
2.0	6	32					-48.0	-1	-96.0	-1	1			1.0
2.0	6	64	16	0	112	[48, 0, 16, 0, 0]	-96.0	-1	-96.0	-1	1	-110.0	-82.0	1.0
2.0	7	8					0.0	0	0.0	0	1			1.0
2.0	7	16					0.0	0	0.0	0	1			1.0
2.0	7	32					0.0	0	0.0	0	1			1.0
2.0	7	64	64	0	64	[0, 0, 64, 0, 0]	0.0	0	0.0	0	1	0.0	0.0	1.0
2.0	8	8					12.0	1	96.0	1	1			1.0
2.0	8	16					24.0	1	96.0	1	1			1.0
2.0	8	32					48.0	1	96.0	1	1			1.0
2.0	8	64	112	0	16	[0, 0, 16, 0, 48]	96.0	1	96.0	1	1	82.0	110.0	1.0
2.0	9	8					-4.0	-1	-32.0	-1	1			1.0
2.0	9	16					-8.0	-1	-32.0	-1	1			1.0
2.0	9	32					-16.0	-1	-32.0	-1	1			1.0
2.0	9	64	48	0	80	[32, 0, 16, 0, 16]	-32.0	-1	-32.0	-1	1	-58.0	-6.0	1.0
2.0	10	8					4.0	1	32.0	1	1			1.0
2.0	10	16					8.0	1	32.0	1	1			1.0
2.0	10	32					16.0	1	32.0	1	1			1.0
2.0	10	64	80	0	48	[16, 0, 16, 0, 32]	32.0	1	32.0	1	1	6.0	58.0	1.0
2.0	11	8					-4.0	-1	-32.0	-1	1			1.0
2.0	11	16					-8.0	-1	-32.0	-1	1			1.0
2.0	11	32					-16.0	-1	-32.0	-1	1			1.0
2.0	11	64	48	0	80	[32, 0, 16, 0, 16]	-32.0	-1	-32.0	-1	1	-58.0	-6.0	1.0
2.0	12	8					12.0	1	96.0	1	1			1.0
2.0	12	16					24.0	1	96.0	1	1			1.0
2.0	12	32					48.0	1	96.0	1	1			1.0
2.0	12	64	112	0	16	[0, 0, 16, 0, 48]	96.0	1	96.0	1	1	82.0	110.0	1.0
2.0	13	8					4.0	1	32.0	1	1			0.75
2.0	13	16					8.0	1	32.0	1	1			0.75
2.0	13	32					16.0	1	32.0	1	1			0.75
2.0	13	64	80	0	48	[0, 0, 48, 0, 16]	32.0	1	32.0	1	1	18.0	46.0	0.75
2.0	14	8					-16.0	-1	-128.0	-1	1			1.0
2.0	14	16					-32.0	-1	-128.0	-1	1			1.0
2.0	14	32					-64.0	-1	-128.0	-1	1			1.0
2.0	14	64	0	0	128	[64, 0, 0, 0, 0]	-128.0	-1	-128.0	-1	1	-128.0	-128.0	1.0
2.0	15	8					6.0	1	48.0	1	1			1.0
2.0	15	16					12.0	1	48.0	1	1			1.0
2.0	15	32					24.0	1	48.0	1	1			1.0
2.0	15	64	80	16	32	[0, 16, 16, 0, 32]	48.0	1	48.0	1	1	27.0	68.0	1.0
2.0	16	8					-8.0	-1	-64.0	-1	1			1.0
2.0	16	16					-16.0	-1	-64.0	-1	1			1.0
2.0	16	32					-32.0	-1	-64.0	-1	1			1.0
2.0	16	64	32	0	96	[32, 0, 32, 0, 0]	-64.0	-1	-64.0	-1	1	-80.0	-48.0	1.0
2.0	17	8					-4.0	-1	-32.0	-1	1			1.0
2.0	17	16					-8.0	-1	-32.0	-1	1			1.0
2.0	17	32					-16.0	-1	-32.0	-1	1			1.0
2.0	17	64	48	0	80	[32, 0, 16, 0, 16]	-32.0	-1	-32.0	-1	1	-58.0	-6.0	1.0
2.0	18	8					-8.0	-1	-64.0	-1	1			1.0
2.0	18	16					-16.0	-1	-64.0	-1	1			1.0
2.0	18	32					-32.0	-1	-64.0	-1	1			1.0
2.0	18	64	32	0	96	[32, 0, 32, 0, 0]	-64.0	-1	-64.0	-1	1	-80.0	-48.0	1.0
2.0	19	8					8.0	1	64.0	1	1			1.0
2.0	19	16					16.0	1	64.0	1	1			1.0
2.0	19	32					32.0	1	64.0	1	1			1.0
2.0	19	64	96	0	32	[0, 0, 32, 0, 32]	64.0	1	64.0	1	1	48.0	80.0	1.0
