cluster_id	size	mean_within_corr	median_within_corr	max_cross_corr	mean_cross_corr	bootstrap_stability
0	9	0.508811	0.523123	0.686242	0.035993	0.791817
1	17	0.433402	0.441677	0.676955	0.056436	0.812127
2	12	0.332659	0.326472	0.610329	0.039799	0.909652
3	14	0.360219	0.325292	0.481898	0.035016	0.780609
4	45	0.023194	0.000011	0.552555	0.029403	0.646282
5	7	0.420174	0.417074	0.464689	0.036212	0.773159
6	10	0.190693	0.093269	0.686242	0.041186	0.561362
7	4	0.570941	0.499284	0.362877	0.034495	0.842188
8	8	0.251808	0.231259	0.513727	0.041592	0.617970
9	4	0.578559	0.507124	0.371778	0.035459	0.781357
10	9	0.236033	0.195630	0.610329	0.036915	0.828543
11	15	0.156625	0.105946	0.332465	0.032259	0.772733
12	8	0.245623	0.233817	0.481898	0.034596	0.888855
13	7	0.639520	0.668078	0.676955	0.071706	0.784751
14	10	0.529987	0.530373	0.671012	0.058676	0.922258
15	13	0.242025	0.258387	0.368803	0.040806	0.792084
