parameter_a	parameter_b	partial_correlation	bootstrap_stability
PawnPieceSquareMiddleGame_2	PawnPieceSquareMiddleGame_3	0.772691	0.9600
KingPieceSquareMiddleGame_0	KingPieceSquareEndGame_0	-0.770008	0.9600
PawnPieceSquareEndGame_2	PawnPieceSquareEndGame_3	0.767663	0.9600
CandTempoMiddleGame	CandTempoEndGame	-0.762777	0.9600
BishopPieceSquareMiddleGame_2	BishopPieceSquareMiddleGame_3	0.662621	0.9600
KnightPieceSquareMiddleGame_4	KnightPieceSquareMiddleGame_9	0.657673	0.9600
BishopPieceSquareMiddleGame_5	BishopPieceSquareMiddleGame_10	0.630117	0.9600
RookMobilityEndGameBase	RookMobilityEndGameIncrement_1	0.627241	0.9600
BishopPieceSquareEndGame_5	BishopPieceSquareEndGame_10	0.604240	0.9600
CandLoneKingPushWeight	CandLoneKingRestrictedNeighbourWeight	-0.561462	0.9600
KnightPieceSquareEndGame_4	KnightPieceSquareEndGame_9	0.549941	0.9600
BishopPieceSquareEndGame_2	BishopPieceSquareEndGame_3	0.547835	0.9600
KnightMobilityEndGameBase	KnightMobilityEndGameIncrement_1	0.500272	0.9600
PassedPawnEndGameBase	PassedPawnEndGameIncrement_1	0.497340	0.9600
BishopMobilityEndGameBase	BishopMobilityEndGameIncrement_1	0.493332	0.9600
KnightOutpostMiddleGame	KnightSupportedOutpostMiddleGame	0.459608	0.9600
PassedPawnMiddleGameBase	PassedPawnMiddleGameIncrement_1	0.431537	0.9600
PassedPawnMiddleGameIncrement_1	PassedPawnMiddleGameIncrement_2	0.430766	0.9600
QueenMobilityEndGameIncrement_1	QueenMobilityEndGameIncrement_2	0.405690	0.9600
QueenMobilityEndGameBase	QueenMobilityEndGameIncrement_2	0.405433	0.9600
QueenMobilityEndGameBase	QueenMobilityEndGameIncrement_1	0.405220	0.9600
PassedPawnEndGameIncrement_3	PassedPawnEndGameIncrement_4	0.402509	0.9600
QueenPieceSquareMiddleGame_1	QueenPieceSquareMiddleGame_3	-0.386295	0.9600
QueenMobilityMiddleGameBase	QueenMobilityMiddleGameIncrement_1	0.382717	0.9600
KingPieceSquareMiddleGame_1	KingPieceSquareMiddleGame_3	-0.378545	0.9600
BishopPieceSquareMiddleGame_9	BishopPieceSquareEndGame_9	0.377034	0.9600
RookPieceSquareMiddleGame_1	RookPieceSquareMiddleGame_3	-0.368926	0.9600
PassedPawnEndGameIncrement_1	PassedPawnEndGameIncrement_2	0.368222	0.9600
PawnValue	PawnPieceSquareMiddleGame_0	0.367228	0.9600
CandKingUndefendedZoneDanger	CandKingControlledEscapeDanger	0.354928	0.9600
BishopMobilityMiddleGameIncrement_1	BishopMobilityMiddleGameIncrement_2	0.353875	0.9600
CandKingShelterMissingPawnDanger	CandKingControlledEscapeDanger	0.352989	0.9600
CandLoneKingPushWeight	CandLoneKingConfinementWeight	-0.333584	0.8000
BishopMobilityEndGameIncrement_2	BishopMobilityEndGameIncrement_3	0.322194	0.9600
CandOppositeColorBishopMiddleGameScalePermille	CandOppositeColorBishopEndGameScalePermille	0.321521	0.9200
PawnValue	PawnPieceSquareEndGame_0	0.317268	0.9600
PassedPawnMiddleGameIncrement_2	PassedPawnMiddleGameIncrement_3	0.313487	0.9600
BishopMobilityEndGameIncrement_1	BishopMobilityEndGameIncrement_2	0.311310	0.9600
RookValue	RookPieceSquareEndGame_0	0.308654	0.9600
RookValue	RookMobilityMiddleGameBase	0.308532	0.9600
RookMobilityMiddleGameBase	RookMobilityMiddleGameIncrement_1	0.308348	0.9600
QueenValue	QueenPieceSquareEndGame_0	0.298656	0.9600
KnightMobilityEndGameIncrement_2	KnightMobilityEndGameIncrement_3	0.294985	0.9600
KnightPieceSquareMiddleGame_0	KnightMobilityMiddleGameBase	0.293084	0.9600
RookValue	RookPieceSquareMiddleGame_0	0.287842	0.9600
PassedPawnEndGameIncrement_2	PassedPawnEndGameIncrement_3	0.277744	0.9600
QueenValue	QueenMobilityMiddleGameBase	0.268790	0.9600
QueenPieceSquareEndGame_1	QueenPieceSquareEndGame_4	0.268536	0.9600
BishopMobilityMiddleGameBase	BishopMobilityMiddleGameIncrement_1	0.266756	0.9600
RookMobilityMiddleGameIncrement_1	RookMobilityMiddleGameIncrement_2	0.266472	0.9600
BishopMobilityEndGameIncrement_3	BishopMobilityEndGameIncrement_4	0.263385	0.9600
QueenMobilityMiddleGameIncrement_1	QueenMobilityMiddleGameIncrement_2	0.257661	0.9600
PassedPawnEndGameIncrement_4	PassedPawnEndGameIncrement_5	0.257128	0.9600
CandLoneKingConfinementWeight	CandLoneKingRestrictedNeighbourWeight	0.256296	0.9600
BishopPieceSquareMiddleGame_1	BishopPieceSquareMiddleGame_4	-0.255984	0.9600
PawnPieceSquareMiddleGame_1	PawnPieceSquareMiddleGame_4	-0.255195	0.9600
KnightMobilityMiddleGameBase	KnightMobilityMiddleGameIncrement_1	0.252479	0.9600
KnightOutpostEndGame	KnightSupportedOutpostEndGame	0.251403	0.9600
PassedPawnMiddleGameIncrement_3	PassedPawnMiddleGameIncrement_4	0.249295	0.9600
BishopPieceSquareEndGame_0	BishopPieceSquareEndGame_2	0.242562	0.9600
RookMobilityMiddleGameIncrement_2	RookMobilityMiddleGameIncrement_3	0.240313	0.9600
KnightValue	KnightPieceSquareMiddleGame_0	0.239476	0.9600
QueenValue	QueenPieceSquareMiddleGame_0	0.238660	0.9600
BishopPieceSquareMiddleGame_3	BishopPieceSquareMiddleGame_6	0.235548	0.9600
RookPieceSquareEndGame_1	RookPieceSquareEndGame_4	0.235519	0.9600
KnightMobilityMiddleGameIncrement_1	KnightMobilityMiddleGameIncrement_2	0.229857	0.9600
KingPieceSquareMiddleGame_6	KingPieceSquareEndGame_6	0.229339	0.9600
BishopPieceSquareMiddleGame_0	BishopMobilityMiddleGameBase	0.229319	0.9600
BishopValue	BishopMobilityMiddleGameBase	0.227939	0.9600
CandKingShelterMissingPawnDanger	CandKingSemiOpenLineDanger	0.226268	0.9600
RookMobilityEndGameIncrement_1	RookMobilityEndGameIncrement_2	0.223951	0.9600
BishopPairValue	CandBishopOpenFilePawnScale	-0.223097	0.9600
KnightMobilityEndGameIncrement_1	KnightMobilityEndGameIncrement_2	0.220793	0.9600
CandKingOpenLineDanger	CandKingControlledEscapeDanger	0.216764	0.9600
RookMobilityEndGameIncrement_2	RookMobilityEndGameIncrement_3	0.216519	0.9600
KnightPieceSquareEndGame_0	KnightMobilityEndGameBase	0.213992	0.9600
RookMobilityEndGameIncrement_3	CandRookOpenFileEndGame	0.212034	0.9600
BishopValue	BishopPieceSquareEndGame_0	0.208093	0.9600
RookPieceSquareEndGame_0	RookPieceSquareEndGame_2	0.207532	0.9600
BishopPieceSquareEndGame_7	BishopMobilityEndGameIncrement_4	0.207314	0.9600
QueenPieceSquareMiddleGame_0	QueenPieceSquareEndGame_0	-0.207299	0.9600
BishopValue	BishopPieceSquareMiddleGame_0	0.206146	0.9600
QueenPieceSquareEndGame_0	QueenPieceSquareEndGame_1	0.203114	0.9600
KnightValue	KnightMobilityMiddleGameBase	0.203028	0.9600
PassedPawnMiddleGameBase	PassedPawnMiddleGameIncrement_2	0.202397	0.9600
CandKingAttackerMinorWeight	CandKingShelterSecondRankDanger	0.201392	0.9600
KnightPieceSquareEndGame_7	KnightOutpostEndGame	0.200425	0.9600
BishopMobilityMiddleGameBase	CandBishopOpenFilePawnScale	-0.199717	0.9600
BishopPieceSquareMiddleGame_10	BishopPieceSquareEndGame_10	0.199054	0.9600
KnightMobilityMiddleGameIncrement_2	KnightMobilityMiddleGameIncrement_3	0.199035	0.9600
PawnPieceSquareEndGame_0	PawnPieceSquareEndGame_4	0.198267	0.9600
PassedPawnEndGameBase	PassedPawnEndGameIncrement_2	0.194432	0.9600
RookPieceSquareMiddleGame_1	RookPieceSquareMiddleGame_4	0.194233	0.9600
RookPieceSquareMiddleGame_2	KingPieceSquareMiddleGame_3	-0.193980	0.9600
RookPieceSquareMiddleGame_0	RookMobilityMiddleGameBase	0.193374	0.9600
BishopPieceSquareMiddleGame_6	BishopPieceSquareEndGame_6	0.190948	0.9600
DoubledPawnValue	IsolatedPawnMiddleGame	0.187149	0.9600
KnightPieceSquareEndGame_0	KnightPieceSquareEndGame_2	0.185070	0.9600
KnightPieceSquareMiddleGame_8	KnightPieceSquareEndGame_8	0.184328	0.9600
QueenValue	QueenPieceSquareEndGame_1	0.183914	0.9600
QueenMobilityMiddleGameIncrement_2	QueenMobilityMiddleGameIncrement_3	0.182765	0.9600
KingPieceSquareEndGame_2	KingPieceSquareEndGame_3	-0.178357	0.9600
BishopPieceSquareMiddleGame_1	BishopPieceSquareMiddleGame_7	0.177284	0.9600
RookMobilityEndGameIncrement_3	RookMobilityEndGameIncrement_4	0.175579	0.9600
QueenPieceSquareEndGame_1	CandKingInfiltratedQueenWeight	0.172950	0.9600
KnightPieceSquareMiddleGame_1	KnightMobilityMiddleGameIncrement_1	0.172813	0.9600
KnightPieceSquareEndGame_8	KnightOutpostEndGame	0.170839	0.9200
QueenPieceSquareMiddleGame_1	QueenPieceSquareMiddleGame_2	-0.170450	0.9600
KingPieceSquareEndGame_4	KingPieceSquareEndGame_5	-0.167231	0.9600
KnightPieceSquareMiddleGame_1	KnightPieceSquareMiddleGame_7	0.166016	0.9600
RookPieceSquareEndGame_1	RookPieceSquareEndGame_3	-0.165182	0.9600
BishopPieceSquareMiddleGame_1	BishopPieceSquareMiddleGame_8	0.163982	0.9600
BishopMobilityMiddleGameBase	BishopPairValue	0.163160	0.9600
PawnPieceSquareEndGame_0	PawnPieceSquareEndGame_1	0.162453	0.9600
BishopPieceSquareEndGame_0	BishopPieceSquareEndGame_1	0.161708	0.9600
QueenPieceSquareMiddleGame_4	CandKingInfiltratedQueenWeight	0.161146	0.9600
PawnValue	PawnPieceSquareEndGame_1	0.160526	0.9600
BishopMobilityEndGameBase	BishopMobilityEndGameIncrement_2	0.158462	0.9600
KnightValue	KnightPieceSquareEndGame_0	0.156898	0.9600
KnightPieceSquareMiddleGame_1	KnightPieceSquareMiddleGame_3	-0.156547	0.9600
KnightPieceSquareEndGame_1	KnightOutpostEndGame	0.152843	0.9600
KnightPieceSquareMiddleGame_2	KnightMobilityMiddleGameBase	0.151779	0.9600
BishopValue	BishopPairValue	0.150525	0.9600
RookPieceSquareEndGame_0	RookPieceSquareEndGame_3	0.148569	0.9600
PawnValue	PawnPieceSquareMiddleGame_1	0.148543	0.9600
BishopPieceSquareMiddleGame_8	BishopPieceSquareEndGame_8	0.147128	0.9600
PawnPieceSquareMiddleGame_0	PawnPieceSquareMiddleGame_4	0.146969	0.9600
KnightPieceSquareMiddleGame_5	KnightMobilityMiddleGameIncrement_2	0.146260	0.9600
KnightPieceSquareEndGame_2	KnightMobilityEndGameIncrement_2	0.145089	0.9600
CandKingUndefendedZoneDanger	CandKingAdditionalZoneAttackerDanger	0.144002	0.9600
KnightValue	KnightPieceSquareEndGame_2	0.143574	0.9600
RookBehindPassedPawnMiddleGame	RookBehindPassedPawnEndGame	0.143165	0.9600
QueenPieceSquareEndGame_4	CandKingInfiltratedQueenWeight	0.139619	0.9600
RookPieceSquareEndGame_2	CandRookOpenFileEndGame	0.137497	0.9600
KnightPieceSquareEndGame_1	KnightMobilityEndGameIncrement_1	0.137152	0.9600
KingPieceSquareMiddleGame_1	KingPieceSquareEndGame_1	0.135844	0.9600
RookPieceSquareMiddleGame_1	CandKingAttackerRookWeight	0.134070	0.9600
KnightPieceSquareMiddleGame_6	KnightPieceSquareEndGame_6	0.133541	0.9600
PawnPieceSquareEndGame_1	PawnPieceSquareEndGame_4	-0.129024	0.9600
RookValue	RookMobilityEndGameBase	0.128729	0.9600
BishopPieceSquareEndGame_2	BishopPieceSquareEndGame_6	0.127834	0.9600
KnightValue	BishopValue	-0.127259	0.9600
CandKingAttackerMinorWeight	CandKingUndefendedZoneDanger	0.126124	0.9600
BishopPieceSquareMiddleGame_1	BishopMobilityMiddleGameIncrement_1	0.124249	0.9600
KnightPieceSquareEndGame_2	KnightPieceSquareEndGame_6	0.123232	0.9600
KnightPieceSquareMiddleGame_2	KnightPieceSquareMiddleGame_6	0.123158	0.9600
KnightValue	KnightPieceSquareMiddleGame_2	0.122874	0.9600
KnightValue	KnightPieceSquareEndGame_1	0.122651	0.9600
BishopPieceSquareEndGame_1	BishopMobilityEndGameIncrement_2	0.122241	0.9600
KnightPieceSquareMiddleGame_7	KnightOutpostMiddleGame	0.121825	0.9600
RookMobilityEndGameBase	RookMobilityEndGameIncrement_2	0.121791	0.9600
BishopPieceSquareEndGame_3	BishopMobilityEndGameIncrement_4	0.120752	0.9600
KnightPieceSquareEndGame_0	KnightPieceSquareEndGame_1	0.120619	0.9600
KnightPieceSquareEndGame_2	KnightMobilityEndGameIncrement_1	0.119958	0.9600
QueenValue	QueenPieceSquareEndGame_2	0.119478	0.9600
QueenPieceSquareMiddleGame_0	QueenMobilityMiddleGameBase	0.118628	0.9600
KnightMobilityEndGameIncrement_3	KnightOutpostEndGame	0.118037	0.9600
QueenPieceSquareEndGame_1	CandKingAttackerQueenWeight	0.117959	0.9200
KingPieceSquareEndGame_1	KingPieceSquareEndGame_2	-0.117462	0.9600
KnightSupportedOutpostMiddleGame	KnightSupportedOutpostEndGame	0.116626	0.9600
KingPieceSquareMiddleGame_4	KingPieceSquareEndGame_4	0.116534	0.9600
QueenPieceSquareEndGame_0	QueenPieceSquareEndGame_2	0.116085	0.9200
KnightPieceSquareEndGame_1	KnightMobilityEndGameBase	0.115703	0.9600
KingPieceSquareEndGame_1	KingPieceSquareEndGame_3	-0.115551	0.9600
CandKingShelterAdvancedPawnDanger	CandKingControlledEscapeDanger	0.114836	0.9600
KnightPieceSquareMiddleGame_2	KnightMobilityMiddleGameIncrement_1	0.114465	0.9600
PassedPawnEndGameBase	PawnPieceSquareEndGame_0	0.112671	0.9600
KnightPieceSquareEndGame_5	KnightMobilityEndGameIncrement_2	0.111551	0.9600
RookValue	RookMobilityEndGameIncrement_1	0.111494	0.9600
KnightPieceSquareMiddleGame_0	KnightPieceSquareMiddleGame_2	0.111074	0.9600
KnightPieceSquareEndGame_1	KnightPieceSquareEndGame_7	0.110544	0.9600
KingPieceSquareMiddleGame_5	KingPieceSquareEndGame_5	0.110342	0.9600
CandKingDefenderMinorWeight	CandKingSemiOpenLineDanger	-0.110174	0.8000
RookPieceSquareMiddleGame_2	CandRookOpenFileMiddleGame	0.109939	0.9600
PassedPawnEndGameIncrement_3	PawnPieceSquareEndGame_1	0.108385	0.9600
RookPieceSquareMiddleGame_0	RookPieceSquareEndGame_0	-0.107494	0.9600
KnightPieceSquareMiddleGame_4	KnightPieceSquareEndGame_9	0.105758	0.8400
BishopPieceSquareMiddleGame_1	BishopPieceSquareEndGame_1	0.103686	0.9600
CandKingDefenderMinorWeight	CandKingDefenderQueenWeight	0.103367	0.8000
RookPieceSquareMiddleGame_0	RookPieceSquareMiddleGame_3	0.103131	0.9200
CandKingShelterAdvancedPawnDanger	CandKingUndefendedZoneDanger	0.101758	0.8400
PassedPawnMiddleGameIncrement_2	PassedPawnMiddleGameFileAmplitude	0.101722	0.9600
BishopPieceSquareMiddleGame_7	BishopPieceSquareEndGame_7	0.101699	0.9600
KnightPieceSquareMiddleGame_0	KnightMobilityMiddleGameIncrement_1	0.101379	0.9600
CandKingDefenderPawnWeight	CandKingDefenderQueenWeight	0.101367	0.8000
BishopPieceSquareMiddleGame_1	BishopMobilityMiddleGameIncrement_2	0.101363	0.9600
KnightPieceSquareMiddleGame_5	KnightMobilityMiddleGameIncrement_1	0.100456	0.9600
BishopPieceSquareMiddleGame_1	BishopPieceSquareMiddleGame_5	0.099869	0.9600
KnightPieceSquareEndGame_2	KnightMobilityEndGameBase	0.098370	0.9600
PassedPawnEndGameIncrement_1	PassedPawnEndGameIncrement_3	0.098284	0.9600
QueenPieceSquareEndGame_2	CandKingUndefendedZoneDanger	0.097990	0.9200
CandKingShelterMissingPawnDanger	CandKingUndefendedZoneDanger	0.097603	0.9200
PassedPawnMiddleGameIncrement_3	PassedPawnMiddleGameFileAmplitude	0.096700	0.8800
KnightPieceSquareMiddleGame_9	KnightPieceSquareEndGame_9	0.094429	0.9200
RookPieceSquareMiddleGame_1	CandRookOpenFileMiddleGame	0.094180	0.9200
PassedPawnMiddleGameIncrement_4	PassedPawnMiddleGameIncrement_5	0.094065	0.8400
KnightOutpostMiddleGame	KnightOutpostEndGame	0.093769	0.9600
KnightPieceSquareMiddleGame_5	KnightPieceSquareEndGame_5	0.092056	0.9600
RookPieceSquareEndGame_0	RookMobilityEndGameBase	0.091826	0.9600
KnightMobilityMiddleGameBase	BishopMobilityMiddleGameBase	-0.091693	0.9600
RookPieceSquareEndGame_0	RookPieceSquareEndGame_1	0.091554	0.9600
RookMobilityEndGameIncrement_2	CandRookOpenFileEndGame	0.090598	0.9600
RookMobilityMiddleGameBase	RookMobilityEndGameBase	-0.090523	0.9600
QueenPieceSquareMiddleGame_1	QueenPieceSquareMiddleGame_4	0.089402	0.9200
QueenValue	QueenMobilityEndGameBase	0.088996	0.9600
QueenValue	QueenMobilityEndGameIncrement_2	0.088943	0.9600
CandKingDefenderQueenWeight	CandKingAdditionalZoneAttackerDanger	-0.088461	0.8000
QueenValue	QueenMobilityEndGameIncrement_1	0.088277	0.9600
PawnValue	PassedPawnMiddleGameBase	0.087362	0.9600
KnightValue	KnightPieceSquareMiddleGame_1	0.086896	0.9600
KnightPieceSquareEndGame_2	KnightPieceSquareEndGame_5	0.086804	0.9600
KnightMobilityEndGameBase	KnightMobilityEndGameIncrement_2	0.086781	0.9600
KnightPieceSquareMiddleGame_1	KnightMobilityMiddleGameBase	0.086759	0.9600
KnightPieceSquareMiddleGame_8	KnightOutpostMiddleGame	0.085915	0.8800
BishopPieceSquareEndGame_0	BishopMobilityEndGameBase	0.085747	0.9600
PassedPawnMiddleGameIncrement_1	PassedPawnMiddleGameIncrement_3	0.085375	0.9200
PassedPawnEndGameIncrement_1	PawnPieceSquareEndGame_1	0.084249	0.9600
RookPieceSquareMiddleGame_0	RookPieceSquareMiddleGame_1	0.084029	0.9200
BishopPieceSquareMiddleGame_0	BishopPairValue	0.083466	0.9600
KnightPieceSquareMiddleGame_3	RookMobilityMiddleGameIncrement_1	-0.083370	0.9600
RookValue	RookPieceSquareEndGame_1	0.082928	0.9600
BishopPieceSquareEndGame_1	BishopMobilityEndGameIncrement_1	0.082913	0.9600
QueenPieceSquareEndGame_4	CandKingAttackerQueenWeight	0.082178	0.9200
KnightPieceSquareEndGame_6	KnightOutpostEndGame	0.081915	0.9200
KnightPieceSquareEndGame_0	KnightMobilityEndGameIncrement_1	0.081033	0.9600
CandRookOpenFileMiddleGame	CandRookSemiOpenFileMiddleGame	-0.080813	0.8800
PawnValue	PassedPawnEndGameBase	0.080529	0.9600
RookPieceSquareEndGame_0	CandRookOpenFileEndGame	0.079779	0.8800
PawnPieceSquareMiddleGame_1	PawnPieceSquareEndGame_1	0.079659	0.9600
CandKingShelterAdvancedPawnDanger	CandKingShelterMissingPawnDanger	0.077571	0.9600
KnightPieceSquareEndGame_1	KnightPieceSquareEndGame_4	0.077290	0.9200
CandLoneKingConfinementWeight	CandKingAttackerQueenWeight	-0.075904	0.6000
BishopPieceSquareEndGame_2	BishopMobilityEndGameIncrement_1	0.075764	0.9600
BishopPieceSquareEndGame_1	BishopPieceSquareEndGame_8	0.075387	0.8800
BishopPieceSquareEndGame_8	BishopMobilityEndGameIncrement_3	0.074400	0.8400
BishopPieceSquareEndGame_2	BishopMobilityEndGameBase	0.074392	0.9600
PawnPieceSquareEndGame_0	PawnPieceSquareEndGame_2	0.074356	0.9600
PawnPieceSquareEndGame_0	PawnPieceSquareEndGame_3	0.074255	0.9600
CandEndgamePawnAdvancementRankMultiplier	IsolatedPawnEndGame	0.072248	0.8400
KnightPieceSquareMiddleGame_0	CandBishopOpenFilePawnScale	0.071844	0.9600
CandKingShelterMissingPawnDanger	CandKingOpenLineDanger	0.071425	0.8400
BishopPieceSquareMiddleGame_0	CandBishopOpenFilePawnScale	-0.070410	0.9600
KnightPieceSquareMiddleGame_1	KnightOutpostMiddleGame	0.069187	0.9600
KnightPieceSquareMiddleGame_0	BishopPairValue	-0.068670	0.9600
PawnPieceSquareMiddleGame_4	PawnPieceSquareEndGame_4	0.068450	0.9600
BishopValue	BishopPieceSquareEndGame_1	0.068360	0.9600
BishopPieceSquareMiddleGame_0	BishopPieceSquareMiddleGame_4	0.067585	0.9600
RookPieceSquareEndGame_1	CandRookOpenFileEndGame	0.067463	0.8800
BishopValue	BishopPieceSquareEndGame_2	0.067233	0.9600
RookPieceSquareMiddleGame_1	RookMobilityMiddleGameIncrement_2	0.066943	0.8800
KingPieceSquareEndGame_5	KingPieceSquareEndGame_6	-0.066851	0.9200
CandKingAttackerMinorWeight	CandKingDefenderRookWeight	-0.066559	0.8000
KnightMobilityMiddleGameBase	CandBishopOpenFilePawnScale	0.066381	0.9600
PassedPawnEndGameIncrement_3	PassedPawnEndGameIncrement_5	0.065927	0.8800
CandKingDefenderQueenWeight	CandKingInfiltratedQueenWeight	-0.065750	0.8000
BishopValue	BishopMobilityMiddleGameIncrement_1	0.065470	0.9600
PassedPawnEndGameIncrement_2	PassedPawnEndGameIncrement_4	0.065206	0.7600
PassedPawnMiddleGameBase	PawnPieceSquareMiddleGame_0	0.065010	0.9600
KnightPieceSquareMiddleGame_0	KnightPieceSquareMiddleGame_1	0.064388	0.9600
CandKingShelterAdvancedPawnDanger	CandKingAdditionalZoneAttackerDanger	0.063607	0.6400
PawnPieceSquareMiddleGame_0	PawnPieceSquareMiddleGame_1	0.063541	0.9200
DoubledPawnValue	IsolatedPawnEndGame	0.062400	0.9600
BishopMobilityEndGameIncrement_1	BishopMobilityEndGameIncrement_3	0.062360	0.9600
KnightPieceSquareMiddleGame_1	KnightPieceSquareMiddleGame_6	0.062096	0.9200
RookMobilityMiddleGameIncrement_2	CandRookOpenFileMiddleGame	0.061384	0.7600
BishopPieceSquareMiddleGame_2	BishopMobilityMiddleGameBase	0.061326	0.9600
RookMobilityEndGameIncrement_4	CandRookOpenFileEndGame	0.061281	0.8400
KnightPieceSquareEndGame_1	KnightMobilityEndGameIncrement_2	0.060311	0.9600
KingPieceSquareEndGame_4	KingPieceSquareEndGame_6	-0.059262	0.8800
CandKingAdditionalZoneAttackerDanger	CandKingInfiltratedQueenWeight	0.058645	0.8400
KingPieceSquareEndGame_0	KingPieceSquareEndGame_1	0.057642	0.9600
KingPieceSquareMiddleGame_0	KingPieceSquareEndGame_1	-0.057638	0.9600
QueenMobilityMiddleGameBase	QueenMobilityEndGameIncrement_2	-0.056964	0.9600
QueenMobilityMiddleGameBase	QueenMobilityEndGameIncrement_1	-0.056944	0.9600
QueenMobilityMiddleGameBase	QueenMobilityEndGameBase	-0.056873	0.9600
KnightPieceSquareMiddleGame_1	CandKingAttackerMinorWeight	0.056646	0.8800
CandKingDefenderPawnWeight	CandKingShelterAdvancedPawnDanger	-0.056371	0.8000
KnightPieceSquareMiddleGame_8	KnightSupportedOutpostMiddleGame	0.055352	0.7200
KnightPieceSquareMiddleGame_3	KnightPieceSquareMiddleGame_5	-0.055066	0.8400
BishopPieceSquareEndGame_2	BishopPieceSquareEndGame_7	0.054784	0.8800
RookValue	RookPieceSquareEndGame_2	0.054613	0.9600
RookPieceSquareEndGame_1	RookMobilityEndGameBase	0.053648	0.9600
RookPieceSquareEndGame_0	RookMobilityEndGameIncrement_1	0.053615	0.9600
BishopPieceSquareEndGame_1	BishopMobilityEndGameIncrement_3	0.053200	0.9200
BishopMobilityEndGameBase	BishopMobilityEndGameIncrement_3	0.052609	0.9600
PassedPawnMiddleGameIncrement_2	PassedPawnMiddleGameIncrement_4	0.050559	0.8800
BishopPieceSquareEndGame_1	BishopPieceSquareEndGame_5	0.050552	0.8000
KingPieceSquareMiddleGame_1	KingPieceSquareMiddleGame_2	-0.050153	0.8800
CandLoneKingRestrictedNeighbourWeight	CandKingAttackerQueenWeight	-0.049880	0.6800
RookPieceSquareEndGame_2	RookMobilityEndGameIncrement_2	0.049522	0.9200
CandKingAttackerMinorWeight	CandKingControlledEscapeDanger	0.049493	0.8000
BishopPieceSquareMiddleGame_2	CandBishopOpenFilePawnScale	-0.049367	0.9600
BishopPieceSquareMiddleGame_1	CandKingAttackerMinorWeight	0.048939	0.8800
CandKingAttackerQueenWeight	CandKingInfiltratedQueenWeight	0.048928	0.6800
PawnPieceSquareMiddleGame_0	PawnPieceSquareMiddleGame_2	0.048218	0.9600
PawnPieceSquareMiddleGame_0	PawnPieceSquareMiddleGame_3	0.048161	0.9600
QueenPieceSquareMiddleGame_1	CandKingInfiltratedQueenWeight	0.046311	0.8400
RookMobilityMiddleGameBase	RookMobilityEndGameIncrement_1	-0.046019	0.9200
QueenPieceSquareEndGame_0	QueenMobilityEndGameBase	0.045932	0.9600
QueenPieceSquareEndGame_0	QueenMobilityEndGameIncrement_2	0.045727	0.9600
QueenPieceSquareEndGame_0	QueenMobilityEndGameIncrement_1	0.045377	0.9600
BishopPieceSquareMiddleGame_0	BishopPieceSquareMiddleGame_2	0.044931	0.9600
KnightPieceSquareMiddleGame_7	CandKingAttackerMinorWeight	0.043378	0.8800
KnightPieceSquareMiddleGame_0	BishopMobilityMiddleGameBase	-0.043355	0.9600
RookPieceSquareMiddleGame_4	CandKingAttackerRookWeight	0.043185	0.6400
KingPieceSquareMiddleGame_6	KingPieceSquareEndGame_4	-0.042958	0.7200
KnightPieceSquareMiddleGame_1	KnightMobilityMiddleGameIncrement_2	0.042715	0.8800
KnightPieceSquareMiddleGame_5	KnightPieceSquareMiddleGame_7	-0.042510	0.8400
QueenPieceSquareEndGame_2	CandKingOpenLineDanger	0.042475	0.7600
CandKingControlledEscapeDanger	CandKingInfiltratedQueenWeight	0.042351	0.7600
BishopValue	BishopPieceSquareMiddleGame_2	0.042242	0.9600
QueenPieceSquareMiddleGame_2	QueenPieceSquareMiddleGame_3	0.041755	0.7600
RookPieceSquareMiddleGame_2	KingPieceSquareMiddleGame_1	0.041706	0.8400
BishopValue	BishopMobilityEndGameBase	0.041681	0.9600
PassedPawnEndGameIncrement_2	PawnPieceSquareEndGame_1	0.039897	0.8800
KnightPieceSquareMiddleGame_2	BishopMobilityMiddleGameIncrement_1	-0.039843	0.9600
BishopPieceSquareEndGame_3	BishopMobilityEndGameBase	0.038460	0.9600
KingPieceSquareMiddleGame_4	CandKingShelterMissingPawnDanger	-0.038066	0.8400
KnightMobilityEndGameIncrement_2	KnightOutpostEndGame	0.037891	0.7600
KnightValue	KnightMobilityEndGameBase	0.037629	0.9600
RookValue	RookMobilityEndGameIncrement_2	0.037102	0.9600
BishopPieceSquareEndGame_1	BishopMobilityEndGameBase	0.037051	0.8800
KnightPieceSquareEndGame_7	KnightMobilityEndGameIncrement_2	0.036732	0.7200
BishopPieceSquareMiddleGame_2	BishopPieceSquareEndGame_3	0.036202	0.9600
BishopPieceSquareMiddleGame_2	BishopPairValue	0.035740	0.9600
RookPieceSquareEndGame_0	RookMobilityEndGameIncrement_2	0.035637	0.8800
KnightMobilityMiddleGameBase	BishopPairValue	-0.035625	0.9600
KnightMobilityEndGameBase	BishopMobilityEndGameIncrement_1	-0.034786	0.8400
PawnValue	PassedPawnMiddleGameIncrement_1	0.034756	0.9600
BishopValue	BishopPieceSquareMiddleGame_1	0.034701	0.9200
BishopPieceSquareMiddleGame_3	BishopPieceSquareEndGame_3	0.033363	0.9600
KingPieceSquareMiddleGame_4	KingPieceSquareEndGame_0	-0.032950	0.9200
KingPieceSquareMiddleGame_0	KingPieceSquareMiddleGame_4	0.032847	0.9200
BishopPieceSquareEndGame_3	BishopPieceSquareEndGame_7	0.032413	0.6800
BishopValue	CandBishopOpenFilePawnScale	-0.032333	0.8000
RookPieceSquareEndGame_1	RookMobilityEndGameIncrement_2	0.032004	0.8000
CandKingShelterMissingPawnDanger	CandKingAdditionalZoneAttackerDanger	0.031956	0.6400
KingPieceSquareMiddleGame_2	KingPieceSquareEndGame_0	-0.031845	0.9600
KingPieceSquareMiddleGame_0	KingPieceSquareMiddleGame_2	0.031835	0.9600
KnightPieceSquareMiddleGame_1	KnightPieceSquareMiddleGame_2	0.031664	0.7200
PassedPawnMiddleGameIncrement_1	PassedPawnMiddleGameFileAmplitude	0.030929	0.7200
KnightPieceSquareMiddleGame_1	KnightSupportedOutpostMiddleGame	0.030663	0.8400
KnightPieceSquareEndGame_2	KnightMobilityEndGameIncrement_3	0.030382	0.6400
PassedPawnEndGameIncrement_4	PawnPieceSquareEndGame_1	0.030322	0.7600
CandKingSemiOpenLineDanger	CandKingControlledEscapeDanger	0.029541	0.6800
KnightPieceSquareMiddleGame_1	KnightPieceSquareEndGame_1	0.029449	0.9600
BishopMobilityMiddleGameIncrement_1	BishopPairValue	0.029239	0.9200
BishopPieceSquareEndGame_0	BishopMobilityEndGameIncrement_1	0.028959	0.8800
BishopPieceSquareMiddleGame_1	BishopPieceSquareMiddleGame_6	0.028948	0.8000
KnightPieceSquareEndGame_1	KnightPieceSquareEndGame_2	0.028853	0.8400
KnightPieceSquareMiddleGame_7	KnightPieceSquareEndGame_7	0.028093	0.6800
PassedPawnEndGameIncrement_5	CandRookSemiOpenFileEndGame	-0.028028	0.7200
BishopPieceSquareEndGame_3	BishopPieceSquareEndGame_6	0.027490	0.7200
PassedPawnEndGameIncrement_1	PawnPieceSquareEndGame_0	0.026627	0.9600
QueenPieceSquareEndGame_2	QueenMobilityEndGameIncrement_1	0.026278	0.8800
RookMobilityMiddleGameIncrement_3	CandRookOpenFileEndGame	0.025852	0.7600
QueenPieceSquareEndGame_2	QueenMobilityEndGameIncrement_2	0.025830	0.8800
BishopMobilityMiddleGameIncrement_1	CandBishopOpenFilePawnScale	-0.025699	0.8400
BishopPieceSquareEndGame_1	BishopPieceSquareEndGame_9	0.025363	0.6400
BishopPieceSquareMiddleGame_2	BishopMobilityMiddleGameIncrement_2	0.025261	0.8400
KnightPieceSquareEndGame_1	KnightPieceSquareEndGame_9	0.025220	0.7600
QueenPieceSquareEndGame_2	QueenMobilityEndGameBase	0.025210	0.8800
QueenPieceSquareMiddleGame_1	QueenMobilityMiddleGameIncrement_2	0.025165	0.6400
BishopPieceSquareMiddleGame_1	BishopMobilityMiddleGameBase	0.024820	0.8000
QueenPieceSquareEndGame_1	QueenMobilityEndGameIncrement_1	0.024498	0.9200
KnightValue	KnightMobilityMiddleGameIncrement_1	0.024000	0.9200
QueenPieceSquareEndGame_1	QueenMobilityEndGameIncrement_2	0.023712	0.9200
QueenPieceSquareEndGame_0	CandLoneKingRestrictedNeighbourWeight	-0.023283	0.6400
BishopPieceSquareMiddleGame_0	BishopPieceSquareEndGame_0	-0.023215	0.6000
KnightPieceSquareEndGame_1	KnightMobilityEndGameIncrement_3	0.023088	0.7200
BishopPieceSquareEndGame_1	BishopPieceSquareEndGame_2	0.022834	0.8400
QueenPieceSquareEndGame_1	QueenMobilityEndGameBase	0.022734	0.9200
QueenPieceSquareMiddleGame_1	QueenMobilityMiddleGameIncrement_1	0.022123	0.6400
BishopPieceSquareMiddleGame_6	BishopMobilityMiddleGameIncrement_2	0.021505	0.8400
KingPieceSquareMiddleGame_0	KingPieceSquareEndGame_2	-0.021371	0.8800
KnightPieceSquareEndGame_5	KnightMobilityEndGameIncrement_1	0.021053	0.8400
KingPieceSquareEndGame_0	KingPieceSquareEndGame_2	0.021046	0.8800
KnightValue	CandBishopOpenFilePawnScale	0.020536	0.8000
PassedPawnMiddleGameIncrement_1	RookBehindPassedPawnMiddleGame	0.020322	0.6400
RookValue	QueenValue	-0.019945	0.6000
CandKingAttackerQueenWeight	CandKingUndefendedZoneDanger	0.019708	0.6400
BishopValue	BishopMobilityEndGameIncrement_1	0.019703	0.9600
BishopPieceSquareEndGame_3	BishopMobilityEndGameIncrement_1	0.019312	0.6800
KnightPieceSquareEndGame_0	BishopMobilityEndGameBase	-0.019224	0.6400
PawnPieceSquareMiddleGame_2	PawnPieceSquareMiddleGame_4	0.019077	0.9200
PawnPieceSquareMiddleGame_3	PawnPieceSquareMiddleGame_4	0.019050	0.9200
BishopPieceSquareEndGame_1	BishopPieceSquareEndGame_10	0.018812	0.6800
QueenValue	CandKingAttackerQueenWeight	0.018692	0.6400
PawnValue	PassedPawnEndGameIncrement_1	0.018276	0.8800
BishopPieceSquareEndGame_2	BishopMobilityEndGameIncrement_2	0.018148	0.7600
KnightPieceSquareEndGame_7	KnightMobilityEndGameIncrement_3	0.017725	0.6000
RookPieceSquareMiddleGame_1	RookPieceSquareEndGame_1	0.017682	0.7600
KnightPieceSquareMiddleGame_4	KnightPieceSquareEndGame_4	0.017059	0.7600
KingPieceSquareMiddleGame_0	KingPieceSquareMiddleGame_3	0.016871	0.8800
KingPieceSquareMiddleGame_3	KingPieceSquareEndGame_0	-0.016853	0.8800
KnightPieceSquareMiddleGame_1	KnightPieceSquareMiddleGame_4	0.016649	0.6800
KingPieceSquareMiddleGame_2	KingPieceSquareEndGame_1	-0.016588	0.6800
KingPieceSquareMiddleGame_0	KingPieceSquareMiddleGame_6	0.015893	0.8000
KingPieceSquareMiddleGame_6	KingPieceSquareEndGame_0	-0.015507	0.8000
KnightMobilityMiddleGameBase	BishopMobilityMiddleGameIncrement_1	-0.015262	0.8400
QueenPieceSquareMiddleGame_1	CandKingAttackerQueenWeight	0.015220	0.6400
KnightPieceSquareMiddleGame_1	KnightPieceSquareMiddleGame_9	0.014886	0.6800
BishopPieceSquareEndGame_3	BishopPieceSquareEndGame_8	0.014500	0.6400
KnightPieceSquareMiddleGame_0	BishopPieceSquareMiddleGame_0	-0.013345	0.8800
KnightPieceSquareEndGame_6	KnightMobilityEndGameIncrement_2	0.013067	0.6000
BishopPieceSquareMiddleGame_2	BishopMobilityMiddleGameIncrement_1	0.012800	0.6000
BishopPieceSquareMiddleGame_0	KnightMobilityMiddleGameBase	-0.012276	0.7200
RookPieceSquareEndGame_1	RookMobilityEndGameIncrement_1	0.012217	0.7200
RookPieceSquareEndGame_2	RookMobilityEndGameBase	0.011919	0.6000
QueenMobilityEndGameIncrement_2	CandLoneKingRestrictedNeighbourWeight	-0.011612	0.7200
QueenMobilityEndGameBase	CandLoneKingRestrictedNeighbourWeight	-0.011598	0.7200
QueenMobilityEndGameIncrement_1	CandLoneKingRestrictedNeighbourWeight	-0.011419	0.7200
BishopValue	BishopPieceSquareEndGame_3	0.011027	0.7600
QueenPieceSquareMiddleGame_3	QueenMobilityMiddleGameIncrement_2	-0.010990	0.6800
KnightPieceSquareMiddleGame_0	KnightPieceSquareMiddleGame_5	0.009701	0.7600
KnightPieceSquareEndGame_0	BishopMobilityEndGameIncrement_1	-0.008451	0.7200
KingPieceSquareMiddleGame_3	KingPieceSquareEndGame_3	0.007592	0.6800
RookValue	RookMobilityMiddleGameIncrement_1	0.005249	0.6800
RookPieceSquareMiddleGame_0	CandRookOpenFileMiddleGame	0.004502	0.6800
BishopPieceSquareMiddleGame_2	BishopPieceSquareMiddleGame_6	0.001065	0.6000
