block_id	parameter	is_core
0	PawnValue	True
0	PawnPieceSquareMiddleGame_0	True
0	PawnPieceSquareMiddleGame_1	True
0	PawnPieceSquareMiddleGame_4	True
0	PawnPieceSquareEndGame_0	True
0	PawnPieceSquareEndGame_1	True
0	PawnPieceSquareEndGame_4	True
0	PassedPawnEndGameBase	True
0	PassedPawnMiddleGameBase	True
0	PassedPawnEndGameIncrement_1	True
0	PassedPawnEndGameIncrement_3	True
0	PawnPieceSquareEndGame_2	True
1	PassedPawnMiddleGameBase	True
1	PassedPawnMiddleGameIncrement_1	True
1	PassedPawnMiddleGameIncrement_2	True
1	PassedPawnMiddleGameIncrement_3	True
1	PassedPawnMiddleGameIncrement_4	True
1	PassedPawnMiddleGameIncrement_5	True
1	PassedPawnMiddleGameFileAmplitude	True
1	PawnValue	True
1	PawnPieceSquareMiddleGame_0	True
1	RookBehindPassedPawnMiddleGame	True
2	PassedPawnEndGameIncrement_4	True
2	PassedPawnEndGameIncrement_5	True
2	PassedPawnEndGameIncrement_3	True
2	PawnValue	True
2	CandRookSemiOpenFileEndGame	True
2	PassedPawnEndGameIncrement_2	True
2	PassedPawnEndGameIncrement_1	True
2	PawnPieceSquareEndGame_1	True
2	PawnPieceSquareEndGame_0	True
2	PassedPawnEndGameBase	True
3	PawnPieceSquareMiddleGame_2	True
3	PawnPieceSquareMiddleGame_3	True
3	PawnPieceSquareMiddleGame_0	True
3	PawnPieceSquareMiddleGame_4	True
4	PawnPieceSquareEndGame_2	True
4	PawnPieceSquareEndGame_3	True
4	PawnPieceSquareEndGame_0	True
5	RookBehindPassedPawnMiddleGame	True
5	RookBehindPassedPawnEndGame	True
5	PassedPawnMiddleGameIncrement_1	True
6	KnightValue	True
6	KnightPieceSquareMiddleGame_0	True
6	KnightPieceSquareMiddleGame_2	True
6	KnightPieceSquareMiddleGame_5	True
6	KnightMobilityMiddleGameBase	True
6	KnightMobilityMiddleGameIncrement_1	True
6	KnightMobilityMiddleGameIncrement_2	True
6	KnightMobilityMiddleGameIncrement_3	True
6	KnightPieceSquareMiddleGame_1	True
6	CandBishopOpenFilePawnScale	True
6	KnightPieceSquareEndGame_0	True
6	KnightPieceSquareEndGame_2	True
7	BishopValue	True
7	BishopPieceSquareMiddleGame_0	True
7	BishopMobilityMiddleGameBase	True
7	BishopMobilityMiddleGameIncrement_1	True
7	BishopMobilityMiddleGameIncrement_2	True
7	BishopPairValue	True
7	CandBishopOpenFilePawnScale	True
7	BishopPieceSquareMiddleGame_1	True
7	BishopPieceSquareMiddleGame_2	True
7	BishopPieceSquareEndGame_0	True
7	KnightMobilityMiddleGameBase	True
7	KnightPieceSquareMiddleGame_0	True
8	RookValue	True
8	RookPieceSquareMiddleGame_0	True
8	RookPieceSquareEndGame_0	True
8	RookPieceSquareEndGame_2	True
8	RookMobilityEndGameBase	True
8	RookMobilityEndGameIncrement_1	True
8	RookMobilityMiddleGameBase	True
8	RookMobilityEndGameIncrement_2	True
8	RookPieceSquareEndGame_1	True
8	CandRookOpenFileEndGame	True
8	RookPieceSquareEndGame_3	True
8	RookPieceSquareMiddleGame_3	True
9	QueenValue	True
9	QueenPieceSquareMiddleGame_0	True
9	QueenPieceSquareEndGame_0	True
9	QueenPieceSquareEndGame_2	True
9	QueenMobilityEndGameBase	True
9	QueenMobilityEndGameIncrement_1	True
9	QueenMobilityEndGameIncrement_2	True
9	QueenMobilityMiddleGameBase	True
9	QueenPieceSquareEndGame_1	True
9	CandKingUndefendedZoneDanger	True
9	CandLoneKingRestrictedNeighbourWeight	True
9	CandKingOpenLineDanger	True
10	KnightPieceSquareMiddleGame_1	True
10	KnightPieceSquareMiddleGame_3	True
10	KnightPieceSquareMiddleGame_7	True
10	KnightOutpostMiddleGame	True
10	KnightSupportedOutpostMiddleGame	True
10	KnightMobilityMiddleGameIncrement_1	True
10	KnightPieceSquareMiddleGame_8	True
10	KnightSupportedOutpostEndGame	True
10	CandKingAttackerMinorWeight	True
10	KnightPieceSquareMiddleGame_5	True
10	KnightOutpostEndGame	True
10	KnightValue	True
11	KnightPieceSquareMiddleGame_4	True
11	KnightPieceSquareMiddleGame_9	True
11	KnightPieceSquareEndGame_4	True
11	KnightPieceSquareEndGame_9	True
11	KnightPieceSquareEndGame_1	True
11	KnightPieceSquareMiddleGame_1	True
12	KnightPieceSquareMiddleGame_6	True
12	KnightPieceSquareEndGame_6	True
12	KnightPieceSquareEndGame_2	True
12	KnightPieceSquareMiddleGame_2	True
12	KnightOutpostEndGame	True
12	KnightPieceSquareMiddleGame_1	True
12	KnightMobilityEndGameIncrement_2	True
13	KnightPieceSquareMiddleGame_8	True
13	KnightPieceSquareEndGame_8	True
13	KnightOutpostEndGame	True
13	KnightOutpostMiddleGame	True
13	KnightSupportedOutpostMiddleGame	True
14	BishopPieceSquareMiddleGame_1	True
14	BishopPieceSquareMiddleGame_4	True
14	BishopPieceSquareMiddleGame_7	True
14	BishopPieceSquareMiddleGame_8	True
14	BishopMobilityMiddleGameIncrement_1	True
14	BishopPieceSquareEndGame_1	True
14	BishopPieceSquareEndGame_7	True
14	BishopMobilityMiddleGameIncrement_2	True
14	BishopPieceSquareMiddleGame_5	True
14	BishopPieceSquareMiddleGame_0	True
14	CandKingAttackerMinorWeight	True
14	BishopValue	True
15	BishopPieceSquareMiddleGame_2	True
15	BishopPieceSquareMiddleGame_3	True
15	BishopPieceSquareMiddleGame_6	True
15	BishopPieceSquareEndGame_6	True
15	BishopPieceSquareEndGame_2	True
15	BishopPieceSquareEndGame_3	True
15	BishopMobilityMiddleGameBase	True
15	CandBishopOpenFilePawnScale	True
15	BishopMobilityMiddleGameIncrement_2	True
15	BishopPieceSquareMiddleGame_0	True
15	BishopValue	True
15	BishopPairValue	True
16	BishopPieceSquareMiddleGame_5	True
16	BishopPieceSquareMiddleGame_10	True
16	BishopPieceSquareEndGame_5	True
16	BishopPieceSquareEndGame_10	True
16	BishopPieceSquareMiddleGame_1	True
16	BishopPieceSquareEndGame_1	True
17	BishopPieceSquareMiddleGame_8	True
17	BishopPieceSquareEndGame_8	True
17	BishopPieceSquareMiddleGame_1	True
17	BishopPieceSquareEndGame_1	True
17	BishopMobilityEndGameIncrement_3	True
17	BishopPieceSquareEndGame_3	True
18	BishopPieceSquareMiddleGame_9	True
18	BishopPieceSquareEndGame_9	True
18	BishopPieceSquareEndGame_1	True
19	RookPieceSquareMiddleGame_1	True
19	RookPieceSquareMiddleGame_3	True
19	RookPieceSquareMiddleGame_4	True
19	CandKingAttackerRookWeight	True
19	RookPieceSquareMiddleGame_0	True
19	CandRookOpenFileMiddleGame	True
19	RookMobilityMiddleGameIncrement_2	True
19	RookPieceSquareEndGame_1	True
20	KingPieceSquareEndGame_2	True
20	KingPieceSquareMiddleGame_3	True
20	KingPieceSquareMiddleGame_1	True
20	KingPieceSquareEndGame_0	True
20	CandRookOpenFileMiddleGame	True
20	KingPieceSquareMiddleGame_4	True
20	KingPieceSquareMiddleGame_0	True
20	RookPieceSquareMiddleGame_2	True
20	KingPieceSquareEndGame_3	True
20	KingPieceSquareMiddleGame_6	True
20	KingPieceSquareMiddleGame_2	True
20	KingPieceSquareEndGame_1	True
21	QueenPieceSquareMiddleGame_1	True
21	QueenPieceSquareMiddleGame_2	True
21	QueenPieceSquareMiddleGame_3	True
21	QueenPieceSquareMiddleGame_4	True
21	CandKingInfiltratedQueenWeight	True
21	QueenMobilityMiddleGameIncrement_2	True
21	QueenMobilityMiddleGameIncrement_1	True
21	CandKingAttackerQueenWeight	True
22	QueenPieceSquareMiddleGame_4	True
22	QueenPieceSquareEndGame_1	True
22	QueenPieceSquareEndGame_4	True
22	CandKingAttackerQueenWeight	True
22	CandKingInfiltratedQueenWeight	True
22	QueenPieceSquareEndGame_0	True
22	QueenValue	True
22	QueenPieceSquareMiddleGame_1	True
22	CandLoneKingConfinementWeight	True
22	CandKingDefenderQueenWeight	True
22	CandKingAdditionalZoneAttackerDanger	True
22	CandLoneKingRestrictedNeighbourWeight	True
23	KingPieceSquareEndGame_4	True
23	KingPieceSquareMiddleGame_4	True
23	KingPieceSquareEndGame_5	True
23	KingPieceSquareMiddleGame_0	True
23	KingPieceSquareMiddleGame_6	True
23	KingPieceSquareMiddleGame_5	True
23	CandKingShelterMissingPawnDanger	True
23	KingPieceSquareEndGame_0	True
23	KingPieceSquareEndGame_6	True
24	KnightPieceSquareEndGame_0	True
24	KnightPieceSquareEndGame_2	True
24	KnightPieceSquareEndGame_5	True
24	KnightMobilityEndGameBase	True
24	KnightMobilityEndGameIncrement_1	True
24	KnightMobilityEndGameIncrement_2	True
24	KnightMobilityEndGameIncrement_3	True
24	KnightPieceSquareEndGame_1	True
24	KnightValue	True
24	KnightOutpostEndGame	True
24	KnightPieceSquareEndGame_6	True
24	KnightPieceSquareMiddleGame_5	True
25	KnightPieceSquareEndGame_1	True
25	KnightPieceSquareEndGame_7	True
25	KnightOutpostEndGame	True
25	KnightSupportedOutpostEndGame	True
25	KnightPieceSquareEndGame_8	True
25	KnightMobilityEndGameIncrement_3	True
25	KnightMobilityEndGameIncrement_1	True
25	KnightMobilityEndGameIncrement_2	True
25	KnightValue	True
25	KnightPieceSquareEndGame_0	True
25	KnightSupportedOutpostMiddleGame	True
25	KnightMobilityEndGameBase	True
26	BishopPieceSquareEndGame_0	True
26	BishopPieceSquareEndGame_1	True
26	BishopPieceSquareEndGame_2	True
26	BishopPieceSquareEndGame_3	True
26	BishopMobilityEndGameBase	True
26	BishopMobilityEndGameIncrement_1	True
26	BishopMobilityEndGameIncrement_2	True
26	BishopMobilityEndGameIncrement_3	True
26	BishopValue	True
26	BishopMobilityEndGameIncrement_4	True
26	BishopPieceSquareEndGame_8	True
26	BishopPieceSquareEndGame_6	True
27	BishopPieceSquareEndGame_7	True
27	BishopMobilityEndGameIncrement_4	True
27	BishopMobilityEndGameIncrement_3	True
27	BishopPieceSquareEndGame_3	True
27	BishopPieceSquareMiddleGame_7	True
27	BishopPieceSquareEndGame_2	True
28	RookPieceSquareEndGame_1	True
28	RookPieceSquareEndGame_3	True
28	RookPieceSquareEndGame_4	True
28	RookPieceSquareEndGame_0	True
28	RookValue	True
28	CandRookOpenFileEndGame	True
28	RookMobilityEndGameBase	True
28	RookMobilityEndGameIncrement_2	True
28	RookPieceSquareMiddleGame_1	True
28	RookMobilityEndGameIncrement_1	True
29	RookMobilityMiddleGameBase	True
29	RookMobilityMiddleGameIncrement_1	True
29	RookMobilityMiddleGameIncrement_2	True
29	RookMobilityMiddleGameIncrement_3	True
29	RookValue	True
29	RookPieceSquareMiddleGame_0	True
29	RookMobilityEndGameBase	True
29	KnightPieceSquareMiddleGame_3	True
29	RookPieceSquareMiddleGame_1	True
29	CandRookOpenFileMiddleGame	True
29	RookMobilityEndGameIncrement_1	True
29	CandRookOpenFileEndGame	True
30	RookMobilityEndGameIncrement_2	True
30	RookMobilityEndGameIncrement_3	True
30	RookMobilityEndGameIncrement_4	True
30	CandRookOpenFileEndGame	True
30	RookMobilityEndGameIncrement_1	True
30	RookPieceSquareEndGame_2	True
30	RookMobilityEndGameBase	True
30	RookPieceSquareEndGame_0	True
30	RookPieceSquareEndGame_1	True
30	RookValue	True
30	RookMobilityMiddleGameIncrement_3	True
31	QueenMobilityMiddleGameBase	True
31	QueenMobilityMiddleGameIncrement_1	True
31	QueenMobilityMiddleGameIncrement_2	True
31	QueenMobilityMiddleGameIncrement_3	True
31	QueenValue	True
31	QueenPieceSquareMiddleGame_0	True
31	QueenMobilityEndGameIncrement_2	True
31	QueenMobilityEndGameIncrement_1	True
31	QueenMobilityEndGameBase	True
31	QueenPieceSquareMiddleGame_1	True
31	QueenPieceSquareMiddleGame_3	True
32	CandRookOpenFileMiddleGame	True
32	CandRookSemiOpenFileMiddleGame	True
32	RookPieceSquareMiddleGame_2	True
32	RookPieceSquareMiddleGame_1	True
32	RookMobilityMiddleGameIncrement_2	True
32	RookPieceSquareMiddleGame_0	True
33	CandLoneKingPushWeight	True
33	CandLoneKingConfinementWeight	True
33	CandLoneKingRestrictedNeighbourWeight	True
33	CandKingAttackerQueenWeight	True
33	QueenPieceSquareEndGame_0	True
33	QueenMobilityEndGameIncrement_2	True
33	QueenMobilityEndGameBase	True
33	QueenMobilityEndGameIncrement_1	True
34	CandKingAttackerMinorWeight	True
34	CandKingDefenderRookWeight	True
34	CandKingShelterSecondRankDanger	True
34	CandKingUndefendedZoneDanger	True
34	KnightPieceSquareMiddleGame_1	True
34	CandKingControlledEscapeDanger	True
34	BishopPieceSquareMiddleGame_1	True
34	KnightPieceSquareMiddleGame_7	True
35	CandKingDefenderPawnWeight	True
35	CandKingDefenderMinorWeight	True
35	CandKingDefenderQueenWeight	True
35	CandKingSemiOpenLineDanger	True
35	CandKingAdditionalZoneAttackerDanger	True
35	CandKingInfiltratedQueenWeight	True
35	CandKingShelterAdvancedPawnDanger	True
36	CandKingShelterAdvancedPawnDanger	True
36	CandKingShelterMissingPawnDanger	True
36	CandKingUndefendedZoneDanger	True
36	CandKingAdditionalZoneAttackerDanger	True
36	CandKingSemiOpenLineDanger	True
36	CandKingOpenLineDanger	True
36	CandKingControlledEscapeDanger	True
36	CandKingAttackerMinorWeight	True
36	QueenPieceSquareEndGame_2	True
36	CandKingDefenderMinorWeight	True
36	CandKingInfiltratedQueenWeight	True
36	CandKingDefenderQueenWeight	True
37	DoubledPawnValue	True
37	CandEndgamePawnAdvancementRankMultiplier	True
37	IsolatedPawnMiddleGame	True
37	IsolatedPawnEndGame	True
38	KnightPieceSquareEndGame_3	True
39	BishopPieceSquareEndGame_4	True
40	QueenPieceSquareEndGame_3	True
41	BishopMobilityMiddleGameIncrement_4	True
42	AttackEndgameMultiplierPercent	True
43	CandTempoMiddleGame	True
43	CandTempoEndGame	True
44	CandOppositeColorBishopMiddleGameScalePermille	True
44	CandOppositeColorBishopEndGameScalePermille	True
45	CandPieceAttackScalePercent	True
46	CandKingDiagonalLineDanger	True
