dimension_name	family	old_role	status	classification	reentry_eligible	proposed_parameterization	rationale
BishopPairValue	Inline	Fixed at 132	absorbed_constant	4. Genuine chess concept	yes	BishopPairValue (scalar, baseline 132, non-saturating differential)	In the old implementation, BishopPairValue was evaluated symmetrically with pawn count damping such that it had zero derivative in positions with equal pawn counts or saturated thresholds. The value of having two bishops vs bishop+knight or two knights is one of the most fundamental classical positional advantages in chess. Restoring BishopPairValue as a clean non-saturating bonus makes it identifiable and tunable.
AttackEndgameMultiplier	Attack	Fixed at 1.4x (140%)	fixed_constant	4. Genuine chess concept	yes	AttackEndgameMultiplierPercent (scalar, baseline 140, range 50-250)	When 30 raw Endgame attack parameters were collapsed, their values were tied to the MiddleGame threat tiers via an empirical 1.4x factor. The relative escalation of tactical threats as pieces come off the board (threat of mate, skewer, or pawn win increases in value relative to remaining material) is an independent chess concept that should be tunable rather than a hardcoded magic number.
LoneKingEdgeCornerTiedRatio	EndgameWeights	Fixed at 72/22 ratio	fixed_ratio	3. Structural relationship	no	none	EdgeWeight and CornerWeight exhibited r = -0.985 collinearity. The 72/22 ratio guarantees strict mathematical monotonicity toward the corner across all 64 squares for bare-king mates (KQvK, KRvK). Un-tying this would reintroduce the severe collinearity (condition number 27.57) and risk anti-monotonic mate bugs.
LoneKingBase	EndgameWeights	Fixed at 36	absorbed_offset	2. Purely redundant	no	none	A constant evaluation offset in bare king endings that shifts absolute evaluation without altering move ordering, minimax choices, or king drive gradients. Fully absorbed by piece value baselines.
QueenMobilityMGSaturation	QueenMobility	Tied p3=p4=4	tied_increments	3. Structural relationship	no	none	Move counts 9..12 and 13..15 in MG are structurally contiguous saturation steps that had identical values (4 cp). In quiet play, queens rarely reach 15 legal moves without tactical complications. Tying them into a single saturation parameter eliminated redundancy without losing chess expression.
QueenMobilityEGTerminalSlope	QueenMobility	Fixed terminal EG slope	fixed_constant	3. Structural relationship	no	none	In endgames, extreme queen mobility (>12 moves) is virtually unconstrained. Fixing the terminal increment preserves monotonic saturation while leaving the early and mid activity slope fully tunable.
KingAttackerPawnWeight	KingSafety	Baseline zero (p0=0)	zeroed_parameter	1. Permanently dead	no	none	Pawn attacks near the king are handled by pawn storms and direct contact checks in search/tactics; the parameter was dead and unbacked in production.
KingShelterOpenFileDanger	KingSafety	Baseline zero (p11=0)	zeroed_parameter	2. Purely redundant	no	none	Completely redundant with KingShelterMissingPawnDanger and KingOpenLineDanger, which evaluate missing pawns and open files on king zone squares.
KingBlockedEscapeDanger	KingSafety	Baseline zero (p18=0)	zeroed_parameter	2. Purely redundant	no	none	Subsumed by king escape square counts and friendly piece congestion in KingDefender / KingDanger.
KingTrappedEscapeDanger	KingSafety	Baseline zero (p19=0)	zeroed_parameter	1. Permanently dead	no	none	Extreme trapped king states are dominated by mating searches and QSearch; never independently triggered in quiet positional eval.
KingHeavyBatteryDanger	KingSafety	Baseline zero (p20=0)	zeroed_parameter	2. Purely redundant	no	none	Directly duplicated by KingOpenLineDanger and queen infiltration attacker weights.
KingPinnedShelterPawnWeight	KingSafety	Baseline zero (p21=0)	zeroed_parameter	2. Purely redundant	no	none	Pinned shelter pawns are scored by tactical pin detection in Attack and PieceSquare.
PawnPieceSquare_p2_p6	PieceSquare	p2 (rank^2) & p6 (rank 7)	zeroed_parameters	1. Permanently dead	no	none	p2 was algebraic collinearity (r > 0.90) with linear rank p1; p6 was rank 8 pawns (unreachable since pawns promote immediately).
KnightPieceSquare_p3	PieceSquare	p3 (fc^2)	zeroed_parameter	2. Purely redundant	no	none	Collinear (r = 0.914) with linear file centrality p2; central knight placement is already completely captured by linear centrality and rank-specific terms.
RookPieceSquare_p2	PieceSquare	p2 (rank^2)	zeroed_parameter	2. Purely redundant	no	none	Collinear (r = 0.94) with linear rank p1; rooks advance along linear gradients with discrete 7th rank bonuses.
QueenPieceSquare_p2	PieceSquare	p2 (rank^2)	zeroed_parameter	2. Purely redundant	no	none	Collinear (r = 0.91) with linear rank p1; queen activity is governed by centrality and mobility.
AttackKingVictims	Attack	King victim rows (10 params)	unreachable	1. Permanently dead	no	none	King cannot be captured; king safety logic handles threats against the king.
AttackPawnOnPawn	Attack	Pawn attacking pawn (2 params)	filtered_logic	2. Purely redundant	no	none	Subsumed by pawn structure and pawn mobility evaluation; filtered out of piece move count fast.
AttackEqualExchanges	Attack	N-on-N, B-on-B, R-on-R, Q-on-Q (8 params)	exchange_collinear	2. Purely redundant	no	none	Equal exchanges have zero net material gain and are handled identically in QSearch swap/SEE logic.
AttackEndgameRawCells	Attack	30 raw EG parameters	data_starved	2. Purely redundant	no	none	Individual piece-on-piece endgame tactical threat cells fired in <0.5% of positions; collapsing to a phase-tapered multiplier preserves the concept without 30 unidentifiable parameters.
