position_id	split	classification	howl_move	ref_move	eval_delta	has_queen	failure_mechanism
mqr-818cc9a4fc09ab00	validation	likely evaluation related	e4e5	f1e1	32	yes	Queen mobility / centralization artifact: high pseudo-legal mobility into loose/contested squares masks lack of development or king vulnerability.
mqr-57d97c07303d51cc	train	likely evaluation related	b6c4	b7d5	80	yes	Queen mobility / centralization artifact: high pseudo-legal mobility into loose/contested squares masks lack of development or king vulnerability.
mqr-807d4cd83f6c149b	train	likely evaluation related	e3h6	h2h3	102	yes	Queen mobility / centralization artifact: high pseudo-legal mobility into loose/contested squares masks lack of development or king vulnerability.
mqr-582c7e8f513ee18c	train	mixed	e4d5	e4f4	16	no	Queen mobility / centralization artifact: high pseudo-legal mobility into loose/contested squares masks lack of development or king vulnerability.
mqr-2393787aa4fe83c7	train	likely evaluation related	f6g4	h8d8	85	yes	Queen mobility / centralization artifact: high pseudo-legal mobility into loose/contested squares masks lack of development or king vulnerability.
mqr-db0ef99c680e6bf0	train	mixed	c6c5	b4e7	16	no	Queen mobility / centralization artifact: high pseudo-legal mobility into loose/contested squares masks lack of development or king vulnerability.
mqr-4e7e2fd2f49d151a	train	likely evaluation related	d3d5	h2e5	127	yes	Queen mobility / centralization artifact: high pseudo-legal mobility into loose/contested squares masks lack of development or king vulnerability.
mqr-356f60f0d53de8e4	train	likely evaluation related	g1e1	g4g5	21	yes	Queen mobility / centralization artifact: high pseudo-legal mobility into loose/contested squares masks lack of development or king vulnerability.
mqr-f8d987a3bbf59936	train	likely evaluation related	g3g4	e1e3	170	yes	Queen mobility / centralization artifact: high pseudo-legal mobility into loose/contested squares masks lack of development or king vulnerability.
mqr-2e4ecc2abd6d86cf	train	likely evaluation related	f4f5	c1e3	20	yes	Queen mobility / centralization artifact: high pseudo-legal mobility into loose/contested squares masks lack of development or king vulnerability.
mqr-2c4adb8968e9feee	train	likely evaluation related	a1h1	f2f3	54	yes	Queen mobility / centralization artifact: high pseudo-legal mobility into loose/contested squares masks lack of development or king vulnerability.
mqr-c7ad4ab7ef18912c	train	likely evaluation related	a3b4	f4f5	102	yes	Queen mobility / centralization artifact: high pseudo-legal mobility into loose/contested squares masks lack of development or king vulnerability.
mqr-267e018c83e11864	train	likely evaluation related	b8d7	b4a3	38	yes	Queen mobility / centralization artifact: high pseudo-legal mobility into loose/contested squares masks lack of development or king vulnerability.
mqr-2ef7bef53f1d5ee9	validation	likely evaluation related	d3f4	d3e5	36	yes	Queen mobility / centralization artifact: high pseudo-legal mobility into loose/contested squares masks lack of development or king vulnerability.
mqr-dc7d12d0496c294a	train	mixed	d3d4	e1c1	15	yes	Queen mobility / centralization artifact: high pseudo-legal mobility into loose/contested squares masks lack of development or king vulnerability.
mqr-451b947ddd4e29a7	train	likely evaluation related	c5a7	c5c6	27	yes	Queen mobility / centralization artifact: high pseudo-legal mobility into loose/contested squares masks lack of development or king vulnerability.
mqr-c4efdb13dcb14d82	train	likely evaluation related	a7d4	b7c5	96	no	Queen mobility / centralization artifact: high pseudo-legal mobility into loose/contested squares masks lack of development or king vulnerability.
mqr-ef4be537017ff491	validation	likely evaluation related	c3d5	c3e4	338	yes	Queen mobility / centralization artifact: high pseudo-legal mobility into loose/contested squares masks lack of development or king vulnerability.
mqr-d476f67d83470966	train	likely evaluation related	h4h5	f2f3	33	yes	Queen mobility / centralization artifact: high pseudo-legal mobility into loose/contested squares masks lack of development or king vulnerability.
mqr-3b2ef8e196b78289	train	likely evaluation related	f4e5	f4f5	81	yes	Queen mobility / centralization artifact: high pseudo-legal mobility into loose/contested squares masks lack of development or king vulnerability.
mqr-29c765e9fd74d869	train	likely evaluation related	e4c5	e4g3	363	yes	Queen mobility / centralization artifact: high pseudo-legal mobility into loose/contested squares masks lack of development or king vulnerability.
mqr-a139839363fc6cb5	train	likely evaluation related	f3e5	g2g4	151	yes	Queen mobility / centralization artifact: high pseudo-legal mobility into loose/contested squares masks lack of development or king vulnerability.
mqr-c578041f0fcd9d6a	train	likely evaluation related	e4d5	e1e3	88	yes	Queen mobility / centralization artifact: high pseudo-legal mobility into loose/contested squares masks lack of development or king vulnerability.
mqr-088b515dd4e83799	validation	likely evaluation related	e3d5	f1d1	136	yes	Queen mobility / centralization artifact: high pseudo-legal mobility into loose/contested squares masks lack of development or king vulnerability.
mqr-6abe9ec0b54d21fb	train	likely evaluation related	d8c7	g7h6	38	yes	Queen mobility / centralization artifact: high pseudo-legal mobility into loose/contested squares masks lack of development or king vulnerability.
mqr-b9e01b944a62dc19	train	mixed	d5c6	d7b8	17	no	Queen mobility / centralization artifact: high pseudo-legal mobility into loose/contested squares masks lack of development or king vulnerability.
mqr-05537fca079f71d3	train	likely evaluation related	b5a3	b5c3	20	yes	Queen mobility / centralization artifact: high pseudo-legal mobility into loose/contested squares masks lack of development or king vulnerability.
mqr-a5113d426a5b43d1	train	likely evaluation related	f3e5	a2a5	51	yes	Queen mobility / centralization artifact: high pseudo-legal mobility into loose/contested squares masks lack of development or king vulnerability.
mqr-b6dbb8ca3933bdad	train	likely evaluation related	b5c4	h5f4	39	yes	Queen mobility / centralization artifact: high pseudo-legal mobility into loose/contested squares masks lack of development or king vulnerability.
mqr-12527c3aa41f17c2	train	likely evaluation related	b8b3	a6b7	49	yes	Queen mobility / centralization artifact: high pseudo-legal mobility into loose/contested squares masks lack of development or king vulnerability.
mqr-086cf19eb60ae0d7	train	likely evaluation related	d2f3	e1g1	44	yes	Queen mobility / centralization artifact: high pseudo-legal mobility into loose/contested squares masks lack of development or king vulnerability.
mqr-5eb39cf373982078	validation	likely evaluation related	a6b5	c6a5	36	yes	Queen mobility / centralization artifact: high pseudo-legal mobility into loose/contested squares masks lack of development or king vulnerability.
mqr-ea64fb354b812a97	validation	likely evaluation related	e2f1	c1d1	155	yes	Queen mobility / centralization artifact: high pseudo-legal mobility into loose/contested squares masks lack of development or king vulnerability.
mqr-79e93ef7f507f229	train	likely evaluation related	h7h6	f8e7	24	yes	Queen mobility / centralization artifact: high pseudo-legal mobility into loose/contested squares masks lack of development or king vulnerability.
mqr-c4a19e8bb097d572	train	likely evaluation related	e6d5	c6d4	103	yes	Queen mobility / centralization artifact: high pseudo-legal mobility into loose/contested squares masks lack of development or king vulnerability.
mqr-ab167c393e6e4ee8	train	likely evaluation related	f5e4	d6d5	297	yes	Queen mobility / centralization artifact: high pseudo-legal mobility into loose/contested squares masks lack of development or king vulnerability.
mqr-2f9464bdf3eb9dce	validation	likely evaluation related	e2g2	h2h4	28	yes	Queen mobility / centralization artifact: high pseudo-legal mobility into loose/contested squares masks lack of development or king vulnerability.
mqr-2d5086aa38754e35	train	likely evaluation related	g3h2	d6e6	349	yes	Queen mobility / centralization artifact: high pseudo-legal mobility into loose/contested squares masks lack of development or king vulnerability.
mqr-1fb507bea1337785	train	likely evaluation related	a6a5	c5d5	83	yes	Queen mobility / centralization artifact: high pseudo-legal mobility into loose/contested squares masks lack of development or king vulnerability.
mqr-c14ccde6e2ee82a6	validation	likely evaluation related	a7a5	f6d7	44	yes	Queen mobility / centralization artifact: high pseudo-legal mobility into loose/contested squares masks lack of development or king vulnerability.
