metric	production	candidate	improvement
parameter_count	5	3	-2 (-40.0%)
effective_rank	5	3	Full rank (3/3)
rank_parameter_ratio	1.000	1.000	1.000 (Zero null dimensions)
condition_number	27.57	2.15	Improved (-25.42, well-conditioned < 3.0)
severe_collinear_pairs	4	0	All 4 collinear pairs (|r|>=0.90) eliminated
worst_correlation	r=-0.985	r=0.482	-0.503 (Extreme collinearity eliminated)
low_support_parameters	5 (100.0%)	3 (100.0%)	-2 low-support dimensions removed
table_identity_with_baseline	100.0%	100.0%	100.000% exact mathematical match
monotonicity_center_to_corner	strict	strict	Strictly monotonic (+116/step diagonal)
