position_id	searched_score	best_move	actual_result	squared_error	weight	nodes
mqr-fdaf95de45e785c0	-75	d7g4	0.5	0.011297101485042243	1	200000
mqr-0f5b0847589b6a96	-93	f7e7	0.5	0.017090408361675549	1	200000
mqr-b00198c5be87e34f	-48	d8b6	0.5	0.0047116406797272333	1	200000
mqr-4f9f5b91361f4fcd	-214	c5b5	0.5	0.075157113678003429	1	200000
mqr-b011dcb236068ac5	-129	a7b6	0.5	0.031527759600157412	1	200000
mqr-4452a7932f37c4bf	-131	a1b1	0.5	0.032425448260459559	1	200000
mqr-c8279a27274d8979	131	c6b6	0.5	0.032425448260459559	1	200000
mqr-df89efaa3615aa02	0	e4f5	0.5	0	1	200000
mqr-fe461754d6c55bf3	6	c7d6	0.5	7.4543120985410446e-05	1	200000
mqr-753d56b936b601db	-249	g7g6	0.5	0.094509627476255686	1	200000
mqr-d62d36430248488e	-67	b2a3	0.5	0.009071236602070893	1	200000
mqr-e9c15f001897ffe1	0	e8d8	0.5	0	1	200000
mqr-f121b511e37d2026	-555	e1c3	0.5	0.21218876231469444	1	200000
mqr-45d281a04a688dbc	-55	g6g5	0.5	0.0061617401286718741	1	200000
mqr-a139839363fc6cb5	84	f3e5	0.5	0.014062194011626136	1	200000
mqr-6a86a311eca67a1b	611	g4f3	0.5	0.22200416894779051	1	200000
mqr-49af75de14f0d760	-18	a1a8	0.5	0.00066982258379347139	1	200000
mqr-1ed03055023d1949	-93	c8e8	0.5	0.017090408361675549	1	200000
mqr-13525a9f2a86b324	15	d1a1	0.5	0.00046540869893564699	1	200000
mqr-96f212e8d8816f15	70	e5c6	0.5	0.0098797231960613286	1	200000
mqr-88549acd2d4c586f	-85	f8d8	0.5	0.014385929609447252	1	200000
mqr-96cad54b003068f3	-11	f3f4	0.5	0.00025043015862908242	1	200000
mqr-356f60f0d53de8e4	-48	g1e1	0.5	0.0047116406797272333	1	200000
mqr-03e63af0f357751c	-74	f7g8	0.5	0.011006717007731141	1	200000
mqr-e114f178993bb0db	0	d5d4	0.5	0	1	200000
mqr-e1a885f5dfc36ae8	-25	d1d3	0.5	0.0012899538083259265	1	200000
mqr-5ea616da73fb35ce	-84	d4f2	0.5	0.014062194011626148	1	200000
mqr-2331946b21f94adb	30	c3e4	0.5	0.0018547227350992422	1	200000
mqr-d939f01cacff6b1c	-109	b7b6	0.5	0.023077267858881423	1	200000
mqr-8318f51593ffde87	23	g7d4	0.5	0.0010923946377044717	1	200000
mqr-8d61f35cd5560d61	-190	f7e7	0.5	0.062042372212454365	1	200000
mqr-0843bd3b00e6a6be	-14	d2g5	0.5	0.00040548757434773604	1	200000
mqr-b0adeadaa8d6536c	0	a2a3	0.5	0	1	200000
mqr-d176daa2f298095e	296	d8f8	0.5	0.11974721153305858	1	200000
mqr-93254b6b9c49d5e9	-108	f7g6	0.5	0.022681753955100175	1	200000
mqr-08bba8d95af95942	-23	b8c6	0.5	0.001092394637704468	1	200000
mqr-66678a8fc3edc907	38	a2a4	0.5	0.0029669127063132275	1	200000
mqr-2aba2c1296d68a93	29	b1d3	0.5	0.0017336982873630165	1	200000
mqr-2c33ef8a7e9e99ae	20	d8d7	0.5	0.0008265949241234189	1	200000
mqr-ad5dfa03260ce6eb	-93	d8c8	0.5	0.017090408361675549	1	200000
mqr-b00c3231fdb42495	71	a1d1	0.5	0.010156254844667508	1	200000
mqr-6426f5403efb5fd8	240	e6d5	0.5	0.089544572265686947	1	200000
mqr-b947e72826a67e8a	413	e8e1	0.5	0.1722989701209286	1	200000
mqr-5ef360c489f24e7a	-56	e2d1	0.5	0.0063839717052468813	1	200000
mqr-9dbff1980c64e83c	-725	b7f3	0.5	0.23506427494202692	1	200000
mqr-80c60b8ff9e3588c	-11	a8e8	0.5	0.00025043015862908242	1	200000
mqr-2e415d982758c42e	25	d4e2	0.5	0.0012899538083259226	1	200000
mqr-f59765d99411ca65	-630	h1g2	0.5	0.22475407163570552	1	200000
mqr-7338bd195e86d35f	-270	d6f4	0.5	0.1059671684474722	1	200000
mqr-82430e20087d47c2	137	e7g6	0.5	0.035170594542553911	1	200000
mqr-cd9e693ce14fb7d7	388	a8c8	0.5	0.16258508156235182	1	200000
mqr-493127e57f8435f7	56	d1d2	0.5	0.00638397170524689	1	200000
mqr-ab781b82b245916d	-44	a2a3	0.5	0.0039670759742838962	1	200000
mqr-1138d502ca1d787c	7	d1b3	0.5	0.00010145418710606471	1	200000
mqr-14d27390bddc145e	119	c1g5	0.5	0.027178153093163293	1	200000
mqr-c578041f0fcd9d6a	66	a4c3	0.5	0.0088088333378313552	1	200000
mqr-63f5aa9c6d19e5a3	53	c2c8	0.5	0.0057285147600319285	1	200000
mqr-a6a1ae2d208e51e8	72	f7d5	0.5	0.010436276001094142	1	200000
mqr-d73d24cb8f826882	130	c4b5	0.5	0.031975490804884439	1	200000
mqr-a2b8525bbe8d7998	-102	a5a4	0.5	0.020367020015624251	1	200000
mqr-c7916b3b600f09cc	-1619	f7f5	0.5	0.24991037644976685	1	200000
mqr-e6085cd9412413c4	76	g7e5	0.5	0.011590904728919195	1	200000
mqr-bcf0302bd966d1da	-1581	f1e1	0.5	0.24988846707099274	1	200000
mqr-71d7861176fade8f	93	e3d4	0.5	0.017090408361675521	1	200000
mqr-1636948c68fc0402	-43	d8c8	0.5	0.0037906111094626032	1	200000
mqr-3b1bad54b4c09312	3	c6b4	0.5	1.8638559102668981e-05	1	200000
mqr-0c4a5fed53b3e51c	43	g8g7	0.5	0.0037906111094626101	1	200000
mqr-f7c858f8c660e148	464	c5d4	0.5	0.18948043031177816	1	200000
mqr-48212a2260e195d7	89	c2b3	0.5	0.015712971804140771	1	200000
mqr-b75ada110968a847	43	f1e2	0.5	0.0037906111094626101	1	200000
mqr-f81587ff93c86af5	-59	e3e4	0.5	0.0070729712733799566	1	200000
mqr-afae2d44db042bdf	82	e8e5	0.5	0.013424490654525249	1	200000
mqr-22eef47257a11a0d	-46	f1e1	0.5	0.004331640955044398	1	200000
mqr-ff43cf5549352ac4	210	c2c3	0.5	0.07295221474330707	1	200000
mqr-17878b9a379fbeea	2	c3d1	0.5	8.2840327924419142e-06	1	200000
mqr-31e82160914fd948	-58	c8g4	0.5	0.0068396017766367556	1	200000
mqr-e231d08aee68902f	-37	h8g8	0.5	0.0028139730871199419	1	200000
mqr-b9e01b944a62dc19	-38	c8c1	0.5	0.0029669127063132392	1	200000
mqr-6103058eb86f6def	-26	c2e3	0.5	0.0013948220995346086	1	200000
mqr-7f363bceefe7035b	296	b5c4	0.5	0.11974721153305858	1	200000
mqr-41170463f975b249	24	c7e7	0.5	0.0011891424439231682	1	200000
mqr-b892fb3ee9cdf52b	-93	f1d1	0.5	0.017090408361675549	1	200000
mqr-0c3157a7e003b2fa	-133	g2f1	0.5	0.033331945652406797	1	200000
mqr-48bba47fdf61e6e8	2	d3b5	0.5	8.2840327924419142e-06	1	200000
mqr-fcfec3f4811afc3a	83	c8b6	0.5	0.013741707870665613	1	200000
mqr-807d4cd83f6c149b	192	e3h6	0.5	0.063121936335448617	1	200000
mqr-395954458ba3a602	33	e4e3	0.5	0.0022418821611395758	1	200000
mqr-86ec113ace5650dc	-37	f6d7	0.5	0.0028139730871199419	1	200000
mqr-3a9e25299da8e25d	251	c5d4	0.5	0.095609585709202027	1	200000
mqr-7b4429dc31150c18	-167	c8d7	0.5	0.049902140212571909	1	200000
mqr-397a0290f38b981b	-79	e2e1	0.5	0.012492644844849899	1	200000
mqr-b0268334926d2e6e	-12	f7f5	0.5	0.00029799474977838493	1	200000
mqr-eeda6a5e2bcf8e9d	-51	f6e5	0.5	0.0053103650233038441	1	200000
mqr-13e1ecc365105111	41	e3c1	0.5	0.0034493737427614742	1	200000
mqr-a103e96e25a5df4d	-355	d7c6	0.5	0.14845121680726545	1	200000
mqr-4cac407f5176a1ad	53	e6c6	0.5	0.0057285147600319285	1	200000
mqr-265fd4ef3a06dc47	50	c2b3	0.5	0.005106977149724105	1	200000
mqr-832a1a5a7ada6e1f	-1596	g4g5	0.5	0.24989769164012876	1	200000
mqr-11aec836f2dcd66b	142	b7a6	0.5	0.037515008967882242	1	200000
mqr-fd988f2cd76c71ce	-213	e7f5	0.5	0.074605412115584011	1	200000
mqr-64f4bc54dabf9fe3	-39	c8a6	0.5	0.003123799534565585	1	200000
mqr-e7e0484ce852e66f	-221	e8d8	0.5	0.079025869652028541	1	200000
mqr-f1beedaf6777aa9b	-778	c2c3	0.5	0.23890322067640396	1	200000
mqr-116477aab54152e1	-324	g1f3	0.5	0.13387518654912636	1	200000
mqr-dc7d12d0496c294a	-38	e1c1	0.5	0.0029669127063132392	1	200000
mqr-f8eacc24ef839fde	-8	a3a4	0.5	0.00013250061662783402	1	200000
mqr-a826d70e6189a701	204	c2c4	0.5	0.069656246818693576	1	200000
mqr-c106cd7403433805	-142	e8c8	0.5	0.037515008967882263	1	200000
mqr-dcdcd797e4a53144	-12	e3f2	0.5	0.00029799474977838493	1	200000
mqr-88f4661f41eca883	1643	d5e5	0.5	0.24992193934529675	1	200000
mqr-1fdf104e354cfbcc	706	e7e5	0.5	0.23339628930795908	1	200000
mqr-1b1f2be97e387b89	-15	b7b5	0.5	0.0004654086989356446	1	200000
mqr-bc7f30b1b6d5540d	26	h8f8	0.5	0.0013948220995346045	1	200000
mqr-64a58798caaf38e3	633	g7d4	0.5	0.22516427408999656	1	200000
mqr-51ca5c4a7f0725bc	505	a2a7	0.5	0.2008761236424331	1	200000
mqr-e266925a095d79dd	91	h8g7	0.5	0.016395472246760849	1	200000
mqr-4207926bea6eeb16	-116	h6f5	0.5	0.025920707382153189	1	200000
mqr-aac30c9a8eca31f8	666	h4g3	0.5	0.22927878970762094	1	200000
mqr-febb5b0f00baea79	207	d4c3	0.5	0.07130230691035537	1	200000
mqr-95d848d0fac341e9	0	a6b6	0.5	0	1	200000
mqr-ea40fd2c41bb3679	-66	e4g3	0.5	0.0088088333378313448	1	200000
mqr-c0724bdd80e760ac	-45	f8c8	0.5	0.004147423143206588	1	200000
mqr-b1300566c95daf98	-15	c1b1	0.5	0.0004654086989356446	1	200000
mqr-f342e476ec571d7d	89	b5c3	0.5	0.015712971804140771	1	200000
mqr-d007e32444d89b98	55	g2g4	0.5	0.0061617401286718741	1	200000
mqr-59ece1603559ebb5	2000	f4f3	0.5	0.24999000019999695	1	200000
mqr-4c60bd42b75cdca4	0	f2e1	0.5	0	1	200000
mqr-e2492bbcfe757b85	146	g5g4	0.5	0.03942552812501203	1	200000
mqr-7c70482c7835bec4	-219	c1b2	0.5	0.077919486191478884	1	200000
mqr-1230b78fa9acc54d	-31	a8d8	0.5	0.0019797670338391323	1	200000
mqr-d647390eb73934eb	-384	c5e6	0.5	0.1609508718606982	1	200000
mqr-b39b98d76d1abfa9	-657	e6c8	0.5	0.22822601402716267	1	200000
mqr-006356a0a9eb8ca0	-92	d7b6	0.5	0.016741396151055812	1	200000
mqr-bcca3d50141dd142	1	g5d5	0.5	2.07104251142065e-06	1	200000
mqr-b9d8bc5042b712e6	15	f3e3	0.5	0.00046540869893564699	1	200000
mqr-60577809e70a22b0	27	c8g4	0.5	0.0015037404235944698	1	200000
mqr-c4fd7785ea0e89f9	-104	e7d6	0.5	0.021127334848733113	1	200000
mqr-d013bf53e3b5ccb7	-130	c1g5	0.5	0.031975490804884418	1	200000
mqr-23e751e9b965eefe	-150	a5a4	0.5	0.041365459637235751	1	200000
mqr-df035f65b5c65ad5	164	e5f6	0.5	0.048364369176783412	1	200000
mqr-ef080650990f5193	626	f7b7	0.5	0.22419718213160852	1	200000
mqr-568ca15e61f3c992	61	d4b5	0.5	0.0075507450880543435	1	200000
mqr-271c33ec37e0ba50	29	d5e4	0.5	0.0017336982873630165	1	200000
mqr-2393a2b4f05d8538	-56	f2g3	0.5	0.0063839717052468813	1	200000
mqr-49e7e9df64d643ab	198	g3e5	0.5	0.066377944423701929	1	200000
mqr-f1ac6fa7fb176591	-237	d7e5	0.5	0.087885388981169502	1	200000
mqr-27d40545b2fe57e0	-6	b4d2	0.5	7.4543120985409483e-05	1	200000
mqr-086cf19eb60ae0d7	-49	d2f3	0.5	0.0049073980920893781	1	200000
mqr-9408b8a2eb8d2ce5	-56	g4f3	0.5	0.0063839717052468813	1	200000
mqr-76df84349ec686dc	0	e1g1	0.5	0	1	200000
mqr-c497558a90b9bd24	115	d1d3	0.5	0.025506643393738902	1	200000
mqr-66caa62812b5464c	19	f1d1	0.5	0.00074616238129145542	1	200000
mqr-345cf98155e81c3b	-13	b8c6	0.5	0.00034968169461480579	1	200000
mqr-11c78d344d7a4667	46	h7h5	0.5	0.0043316409550444128	1	200000
mqr-d1002e05525eb7fd	52	c6c5	0.5	0.0055175486549576321	1	200000
mqr-f377ba83124d09db	20	f1d3	0.5	0.0008265949241234189	1	200000
mqr-1534579e008a4b64	-93	c7b6	0.5	0.017090408361675549	1	200000
mqr-ba24418fafbceddf	22	h2h3	0.5	0.00099971675754689619	1	200000
mqr-0c78f6d6128151b5	-62	g4f3	0.5	0.0077951191315980863	1	200000
mqr-ad94e7801d28faac	129	c5a4	0.5	0.031527759600157412	1	200000
mqr-2539ffc7fa0ae713	7	d1d2	0.5	0.00010145418710606471	1	200000
mqr-9e1dbe14ef2b0a88	-62	a3c4	0.5	0.0077951191315980863	1	200000
mqr-7ea00b6064de37e5	-25	d8c8	0.5	0.0012899538083259265	1	200000
mqr-049c96bd19ccc1c1	7	f6d5	0.5	0.00010145418710606471	1	200000
mqr-dd5d9fb4753fc208	12	d6d5	0.5	0.00029799474977838493	1	200000
mqr-f17b5ba7a643bd05	40	d4d5	0.5	0.003284623364503175	1	200000
mqr-fb9b9e63d20e6895	-20	g7d4	0.5	0.0008265949241234189	1	200000
mqr-d4b55e7c8dee40c3	14	f6h5	0.5	0.00040548757434773832	1	200000
mqr-c4efdb13dcb14d82	-16	c8f5	0.5	0.00052944110760414062	1	200000
mqr-d5d8b656ae70e474	-42	e6e5	0.5	0.0036180399714190081	1	200000
mqr-ef482a4513c7bf81	-54	e2f3	0.5	0.0059432498288789397	1	200000
mqr-8a7f5b7721cfa86b	66	f5c8	0.5	0.0088088333378313552	1	200000
mqr-006f8e811afdbf14	2000	e1f2	0.5	0.24999000019999695	1	200000
mqr-bb4aa0affa2005ff	0	g2g3	0.5	0	1	200000
mqr-3b2ef8e196b78289	88	f4f5	0.5	0.015376436140274192	1	200000
mqr-9c489fc66c7aa702	19	e1g1	0.5	0.00074616238129145542	1	200000
mqr-52a126e2961d1d77	79	a2a4	0.5	0.012492644844849899	1	200000
mqr-b31a555abc0fb5c4	43	b8d7	0.5	0.0037906111094626101	1	200000
mqr-877658576622b0ae	31	b4b5	0.5	0.0019797670338391376	1	200000
mqr-81bd989672f3fedb	49	d1e2	0.5	0.0049073980920893781	1	200000
mqr-4941d2d95a4e2207	31	e2d1	0.5	0.0019797670338391376	1	200000
mqr-6e9d3547eea152e3	115	b6d5	0.5	0.025506643393738902	1	200000
mqr-cd96218aea50e392	-73	g7e6	0.5	0.010719769253954202	1	200000
mqr-93ed7e3927c4c267	13	d8d6	0.5	0.00034968169461480579	1	200000
mqr-e591930220bb23ec	253	a4b5	0.5	0.0967080367849915	1	200000
mqr-639257be3539cc1a	123	c8d7	0.5	0.028889465687322459	1	200000
mqr-83630bcad75d49a0	291	d3e4	0.5	0.11714099888121801	1	200000
mqr-e26a67f86714ae5e	10	d5f6	0.5	0.00020699106822636405	1	200000
mqr-ea5091f71a3a07fd	62	d2b4	0.5	0.0077951191315980767	1	200000
mqr-c79cde986026893f	102	f1d1	0.5	0.020367020015624238	1	200000
mqr-90d3f405e7a0da47	96	e2d4	0.5	0.018155766341020885	1	200000
mqr-a2b99c9b34a089f9	-42	e7e5	0.5	0.0036180399714190081	1	200000
mqr-db0ef99c680e6bf0	0	f7e7	0.5	0	1	200000
mqr-80b595ef58ae2487	-47	d3e2	0.5	0.004519717511688893	1	200000
mqr-8874fd0128cf69df	414	a6b5	0.5	0.17266960773839801	1	200000
mqr-6cd18e71bc3fd43f	-10	b3c4	0.5	0.00020699106822636245	1	200000
mqr-2e10494acce7aa0f	-70	f8b4	0.5	0.0098797231960613286	1	200000
mqr-3ff7fc6d1b8306cc	59	f4h2	0.5	0.0070729712733799566	1	200000
mqr-8f3e3a2da46de7f5	-44	c7c5	0.5	0.0039670759742838962	1	200000
mqr-50390c2d37695c45	-107	d7d5	0.5	0.022288981232865414	1	200000
