parameter_name	initial_value	phase	corpus_activations	category	reason
PawnAttackPawn_MiddleGame	0	MG	0	A	Structurally dead: Pawn-on-pawn is initialized to 0 and filtered by pawn structure/protection logic
PawnAttackKnight_MiddleGame	20	MG	15	E	Moderate support; tactical harassment term
PawnAttackBishop_MiddleGame	20	MG	14	E	Distinguishable tactical motif inadequately represented in 1,000 corpus sample
PawnAttackRook_MiddleGame	76	MG	1	E	Distinguishable tactical motif inadequately represented in 1,000 corpus sample
PawnAttackQueen_MiddleGame	86	MG	5	F	Rare but distinct tactical motif: light piece attacking Queen creates tempo / tactical threat
PawnAttackPawn_EndGame	0	EG	0	A	Structurally dead: Pawn-on-pawn is initialized to 0 and filtered by pawn structure/protection logic
PawnAttackKnight_EndGame	20	EG	2	D	Duplicated by endgame piece activity and material balance; EG threats rarely survive to static eval
PawnAttackBishop_EndGame	20	EG	1	D	Duplicated by endgame piece activity and material balance; EG threats rarely survive to static eval
PawnAttackRook_EndGame	99	EG	3	D	Duplicated by endgame piece activity and material balance; EG threats rarely survive to static eval
PawnAttackQueen_EndGame	118	EG	0	B	Technically reachable but zero activations in 1,000 game corpus (extreme endgame/tactical rarity)
KnightAttackPawn_MiddleGame	7	MG	161	F	Active primary tactical threat dimension with robust empirical support
KnightAttackKnight_MiddleGame	0	MG	7	C	Zero baseline for equal piece exchange; collinear/redundant with tactical trade resolution
KnightAttackBishop_MiddleGame	24	MG	11	E	Distinguishable tactical motif inadequately represented in 1,000 corpus sample
KnightAttackRook_MiddleGame	41	MG	12	E	Distinguishable tactical motif inadequately represented in 1,000 corpus sample
KnightAttackQueen_MiddleGame	41	MG	5	F	Rare but distinct tactical motif: light piece attacking Queen creates tempo / tactical threat
KnightAttackPawn_EndGame	10	EG	24	E	Moderate support; tactical harassment term
KnightAttackKnight_EndGame	0	EG	1	C	Zero baseline for equal piece exchange; collinear/redundant with tactical trade resolution
KnightAttackBishop_EndGame	39	EG	2	D	Duplicated by endgame piece activity and material balance; EG threats rarely survive to static eval
KnightAttackRook_EndGame	49	EG	0	B	Technically reachable but zero activations in 1,000 game corpus (extreme endgame/tactical rarity)
KnightAttackQueen_EndGame	49	EG	0	B	Technically reachable but zero activations in 1,000 game corpus (extreme endgame/tactical rarity)
BishopAttackPawn_MiddleGame	7	MG	169	F	Active primary tactical threat dimension with robust empirical support
BishopAttackKnight_MiddleGame	24	MG	30	E	Moderate support; tactical harassment term
BishopAttackBishop_MiddleGame	0	MG	11	C	Zero baseline for equal piece exchange; collinear/redundant with tactical trade resolution
BishopAttackRook_MiddleGame	41	MG	7	E	Distinguishable tactical motif inadequately represented in 1,000 corpus sample
BishopAttackQueen_MiddleGame	41	MG	8	F	Rare but distinct tactical motif: light piece attacking Queen creates tempo / tactical threat
BishopAttackPawn_EndGame	10	EG	24	E	Moderate support; tactical harassment term
BishopAttackKnight_EndGame	39	EG	9	D	Duplicated by endgame piece activity and material balance; EG threats rarely survive to static eval
BishopAttackBishop_EndGame	0	EG	0	C	Zero baseline for equal piece exchange; collinear/redundant with tactical trade resolution
BishopAttackRook_EndGame	49	EG	1	D	Duplicated by endgame piece activity and material balance; EG threats rarely survive to static eval
BishopAttackQueen_EndGame	49	EG	1	F	Rare but distinct tactical motif: light piece attacking Queen creates tempo / tactical threat
RookAttackPawn_MiddleGame	-1	MG	81	F	Active primary tactical threat dimension with robust empirical support
RookAttackKnight_MiddleGame	15	MG	12	E	Tactical rook pressure on undefended minor/queen; low representation in quiet positional sample
RookAttackBishop_MiddleGame	15	MG	15	E	Moderate support; tactical harassment term
RookAttackRook_MiddleGame	0	MG	10	C	Zero baseline for equal piece exchange; collinear/redundant with tactical trade resolution
RookAttackQueen_MiddleGame	24	MG	11	E	Tactical rook pressure on undefended minor/queen; low representation in quiet positional sample
RookAttackPawn_EndGame	29	EG	42	E	Moderate support; tactical harassment term
RookAttackKnight_EndGame	49	EG	18	E	Moderate support; tactical harassment term
RookAttackBishop_EndGame	49	EG	13	E	Tactical rook pressure on undefended minor/queen; low representation in quiet positional sample
RookAttackRook_EndGame	0	EG	1	C	Zero baseline for equal piece exchange; collinear/redundant with tactical trade resolution
RookAttackQueen_EndGame	49	EG	6	E	Tactical rook pressure on undefended minor/queen; low representation in quiet positional sample
QueenAttackPawn_MiddleGame	3	MG	210	F	Active primary tactical threat dimension with robust empirical support
QueenAttackKnight_MiddleGame	8	MG	55	F	Active primary tactical threat dimension with robust empirical support
QueenAttackBishop_MiddleGame	8	MG	34	E	Moderate support; tactical harassment term
QueenAttackRook_MiddleGame	16	MG	50	F	Active primary tactical threat dimension with robust empirical support
QueenAttackQueen_MiddleGame	0	MG	2	C	Zero baseline for equal piece exchange; collinear/redundant with tactical trade resolution
QueenAttackPawn_EndGame	6	EG	24	E	Moderate support; tactical harassment term
QueenAttackKnight_EndGame	15	EG	8	D	Duplicated by endgame piece activity and material balance; EG threats rarely survive to static eval
QueenAttackBishop_EndGame	15	EG	4	D	Duplicated by endgame piece activity and material balance; EG threats rarely survive to static eval
QueenAttackRook_EndGame	30	EG	3	D	Duplicated by endgame piece activity and material balance; EG threats rarely survive to static eval
QueenAttackQueen_EndGame	0	EG	0	C	Zero baseline for equal piece exchange; collinear/redundant with tactical trade resolution
KingAttackPawn_MiddleGame	0	MG	0	A	Structurally unreachable/inactive: KingAttackValue table is identically 0 in both MG and EG
KingAttackKnight_MiddleGame	0	MG	0	A	Structurally unreachable/inactive: KingAttackValue table is identically 0 in both MG and EG
KingAttackBishop_MiddleGame	0	MG	0	A	Structurally unreachable/inactive: KingAttackValue table is identically 0 in both MG and EG
KingAttackRook_MiddleGame	0	MG	0	A	Structurally unreachable/inactive: KingAttackValue table is identically 0 in both MG and EG
KingAttackQueen_MiddleGame	0	MG	0	A	Structurally unreachable/inactive: KingAttackValue table is identically 0 in both MG and EG
KingAttackPawn_EndGame	0	EG	1	A	Structurally unreachable/inactive: KingAttackValue table is identically 0 in both MG and EG
KingAttackKnight_EndGame	0	EG	0	A	Structurally unreachable/inactive: KingAttackValue table is identically 0 in both MG and EG
KingAttackBishop_EndGame	0	EG	0	A	Structurally unreachable/inactive: KingAttackValue table is identically 0 in both MG and EG
KingAttackRook_EndGame	0	EG	0	A	Structurally unreachable/inactive: KingAttackValue table is identically 0 in both MG and EG
KingAttackQueen_EndGame	0	EG	0	A	Structurally unreachable/inactive: KingAttackValue table is identically 0 in both MG and EG
