position_id	split	fen	cluster_name	howl_move	ref_move	ps_howl	ps_ref	ps_delta	reversal_under_ablation	failure_mechanism
mqr-db0ef99c680e6bf0	train	r1b4r/5k1p/2p1ppp1/p7/1bB5/1R2B3/P1P2PPP/3R2K1 b - - 3 20	PST Piece Placement Collinearity	c6c5	b4e7	-25	-41	16	no	Pawn advance c6c5 preferred over healthy minor retreat due to linear pawn rank advance score overriding coordination.
mqr-c3946e5484dffc24	train	r2qk2r/1p2bppp/2n1bn2/p1Pp2B1/8/P1N1PN2/1P3PPP/R2QKB1R w KQkq - 0 10	PST Piece Placement Collinearity	d1b3	a1c1	62	84	-22	no	Premature queen sortie Qb3 distorts development; Queen PST file centrality scores override rook connection and development harmony.
mqr-34fbae7a49db5786	train	1r1q1rk1/1p1b1pp1/p2p1n1p/b3n3/2PN4/PP4PP/1BQ1NPB1/R4RK1 w - - 1 17	PST Piece Placement Collinearity	d5c6	d7b8	70	60	10	yes	Knight centralization / outpost overvaluation: Howl jumps knight to c6 overriding basic tactical refutation due to PST central bonus.
mqr-cbc695b3661d9c59	train	rnbqk2r/1p2bppp/p2ppn2/6B1/3NPP2/2N2Q2/PPP3PP/R3KB1R b KQkq - 2 8	PST Piece Placement Collinearity	e7d8	e8g8	-15	-29	14	yes	Piece centralization artifact: Bishop retreat scored favorably against castling because king safety/PST balance is unharmonized.
mqr-b9e01b944a62dc19	train	r1bqk2r/pp1n1ppp/2pbpn2/3p4/2PP4/1PN1PN2/P1Q2PPP/R1B1KB1R b KQkq - 0 7	PST Piece Placement Collinearity	d5c4	e8g8	-35	-52	17	yes	Unjustified pawn capture/relinquishing center: PST pawn advance / trade incentives overrode basic development.
mqr-4941d2d95a4e2207	train	r1b1qrk1/ppp2ppp/2n1pn2/3p4/2PP4/2NBPN2/PP3PPP/R1BQK2R w KQ - 0 8	PST Piece Placement Collinearity	c4d5	e1g1	48	32	16	yes	Early central tension liquidation: Pawn PST offset overvalues releasing tension before castling.
mqr-b74ec04dea64242b	train	r1bqkb1r/pp1npppp/2p2n2/3p4/2PP4/2N2N2/PP2PPPP/R1BQKB1R w KQkq - 0 5	PST Piece Placement Collinearity	c4d5	e2e3	42	26	16	yes	Early exchange chosen over development: PST linear pawn score favors removing enemy center pawn.
mqr-195122cd9a52f53e	train	r2qkb1r/pp1n1ppp/2p1pn2/3p4/2PP4/2N1PN2/PP3PPP/R1BQKB1R w KQkq - 0 7	PST Piece Placement Collinearity	c4d5	f1d3	45	28	17	yes	Repetitive central tension release across opening positions caused by overly aggressive pawn rank/center terms.
mqr-267e018c83e11864	train	rn1q1rk1/4bppp/2p1p3/p2p2P1/1p1PP2P/P3QN2/1PP2P2/1NKRR3 b - - 1 16	Positional Pawn Structure Distortion	b4a3	b8d7	-88	-105	17	yes	Pawn flank attack overvaluation: Pawn advance on b4-a3 preferred over piece development due to PST rank bonuses.
mqr-495cea97df0ab52d	train	r1b1k2r/pp1n1ppp/2pbpn2/3p4/2PP4/2N1PN2/PP1B1PPP/R2QKB1R w KQkq - 2 8	PST Piece Placement Collinearity	c4d5	f1d3	44	26	18	yes	Identical repeating pattern: Howl plays c4xd5 across 5 Sicilian/French/Caro structures solely driven by Pawn PST.
mqr-d4cfeed43df04859	train	r1bqkb1r/pp3ppp/2n1pn2/2pp4/2PP4/2N1PN2/PP3PPP/R1BQKB1R w KQkq - 0 6	PST Piece Placement Collinearity	c4d5	f1d3	40	24	16	yes	Repeated pawn tension liquidation bug caused by static pawn rank values.
mqr-ea40fd2c41bb3679	validation	r1b1r1k1/pp3ppp/1qn1pn2/2pp4/3P4/1PPBPN2/P2N1PPP/R2Q1RK1 w - - 0 11	PST Piece Placement Collinearity	f1e1	b5d3	55	38	17	yes	HELD-OUT CASE: Premature rook movement along e-file overvaluing PST rank placement.
mqr-32dcc92c65421940	validation	r1bqkb1r/1p1n1ppp/p2ppn2/6B1/3NP3/2N5/PPP2PPP/R2QKB1R w KQkq - 0 8	PST Piece Placement Collinearity	d1d2	f1e2	50	32	18	yes	HELD-OUT CASE: Over-centralizing Queen in opening before minor piece development.
