position_id	split	cluster_name	howl_move	ref_move	eval_delta	reversal_under_ablation	failure_mechanism
mqr-2393787aa4fe83c7	train	King Exposure & Attack Overvaluation	f6g4	h8d8	85	yes	Causal KingSafety Reversal: Quadratic danger escalation or phantom shelter penalty caused blunder; restored under 0x ablation.
mqr-fb0f66455d0787f8	train	King Exposure & Attack Overvaluation	g5h5	g5h4	-15	no	King Exposure & Attack Overvaluation: Excessive danger score assigned to uncastled or checked king, causing premature pawn thrust or blunder.
mqr-4e7e2fd2f49d151a	train	King Exposure & Attack Overvaluation	d3d5	h2e5	127	yes	Causal KingSafety Reversal: Quadratic danger escalation or phantom shelter penalty caused blunder; restored under 0x ablation.
mqr-5bfa2d94f381b59e	train	Search Selective Pruning Overhang	g7g5	a2d5	-77	no	King danger component delta dominant.
mqr-0f64a5a6e329dcad	train	King Exposure & Attack Overvaluation	a8c8	d7c8	-10	no	King Exposure & Attack Overvaluation: Excessive danger score assigned to uncastled or checked king, causing premature pawn thrust or blunder.
mqr-2c4adb8968e9feee	train	King Exposure & Attack Overvaluation	a1h1	f2f3	54	no	King Exposure & Attack Overvaluation: Excessive danger score assigned to uncastled or checked king, causing premature pawn thrust or blunder.
mqr-fcfb5aca3ef9c4bd	train	Search Selective Pruning Overhang	e7e8	f7g8	-119	no	King danger component delta dominant.
mqr-2ef7bef53f1d5ee9	validation	King Exposure & Attack Overvaluation	d3f4	d3e5	36	no	King Exposure & Attack Overvaluation: Excessive danger score assigned to uncastled or checked king, causing premature pawn thrust or blunder.
mqr-fda50774b9667480	train	King Exposure & Attack Overvaluation	f6d7	g6g5	0	no	King Exposure & Attack Overvaluation: Excessive danger score assigned to uncastled or checked king, causing premature pawn thrust or blunder.
mqr-495cea97df0ab52d	train	King Exposure & Attack Overvaluation	c6e5	e8g8	4	no	King Exposure & Attack Overvaluation: Excessive danger score assigned to uncastled or checked king, causing premature pawn thrust or blunder.
mqr-c497558a90b9bd24	train	Search Selective Pruning Overhang	d1d3	f3e5	-102	no	King danger component delta dominant.
mqr-d476f67d83470966	train	King Exposure & Attack Overvaluation	h4h5	f2f3	33	yes	Causal KingSafety Reversal: Quadratic danger escalation or phantom shelter penalty caused blunder; restored under 0x ablation.
mqr-0db8aae5a66b7b3c	train	Search Selective Pruning Overhang	e5d5	e5a1	-33	no	King danger component delta dominant.
mqr-4941d2d95a4e2207	train	King Exposure & Attack Overvaluation	g2g4	e2d3	3	no	King Exposure & Attack Overvaluation: Excessive danger score assigned to uncastled or checked king, causing premature pawn thrust or blunder.
mqr-b2b1d091c68dbcda	train	Search Selective Pruning Overhang	g8g7	d8e8	-21	no	King danger component delta dominant.
mqr-b00198c5be87e34f	train	Search Selective Pruning Overhang	d8b6	e7g5	-27	no	King danger component delta dominant.
mqr-ea64fb354b812a97	validation	King Exposure & Attack Overvaluation	e2f1	c1d1	155	no	King Exposure & Attack Overvaluation: Excessive danger score assigned to uncastled or checked king, causing premature pawn thrust or blunder.
mqr-1a5120cf950cc314	validation	King Exposure & Attack Overvaluation	c8d7	d8c7	-9	no	King Exposure & Attack Overvaluation: Excessive danger score assigned to uncastled or checked king, causing premature pawn thrust or blunder.
mqr-2e10494acce7aa0f	train	King Exposure & Attack Overvaluation	g8f6	f8b4	-16	no	King Exposure & Attack Overvaluation: Excessive danger score assigned to uncastled or checked king, causing premature pawn thrust or blunder.
mqr-2d5086aa38754e35	train	King Exposure & Attack Overvaluation	g3h2	d6e6	349	no	King Exposure & Attack Overvaluation: Excessive danger score assigned to uncastled or checked king, causing premature pawn thrust or blunder.
mqr-fb06c613ff3c6d7e	train	Mobility / Activity Trapping	h6f5	g3h5	14	yes	Causal KingSafety Reversal: Quadratic danger escalation or phantom shelter penalty caused blunder; restored under 0x ablation.
mqr-f377ba83124d09db	train	King Exposure & Attack Overvaluation	d2d4	f1d3	-18	no	King Exposure & Attack Overvaluation: Excessive danger score assigned to uncastled or checked king, causing premature pawn thrust or blunder.
mqr-1fb507bea1337785	train	King Exposure & Attack Overvaluation	a6a5	c5d5	83	no	King Exposure & Attack Overvaluation: Excessive danger score assigned to uncastled or checked king, causing premature pawn thrust or blunder.
mqr-006356a0a9eb8ca0	train	PST Piece Placement Collinearity	d7b6	f6d5	11	yes	Causal KingSafety Reversal: Quadratic danger escalation or phantom shelter penalty caused blunder; restored under 0x ablation.
mqr-c14ccde6e2ee82a6	validation	King Exposure & Attack Overvaluation	a7a5	f6d7	44	no	King Exposure & Attack Overvaluation: Excessive danger score assigned to uncastled or checked king, causing premature pawn thrust or blunder.
