position_id	fen	result	group	split	weight
mqr-fdaf95de45e785c0	5r1k/p1pq2p1/5r1p/1p1P2p1/1Q3P2/1B5b/P1P4P/4RRBK b - - 1 27	0.5	twic1660-06057	train	1
mqr-0f5b0847589b6a96	r5k1/pbqn1r1p/1p2p3/2p1P1p1/2P2p2/2BB1P2/PP2Q1PP/2RR2K1 b - - 4 20	0.5	twic1660-02308	train	1
mqr-b00198c5be87e34f	r2qk2r/pp1nbp1p/4b2p/3p3P/3P2P1/2NB1P2/PP6/R2QK1NR b KQkq - 0 13	0.5	twic1660-02027	train	1
mqr-4f9f5b91361f4fcd	1n3rk1/2p1bppp/4p3/1Pqn4/8/4N1P1/1PQBPPBP/3R2K1 b - - 4 20	0.5	twic1660-02342	train	1
mqr-b011dcb236068ac5	rnb2rk1/ppq2pbp/1Np3p1/P1p1p3/4P3/3P1N2/1PP2PPP/R1BQR1K1 b - - 2 12	0.5	twic1660-08751	train	1
mqr-4452a7932f37c4bf	r3k2r/3bppbp/2pp1np1/6B1/1q1NP3/p1N5/P1PQ1PPP/R2R2K1 w kq - 0 15	0.5	twic1660-05416	train	1
mqr-c8279a27274d8979	5bk1/R4pp1/p1qp2r1/3bpQB1/7P/8/2P2PP1/4R1K1 b - - 6 33	0.5	twic1660-06125	train	1
mqr-df89efaa3615aa02	r2qk2r/1p2bp1p/p2p1p2/4pb2/3nP3/2NQ4/PPP2PPP/1K1R1B1R w kq - 0 14	0.5	twic1660-05375	train	1
mqr-fe461754d6c55bf3	r1bq1rk1/ppp2ppp/1n1B4/3p4/3P4/2P1P3/P1QN1PPP/1R2KB1R b K - 0 13	0.5	twic1660-01107	train	1
mqr-753d56b936b601db	3rr1k1/1ppq1ppn/p1n1b2B/3pP2N/8/P2B3P/1PP2PP1/R2QR1K1 b - - 0 17	0.5	twic1660-05025	train	1
mqr-d62d36430248488e	r3kb1r/5ppp/2p1b3/p3p3/N3P3/pn1PB3/1P2NPPP/1R1R2K1 w - - 0 19	0.5	twic1660-04322	train	1
mqr-e9c15f001897ffe1	3Rrbk1/2q2pp1/2b4p/1p2p3/pP2n3/P1P2N1P/2B1QPP1/4R1K1 b - - 0 29	0.5	twic1660-07312	train	1
mqr-f121b511e37d2026	1q4k1/7p/p1p3p1/3pP1b1/3P1Nb1/6P1/P1P2K2/4Q3 w - - 3 30	0.5	twic1660-02408	train	1
mqr-45d281a04a688dbc	2rr4/1p4k1/2n1bppp/p1bNp3/2P1P3/5NP1/PP2BPKP/2RR4 b - - 3 20	0.5	twic1660-05901	train	1
mqr-a139839363fc6cb5	r4rk1/p2bb2p/1qp1ppp1/3p3n/3P3B/4PN2/PPQN1PPP/2R2RK1 w - - 4 15	0.5	twic1660-00106	train	1
mqr-6a86a311eca67a1b	4r1k1/3qrp2/2p3p1/1p4Qp/1n1P2pP/p1P2P2/P2B4/KB4R1 b - - 1 31	0.5	twic1660-05198	train	1
mqr-49af75de14f0d760	r2q1rk1/1b1n1ppp/3p1n2/1p2p3/4P3/2PP2P1/4NPBP/R1BQ1RK1 w - - 0 14	0.5	twic1660-02792	train	1
mqr-1ed03055023d1949	b1r2bk1/pq5p/2p3p1/2ppNp2/7P/2PP2B1/PPQ2PP1/4R1K1 b - - 3 28	0.5	twic1660-00907	train	1
mqr-13525a9f2a86b324	3q1rk1/1ppb2b1/3p2p1/2nPp1P1/1PP1Pp2/2N5/3N1P2/r2QKBR1 w - - 0 20	0.5	twic1660-05062	train	1
mqr-96f212e8d8816f15	r2q1rk1/pb3ppp/1pn1pn2/4N3/2PP4/3BB3/P4PPP/R2Q1RK1 w - - 5 14	0.5	twic1660-02010	train	1
mqr-88549acd2d4c586f	1r3rk1/1nq1bpp1/p2p1n1p/2pPp3/P1P5/3P1N1P/B2B1PP1/1R1QR1K1 b - - 2 21	0.5	twic1660-08536	train	1
mqr-96cad54b003068f3	2r1rbk1/1bqnpp1p/pp1p2p1/8/P2BP3/1NN2P2/1PP2QPP/3R1R1K w - - 18 23	0.5	twic1660-04032	train	1
mqr-356f60f0d53de8e4	r2r2k1/1b3pp1/5n1p/p1p1pP2/1p1qP1P1/1P5P/1PP1Q1BK/R1B3R1 w - - 4 23	0.5	twic1660-03182	train	1
mqr-03e63af0f357751c	4q3/3n1k2/1p1p2p1/p1pPnpBp/P1P4P/1P3PP1/1Q2BK2/8 b - - 36 56	0.5	twic1660-04335	train	1
mqr-e114f178993bb0db	r4rk1/1p2nppp/p1n5/3pPb2/5P2/PNP5/4B1PP/R1B1K2R b KQ - 3 16	0.5	twic1660-06629	train	1
mqr-e1a885f5dfc36ae8	r1b2rk1/p1q2ppp/1pn1pn2/2p5/3P4/P1P1P3/B3NPPP/R1BQ1RK1 w - - 2 12	0.5	twic1660-02015	train	1
mqr-5ea616da73fb35ce	8/6pk/p5qp/3p1p1n/2bBpP2/2P3PP/P2QP1BK/8 w - - 4 29	0.5	twic1660-07116	train	1
mqr-2331946b21f94adb	3rk1nr/ppp2ppp/2n1b3/8/4p3/P1N5/1PP2PPP/R1B1KB1R w KQk - 0 10	0.5	twic1660-00599	train	1
mqr-d939f01cacff6b1c	4rr2/1pbb2k1/3p3p/p1pPp2p/P1P1N2P/R5P1/1P3PK1/2B1R3 b - - 1 32	0.5	twic1660-00445	train	1
mqr-8318f51593ffde87	6k1/1prqppbp/p5p1/Pn1p4/1B1P3P/4PQP1/1P3P2/R4BK1 b - - 1 22	0.5	twic1660-07117	train	1
mqr-8d61f35cd5560d61	r3r1k1/p4q1p/1p3p2/n1pP2p1/2P3Q1/P3P3/BB4PP/5RK1 b - - 0 27	0.5	twic1660-02015	train	1
mqr-0843bd3b00e6a6be	1r1q1rk1/5pp1/2n5/p1pppPb1/1p6/2P2Q1P/PP1B1RB1/R5K1 w - - 0 25	0.5	twic1660-02166	train	1
mqr-b0adeadaa8d6536c	r1bqr1k1/2pn1ppp/1p3n2/p2p4/3P4/2QBPP2/PP2N1PP/R1B2RK1 w - - 0 12	0.5	twic1660-01928	train	1
mqr-d176daa2f298095e	2rr2k1/p1q2p1p/3pp1p1/6n1/3B2B1/1P6/PQ3PPP/3R2K1 b - - 5 26	0.5	twic1660-04918	train	1
mqr-93254b6b9c49d5e9	r2qkb1r/pp3pp1/2p1pnN1/7p/3P2PP/2P2P2/PP6/R1BQKB1R b KQkq - 0 12	0.5	twic1660-04615	train	1
mqr-08bba8d95af95942	rn1q1rk1/p1p2ppp/bp2pn2/3p4/2PP4/P1B1P3/1P1N1PPP/R2QKB1R b KQ - 2 9	0.5	twic1660-03418	train	1
mqr-66678a8fc3edc907	r2q1rk1/5pbp/p1np4/1p1Npb2/8/2P5/PPN2PPP/R2QKB1R w KQ - 2 14	0.5	twic1660-08352	train	1
mqr-2aba2c1296d68a93	2rr2k1/p2q1pp1/bp2pn1p/4Q3/2PP4/P4P2/1B4PP/1BRR2K1 w - - 6 28	0.5	twic1660-02222	train	1
mqr-2c33ef8a7e9e99ae	r2q1rk1/pp2bppp/2n2n2/3p4/N7/4BBPP/PP2PP2/R2Q1RK1 b - - 0 13	0.5	twic1660-03527	train	1
mqr-ad5dfa03260ce6eb	3rrbk1/pp3pp1/2nq2p1/2pNp1Bn/6Q1/1BPP3P/PP3PP1/R2R2K1 b - - 9 20	0.5	twic1660-03570	train	1
mqr-b00c3231fdb42495	r2r2k1/ppqbbppp/2p1pn2/8/2NP4/2N1P1P1/PPQ2PBP/R4RK1 w - - 7 14	0.5	twic1660-07326	train	1
mqr-6426f5403efb5fd8	8/2k2r1p/1pp1b1nR/p4p2/P1p4P/4B1P1/1PB5/5K2 b - - 0 31	0.5	twic1660-03970	train	1
mqr-b947e72826a67e8a	r1bqr1k1/1p3pp1/p1pp1n1p/8/P1PQ4/5PNP/BP3P2/R1B1R1K1 b - - 0 20	0.5	twic1660-08793	train	1
mqr-5ef360c489f24e7a	2r3k1/5pb1/3p2p1/3Pn2p/4R3/6PP/1qPQBBK1/8 w - - 7 51	0.5	twic1660-08675	train	1
mqr-9dbff1980c64e83c	2k3r1/pb2bp2/N7/7p/8/3P1P2/PPP1p1PP/R1B1R1K1 b - - 1 21	0.5	twic1660-05742	train	1
mqr-80c60b8ff9e3588c	r4rk1/p1p3pp/3bpp2/3P1b2/3N4/2q1BQ2/P1P2PPP/R4RK1 b - - 2 15	0.5	twic1660-07613	train	1
mqr-2e415d982758c42e	r4rk1/pp2p1bp/4pnp1/2q5/Q1Pn4/2N1B3/PP2BPPP/R4RK1 b - - 1 14	0.5	twic1660-00393	train	1
mqr-f59765d99411ca65	8/6pk/7p/2Bp2P1/p1b1pPn1/2P1P3/1q6/4Q1KB w - - 3 39	0.5	twic1660-07116	train	1
mqr-7338bd195e86d35f	3R4/p4pp1/1p1b2kp/2p2b2/1nPP2N1/7P/PB3PP1/6K1 b - - 0 29	0.5	twic1660-05093	train	1
mqr-82430e20087d47c2	r5k1/pq2npp1/1pbQ3p/2p5/6P1/1P3PB1/P5BP/5RK1 b - - 1 24	0.5	twic1660-01535	train	1
mqr-cd9e693ce14fb7d7	r5k1/p3bppp/1p2p1b1/6N1/1P5P/P1PpB3/3R1PP1/6K1 b - - 0 24	0.5	twic1660-07748	train	1
mqr-493127e57f8435f7	r1bqkb1r/5ppp/p1p1p3/8/3PP3/8/P4PPP/1RBQK1NR w Kkq - 0 11	0.5	twic1660-05816	train	1
mqr-ab781b82b245916d	r2q1rk1/1p2bppp/2p1pn2/p2n4/2NP4/1P3PP1/PB3PBP/R2Q1RK1 w - - 0 13	0.5	twic1660-03840	train	1
mqr-1138d502ca1d787c	rnbqk1nr/pp3p2/3p2pp/2pPp3/2P1P2P/2P5/P4PP1/R1BQKBNR w KQkq - 0 8	0.5	twic1660-05221	train	1
mqr-14d27390bddc145e	r1b1k2r/p1q1bpp1/1pp1p3/2p1Pn1p/4N3/3P1N2/PPP2PPP/R1BQR1K1 w kq - 0 11	0.5	twic1660-00589	train	1
mqr-c578041f0fcd9d6a	r2qrnk1/4bpp1/1p2b2p/pP1p4/N1pPP3/5N1P/P4PP1/1BRQR1K1 w - - 3 19	0.5	twic1660-03170	train	1
mqr-63f5aa9c6d19e5a3	r1r5/1p2kppp/1p1bpn2/1B1p4/3P4/P3PP2/1PRB1KPP/7R w - - 3 21	0.5	twic1660-01699	train	1
mqr-a6a1ae2d208e51e8	2k5/5bp1/pp1n1n2/4p3/1P1p4/3P4/1PNBPKBP/8 b - - 1 32	0.5	twic1660-03792	train	1
mqr-d73d24cb8f826882	1k2r3/1p6/p2p2p1/2pPbnP1/2q1B2p/1PP2R1P/2Q3K1/2B5 b - - 0 36	0.5	twic1660-00177	train	1
mqr-a2b8525bbe8d7998	r1b2rk1/1pp2q1p/7P/p1pPp1b1/2P1Q1p1/1P2N1P1/P3PPB1/R3KR2 b Q - 2 23	0.5	twic1660-06584	train	1
mqr-c7916b3b600f09cc	2r1bnk1/r1q1Bp1p/p1p1p1pP/PpPp2Q1/1P1P2N1/2NBP3/5PP1/R3K2R b KQ - 0 23	0.5	twic1660-02650	train	1
mqr-e6085cd9412413c4	r1bq1rk1/ppp1ppbp/6p1/3PN3/2Q1P3/2N1P3/PP4PP/R3KB1R b KQ - 0 11	0.5	twic1660-04777	train	1
mqr-bcf0302bd966d1da	7r/R6p/3bkp2/Qb2p3/2qpPB2/8/2r3PP/5RK1 w - - 1 33	0.5	twic1660-00928	train	1
mqr-71d7861176fade8f	r3k2r/1pq1nppp/p3p3/3pP3/3nbP2/2P1B3/PP2B1PP/R2Q1RK1 w kq - 0 15	0.5	twic1660-00744	train	1
mqr-1636948c68fc0402	r2qk2r/3nbp1p/p2p1np1/P2Pp1B1/1p6/3B1P2/1PPQN1PP/R3K2R b KQkq - 0 14	0.5	twic1660-03432	train	1
mqr-3b1bad54b4c09312	r4rk1/pb3ppp/2n1pn2/qp6/3P1B2/3BP3/P2N1PPP/R2Q1RK1 b - - 3 14	0.5	twic1660-02799	train	1
mqr-0c4a5fed53b3e51c	r1bq1rk1/pp2ppBp/6p1/3p4/1n2n3/1P2PN2/P1PNBPPP/R2Q1RK1 b - - 0 12	0.5	twic1660-05048	train	1
mqr-f7c858f8c660e148	r4rk1/1p3pp1/pqb4p/2b5/2BNp3/4P3/PPP2KPP/R1Q4R b - - 0 19	0.5	twic1660-04834	train	1
mqr-48212a2260e195d7	2b2r2/2q2pbk/6pp/1ppBp3/4P3/2P3P1/1PQN1PP1/3R2K1 w - - 0 26	0.5	twic1660-05352	train	1
mqr-b75ada110968a847	4r1k1/pp2n1pp/2pq2n1/3p4/3Pp1B1/2P1B1PP/PP4PK/R4Q2 w - - 0 22	0.5	twic1660-06077	train	1
mqr-f81587ff93c86af5	r1bqk2r/1ppn1pp1/p2bp3/3p4/3P4/2NNP3/PPPQ1P1P/R3KB1R w KQkq - 3 11	0.5	twic1660-03173	train	1
mqr-afae2d44db042bdf	4q2r/p1pb1pbk/3p1npp/8/3NP2P/2NQ1P2/PP1B4/2K3R1 b - - 0 26	0.5	twic1660-06688	train	1
mqr-22eef47257a11a0d	3q1rk1/1bpp1ppp/8/8/B4b2/P4N2/1P3PPP/3Q1RK1 w - - 0 20	0.5	twic1660-03050	train	1
mqr-ff43cf5549352ac4	r2q2k1/1p1b1pr1/p2p1Rp1/2pP3p/P1P1PB1P/1P6/2Q1B1P1/6K1 w - - 3 26	0.5	twic1660-08280	train	1
mqr-17878b9a379fbeea	1rb2rk1/p4p2/2pb1p1p/3p4/8/2NB4/PPP2PPP/1R2R1K1 w - - 0 16	0.5	twic1660-03242	train	1
mqr-31e82160914fd948	r1b2rk1/1p2q1p1/p4p1p/2b1p3/2Pp1P2/1P1P2P1/P2NR1BP/R2Q2K1 b - - 0 17	0.5	twic1660-03392	train	1
mqr-e231d08aee68902f	r1b1k2r/2q2ppp/p1p1pn2/8/4pP2/1PQ5/P1P1B1PP/R1B2R1K b kq - 0 14	0.5	twic1660-07811	train	1
mqr-b9e01b944a62dc19	2r2r2/1p1n1k2/p3p1p1/P2b1p2/1P1B3P/3B1P2/5KP1/2R1R3 b - - 0 29	0.5	twic1660-02575	train	1
mqr-6103058eb86f6def	r2q1rk1/pp1bb1pp/2n2p2/3pPp2/3P4/5N2/PPN2PPP/R1BQ1RK1 w - - 0 13	0.5	twic1660-06884	train	1
mqr-7f363bceefe7035b	3r2k1/pp3pbp/6p1/1b6/1PR1Q3/q3PK2/3N2PP/2R5 b - - 1 29	0.5	twic1660-06095	train	1
mqr-41170463f975b249	r1br2k1/p1q2pbp/1p4p1/4p3/2RpPP2/1P1Q4/1PPBN1PP/5RK1 b - - 3 19	0.5	twic1660-02903	train	1
mqr-b892fb3ee9cdf52b	2r1rbk1/p4ppp/bp6/2p4q/2NPp2P/1P2P1P1/PB3P2/1QR2RK1 w - - 0 24	0.5	twic1660-00503	train	1
mqr-0c3157a7e003b2fa	8/5k1p/p4n2/4Bp2/3p1P2/1P1P4/P5BP/2r3K1 w - - 3 32	0.5	twic1660-07972	train	1
mqr-48bba47fdf61e6e8	2r3k1/p2n1ppp/1pq1pn2/3b4/P2P4/2PB1N1P/3BQPP1/4R1K1 w - - 3 20	0.5	twic1660-03942	train	1
mqr-fcfec3f4811afc3a	2n2rk1/p4p1p/4bBp1/1p2P2P/1Pp2PP1/P4B2/8/3R2K1 b - - 3 32	0.5	twic1660-01956	train	1
mqr-807d4cd83f6c149b	1b2r3/6pk/5n1p/3P4/PP2q1bQ/4B3/5PPP/R1R3K1 w - - 5 31	0.5	twic1660-07975	train	1
mqr-395954458ba3a602	r3k2r/pp3ppp/2p1pB2/4P2b/4q3/2P1Q3/PP3PPP/R3KB1R b KQkq - 2 15	0.5	twic1660-01835	train	1
mqr-86ec113ace5650dc	r2q1rk1/ppp2pbp/n2p1np1/8/2PBP3/2N2B2/PP3PPP/R2QR1K1 b - - 0 11	0.5	twic1660-00680	train	1
mqr-3a9e25299da8e25d	r1b2rk1/pppp1pp1/7p/2b5/3NP3/1BN2Q2/PqP2PPP/5RK1 b - - 0 13	0.5	twic1660-03128	train	1
mqr-7b4429dc31150c18	2q1rbk1/1B4pp/1B6/4R3/rp6/2n3P1/P1Q2P1P/2R3K1 b - - 2 30	0.5	twic1660-08690	train	1
mqr-397a0290f38b981b	r3r1k1/2pn1pp1/p3pq1p/P2p3n/NP1P1b1P/3B1PB1/2P1RPK1/R2Q4 w - - 1 23	0.5	twic1660-08353	train	1
mqr-b0268334926d2e6e	r3r1k1/p2nqpbp/1pp1b1p1/4p3/2P1P3/1PN1BP2/P1N1Q1PP/3R1RK1 b - - 1 18	0.5	twic1660-03487	train	1
mqr-eeda6a5e2bcf8e9d	2r1r3/p3k1b1/2p2ppp/B1N1P3/2P5/8/PPb3PP/R3R1K1 b - - 0 26	0.5	twic1660-03849	train	1
mqr-13e1ecc365105111	q4r2/5pbk/2npb1pp/rp1Np3/4P3/1BPPQN2/5PPP/RR4K1 w - - 4 22	0.5	twic1660-01455	train	1
mqr-a103e96e25a5df4d	1k1r2r1/pppq1pbp/4b1p1/8/5Q2/2N1BN2/PPP2PPP/3R1RK1 b - - 9 16	0.5	twic1660-02906	train	1
mqr-4cac407f5176a1ad	1b1r2k1/6pp/p3rp1q/1b1p4/1P1B4/P3R1N1/2Q2PPP/2R3K1 b - - 11 27	0.5	twic1660-00763	train	1
mqr-265fd4ef3a06dc47	r1bqr1k1/pp1nbpp1/2p4p/3p4/3P4/2NBPN2/PPQ2PPP/R3R1K1 w - - 10 18	0.5	twic1660-08595	train	1
mqr-832a1a5a7ada6e1f	5rk1/1p4bp/p3p1p1/3p4/P2qp1P1/1P3r1P/4QPK1/3BB3 w - - 4 36	0.5	twic1660-03698	train	1
mqr-11aec836f2dcd66b	8/pb3pkp/1p1n2p1/2pNb3/P3P3/1P4PP/2P1N1B1/6K1 b - - 4 23	0.5	twic1660-03174	train	1
mqr-fd988f2cd76c71ce	3r3r/p1n1nkbp/1p1R2p1/2p1p3/2P1N3/4B1PB/PP2PP1P/R5K1 b - - 3 19	0.5	twic1660-00578	train	1
mqr-64f4bc54dabf9fe3	r1q2nk1/p3bppp/1p2p3/n1p5/2P1P2P/4PNP1/PB2QPB1/3R2K1 b - - 0 18	0.5	twic1660-03019	train	1
mqr-e7e0484ce852e66f	4r3/p1p2pk1/2Rb1pb1/8/1PNB1n2/P4N1P/5PP1/6K1 b - - 4 26	0.5	twic1660-07123	train	1
mqr-f1beedaf6777aa9b	3rk3/1q3pp1/4pnp1/2p3Br/2Pn1P2/1p1BQ2P/2P5/2K2RR1 w - - 0 31	0.5	twic1660-04044	train	1
mqr-116477aab54152e1	r3kb1r/2p2ppp/p3pn2/8/3qb3/1Pp5/P2PB1PP/RN1QK1NR w KQkq - 0 14	0.5	twic1660-00541	train	1
mqr-dc7d12d0496c294a	r3k1nr/pp2bpp1/2p5/2q4p/4P1b1/2NQ1N2/PPP1B1PP/R3K2R w KQkq - 0 13	0.5	twic1660-01902	train	1
mqr-f8eacc24ef839fde	r3nrk1/pppnqp1p/3p2p1/3Pp3/1PP1B3/P1B1P3/2Q2PPP/R4RK1 w - - 0 16	0.5	twic1660-00329	train	1
mqr-a826d70e6189a701	r4rk1/1b3ppp/p2qp3/2pn4/8/3P1B1P/1PP2PP1/R1BQ1RK1 w - - 2 17	0.5	twic1660-01980	train	1
mqr-c106cd7403433805	r3r1k1/pb1n1p2/5bpp/8/N1RN4/4P3/P4PPP/1B1R2K1 b - - 0 22	0.5	twic1660-08894	train	1
mqr-dcdcd797e4a53144	8/pp2np1p/2k1p1p1/Pn1p4/3PP3/1P2KPPP/1B6/5B2 w - - 7 33	0.5	twic1660-00269	train	1
mqr-88f4661f41eca883	r4r1k/pb1p1p2/q7/1pPQp3/4P1p1/1B2B3/PP3P2/2K5 w - - 0 24	0.5	twic1660-03316	train	1
mqr-1fdf104e354cfbcc	r1b2r2/p3q1k1/2p3p1/2pP1pbp/4P3/1B5Q/PPP3PR/1K1R4 b - - 0 23	0.5	twic1660-08023	train	1
mqr-1b1f2be97e387b89	r1b1k2r/1ppq4/p1np1b1p/5ppP/B2P4/2N1PQ2/PPP1NP2/R3K2R b KQkq - 1 14	0.5	twic1660-01388	train	1
mqr-bc7f30b1b6d5540d	r1bqk2r/1pp2pp1/1pnp1n1p/4p3/2B1P2B/3P4/PPP1NPPP/R2QK2R b KQkq - 1 9	0.5	twic1660-01354	train	1
mqr-64a58798caaf38e3	4k3/p1r2pBr/1qn3pp/1B1n4/Q3p3/1P2P2P/P2P1P1P/R3K2R w KQ - 1 17	0.5	twic1660-04610	train	1
mqr-51ca5c4a7f0725bc	8/b1p1kppp/2p5/2P5/1Pb2NP1/2N2K1P/R4P2/6r1 w - - 9 31	0.5	twic1660-07559	train	1
mqr-e266925a095d79dd	5q1k/7p/1p1bB1p1/1b1Pp3/pP1pP3/P2N2P1/4Q2P/6K1 b - - 1 33	0.5	twic1660-01807	train	1
mqr-4207926bea6eeb16	1rb2rk1/p3ppbp/2p3pn/3qP3/N1p3P1/1P5P/P1PB1P1N/R1Q1R1K1 b - - 4 17	0.5	twic1660-09109	train	1
mqr-aac30c9a8eca31f8	r5k1/pp4pp/2p5/5r2/2P4q/P1N1B2P/1P4P1/R2K1B1R b - - 1 22	0.5	twic1660-05298	train	1
mqr-febb5b0f00baea79	2rq1rk1/p4ppp/2B2b2/1P6/3p1Q2/P1B5/5P1P/R4RK1 b - - 0 23	0.5	twic1660-04447	train	1
mqr-95d848d0fac341e9	r1b2rk1/pp2ppbp/q3n1p1/3R4/2P5/1QN1PNP1/PP4BP/5RK1 b - - 0 16	0.5	twic1660-04786	train	1
mqr-ea40fd2c41bb3679	r4rk1/1pp1nppp/1pn5/1B1qpb2/4N3/2P5/PP1PQPPP/R1B2RK1 w - - 1 12	0.5	twic1660-03846	train	1
mqr-c0724bdd80e760ac	rq3rk1/p2n1pbp/3p2p1/3P4/1np1PP2/2N1BQ1P/1P3RP1/RB4K1 b - - 4 19	0.5	twic1660-08723	train	1
mqr-b1300566c95daf98	2r2rk1/1b1n1pb1/p2pp1p1/1p4Pp/3PP2P/P1PB1N2/1P1N4/2K2R1R w - - 1 20	0.5	twic1660-07701	train	1
mqr-f342e476ec571d7d	6k1/pp2bpp1/1q3n1p/1N1p1B2/1nr2B2/4PQ1P/PP3PP1/5RK1 w - - 2 20	0.5	twic1660-03794	train	1
mqr-d007e32444d89b98	r1bq1rk1/5ppp/p1np3b/1p1Np3/4P2P/2P5/PPN2PP1/R2QKB1R w KQ - 1 14	0.5	twic1660-02345	train	1
mqr-59ece1603559ebb5	3r2k1/2R4p/1p2p1r1/pP6/3P1p2/P5q1/1B4B1/5KR1 b - - 1 31	0.5	twic1660-04693	train	1
mqr-4c60bd42b75cdca4	8/1p6/bPp1k3/3p3P/4pBP1/4P3/1r3K2/3B4 w - - 16 73	0.5	twic1660-08820	train	1
mqr-e2492bbcfe757b85	r1n2rk1/3nq3/2p4b/p1Pp1ppp/Pp1PpP2/1B2P2P/1PNQN1PB/5RK1 b - f3 0 25	0.5	twic1660-07947	train	1
mqr-7c70482c7835bec4	r2r2k1/1pp2pp1/1b3n1p/4pP2/pP2P3/P5PP/6BK/1RB1R3 w - - 1 23	0.5	twic1660-03303	train	1
mqr-1230b78fa9acc54d	r3k2r/p4ppp/1pp1pn2/3q1b2/3P4/B4PP1/PPP1Q2P/R3KB1R b KQkq - 1 16	0.5	twic1660-05132	train	1
mqr-d647390eb73934eb	5rk1/2pnqr1p/1p1p3B/p1nBp3/2P5/2P3PP/P1Q3K1/4RR2 b - - 3 25	0.5	twic1660-06006	train	1
mqr-b39b98d76d1abfa9	1r6/5kp1/4b2p/p2P1p2/2p2P2/4P1P1/PP1b1KBP/1R3R2 b - - 0 25	0.5	twic1660-05684	train	1
mqr-006356a0a9eb8ca0	r3kb1r/pp1n1ppp/2pqpn2/8/3P2P1/2N1BQ1P/PPP2P2/2KR1B1R b kq - 0 10	0.5	twic1660-08104	train	1
mqr-bcca3d50141dd142	1r3rk1/1b3ppp/p7/2b3q1/P7/3PRNP1/1P1B1P1P/R2Q2K1 b - - 2 24	0.5	twic1660-01855	train	1
mqr-b9d8bc5042b712e6	r2q1rk1/pp2ppb1/2np3p/3Nn1p1/4P3/2P2QB1/PP2BPPP/3RK2R w K - 1 15	0.5	twic1660-08192	train	1
mqr-60577809e70a22b0	r1b1kb1r/pp3p1p/2n2pp1/q1p5/3P4/2N1P1P1/PP2NP1P/R2QKB1R b KQkq - 0 9	0.5	twic1660-08368	train	1
mqr-c4fd7785ea0e89f9	r3k2r/1p1bbp2/pqnNp1pp/4P3/8/1N4Q1/PPP3PP/2KR1B1R b kq - 1 16	0.5	twic1660-05700	train	1
mqr-d013bf53e3b5ccb7	2rq1rk1/4ppbp/1p4p1/pP2P3/6Q1/3P2PP/1Pn2PB1/R1B1R1K1 w - - 1 22	0.5	twic1660-07067	train	1
mqr-23e751e9b965eefe	rq2r1k1/1p1bppbp/2np1np1/pN6/2P1P3/PPB1QN1P/4BPP1/2RR2K1 b - - 6 19	0.5	twic1660-03932	train	1
mqr-df035f65b5c65ad5	r1bq2k1/p1p1r1bp/1pn1ppp1/1N1nP1B1/2pP4/5NP1/PP3PBP/2RQ1RK1 w - - 0 14	0.5	twic1660-00219	train	1
mqr-ef080650990f5193	R3B3/5qpk/1b2bp2/2n1p2p/4P2P/2B3P1/3N1P2/4R1K1 b - - 2 32	0.5	twic1660-07728	train	1
mqr-568ca15e61f3c992	r1bqr1k1/1ppn1ppp/2np1b2/p7/2PNP3/P1N1BP2/1P2B1PP/R2Q1RK1 w - - 0 14	0.5	twic1660-05060	train	1
mqr-271c33ec37e0ba50	rnbq1rk1/1pp1bppp/4pn2/3p4/p3P3/P2P1NP1/1PPN1PBP/R1BQ1RK1 b - - 0 8	0.5	twic1660-04422	train	1
mqr-2393a2b4f05d8538	1b1rr1k1/1p1b1pp1/2pp2np/7q/1PPNP3/p4P2/P2Q1BP1/3RRBK1 w - - 5 29	0.5	twic1660-08980	train	1
mqr-49e7e9df64d643ab	r1qrb1k1/pp3pb1/2p1pn1p/4n3/3PP1P1/1Q4BP/PP2N1B1/2RR2K1 w - - 0 25	0.5	twic1660-03956	train	1
mqr-f1ac6fa7fb176591	r1b1k2r/pp1nqppp/2p2n2/2b1P3/2Q5/2N2N2/PPPB2PP/2KR1B1R b kq - 4 11	0.5	twic1660-00595	train	1
mqr-27d40545b2fe57e0	r1bqk2r/p1pp1ppp/1np5/4P3/1bP5/3B4/PP1B1PPP/RN1QK2R b KQkq - 4 9	0.5	twic1660-07266	train	1
mqr-086cf19eb60ae0d7	r1b1kb1r/pp1n2pp/2n1pq2/3p4/3P4/3B4/PP1NNPPP/R1BQK2R w KQkq - 0 10	0.5	twic1660-07488	train	1
mqr-9408b8a2eb8d2ce5	r3kb1r/pp3ppp/2n1pn2/2pq4/3P2b1/N1P2N1P/PP2BPP1/R1BQK2R b KQkq - 0 8	0.5	twic1660-04491	train	1
mqr-76df84349ec686dc	r2qkb1r/pp3ppp/2p5/3n4/B2n2b1/2NP1N2/PPP2PPP/R1BQK2R w KQkq - 0 10	0.5	twic1660-07304	train	1
mqr-c497558a90b9bd24	r1bq1rk1/pp3pp1/2pbpn1p/8/2PP4/5N2/PPB2PPP/R1BQ1RK1 w - - 0 12	0.5	twic1660-05620	train	1
mqr-66caa62812b5464c	r1bqrnk1/pp2bpp1/2p2n1p/3p4/3P1B2/2NBP3/PPQ1NPPP/R4RK1 w - - 6 12	0.5	twic1660-07023	train	1
mqr-345cf98155e81c3b	rn1qkb1r/pp2pppp/5n2/3pNb2/8/2N3P1/PP1PPPBP/R1BQK2R b KQkq - 1 7	0.5	twic1660-04231	train	1
mqr-11c78d344d7a4667	1rbq1rk1/pp2n2p/2n1pbp1/2pp4/P4P2/2NP2P1/1PP1N1BP/1RBQ1RK1 b - - 0 12	0.5	twic1660-00580	train	1
mqr-d1002e05525eb7fd	1r3r1k/1b4pp/1bpPp3/5p2/3Pp3/4P3/1P1BB1PP/R4RK1 b - - 0 21	0.5	twic1660-00984	train	1
mqr-f377ba83124d09db	r1bq1rk1/ppp1bppp/3p1n2/8/8/2P1BN2/PPPQ1PPP/2KR1B1R w - - 7 10	0.5	twic1660-01222	train	1
mqr-1534579e008a4b64	r1b1k1nr/ppqp1pbp/2n3p1/1Bp1p3/3PP3/2P2N2/PP3PPP/RNBQR1K1 b kq - 0 7	0.5	twic1660-01611	train	1
mqr-ba24418fafbceddf	r2qk1nr/pp1bppbp/2np2p1/2p5/2P1P3/2N2NP1/PP1P1PBP/R1BQ1RK1 w kq - 1 8	0.5	twic1660-03715	train	1
mqr-0c78f6d6128151b5	rn1qk2r/ppp1ppbp/3p1np1/3P4/2P3b1/2N2NP1/PP2PPBP/R1BQ1RK1 b kq - 2 8	0.5	twic1660-05445	train	1
mqr-ad94e7801d28faac	rnb1k2r/pp1pppb1/8/2N3B1/3P4/5NK1/Pn4PP/2R2B1R w kq - 2 16	0.5	twic1660-07068	train	1
mqr-2539ffc7fa0ae713	rnbqk2r/pp2ppb1/2p3pn/6Np/3Pp2P/2N1B3/PPP2PP1/R2QKB1R w KQkq - 0 8	0.5	twic1660-07291	train	1
mqr-9e1dbe14ef2b0a88	2r1r1k1/3pq1bp/b2n2p1/p1nP1p2/2p1P3/NP4P1/PB1NR1BP/1Q1R2K1 w - - 0 23	0.5	twic1660-01645	train	1
mqr-7ea00b6064de37e5	r2qr1k1/1ppbnpb1/p1n3pp/2B1p3/B3P3/2P2N1P/PP1N1PP1/R2QR1K1 b - - 3 13	0.5	twic1660-01929	train	1
mqr-049c96bd19ccc1c1	rnbq1rk1/pp2ppbp/5np1/3P4/3N4/6P1/PP2PPBP/RNBQ1RK1 b - - 0 8	0.5	twic1660-02499	train	1
mqr-dd5d9fb4753fc208	r1bqr1k1/pp3ppp/1bpp1nn1/4p3/3PP3/2PB1N1P/PP3PP1/R1BQRNK1 b - - 3 12	0.5	twic1660-01170	train	1
mqr-f17b5ba7a643bd05	rnb2rk1/ppq1ppbp/3p1np1/2p5/3PPP2/1QPB1N2/PP4PP/RNB2RK1 w - - 7 9	0.5	twic1660-05887	train	1
mqr-fb9b9e63d20e6895	r1b1k2r/pp2ppbp/1q4p1/2p5/3N1Pn1/N2P2P1/PPP1Q1BP/R1B2RK1 b kq - 0 12	0.5	twic1660-06631	train	1
mqr-d4b55e7c8dee40c3	r1bq1rk1/ppp2pbp/n2p1np1/3Pp3/2P1P3/2N2N1P/PP2BPP1/R1BQK2R b KQ - 0 8	0.5	twic1660-04341	train	1
mqr-c4efdb13dcb14d82	2b3k1/bn4p1/2p5/r3p3/P3N3/3P4/2P1BpP1/R1B2K2 b - - 3 25	0.5	twic1660-06902	train	1
mqr-d5d8b656ae70e474	2rr2k1/2qnbppp/p1bpp3/1p4P1/2n1PP2/PNN4P/1PP1Q1B1/2BRR1K1 b - - 0 19	0.5	twic1660-05287	train	1
mqr-ef482a4513c7bf81	2r1r1k1/1q1b2pp/p2bp3/3p1p2/P2NnP2/2P1B1P1/1PQ1B2P/R4RK1 w - - 2 22	0.5	twic1660-00257	train	1
mqr-8a7f5b7721cfa86b	5rk1/ppq2p1p/3r1bp1/2p1pb2/2PnP3/1PQ3P1/PB3PBP/R3NR1K b - - 2 18	0.5	twic1660-03603	train	1
mqr-006f8e811afdbf14	2kr3r/pp3ppp/6b1/2b1P3/2P3P1/1PN5/PB2N1KP/R3qB1R b - - 2 18	0.5	twic1660-07180	train	1
mqr-bb4aa0affa2005ff	r5k1/1b1nbpp1/3p1n1p/2pPp3/1pP1P3/1P2NN2/qBB2PPP/2Q1R1K1 w - - 0 22	0.5	twic1660-06198	train	1
mqr-3b2ef8e196b78289	r2q1rk1/pb2p1bp/1p1p2p1/2pPp2n/2P1PP2/3B2B1/PP1QN1PP/R4RK1 w - - 1 16	0.5	twic1660-02962	train	1
mqr-9c489fc66c7aa702	r1b1k2r/pp2bppp/2nqpn2/6B1/3P4/2N2N2/PP2BPPP/R2QK2R w KQkq - 5 10	0.5	twic1660-02124	train	1
mqr-52a126e2961d1d77	r3kb1r/1bpnpppp/pq3n2/1p6/3PN3/3B1N1P/PPP1QPP1/R1B1K2R w KQkq - 6 10	0.5	twic1660-00911	train	1
mqr-b31a555abc0fb5c4	rn2kb1r/1p3ppp/p1p1pnb1/3p4/2P4N/1P1PB1PP/1P2PPB1/RN2K2R b KQkq - 0 10	0.5	twic1660-01503	train	1
mqr-877658576622b0ae	r1bq1rk1/1pp2pp1/1bnp1n1p/p3p3/PPB1P3/2PP1N2/5PPP/RNBQR1K1 w - - 0 10	0.5	twic1660-03417	train	1
mqr-81bd989672f3fedb	r2q1rk1/pp1nbppb/2p1pn1p/8/4N3/1P1P2P1/PBPN1PBP/R2Q1RK1 w - - 1 12	0.5	twic1660-03755	train	1
mqr-4941d2d95a4e2207	1r1qr1k1/3nppbp/1pbp1np1/p7/P1P1P3/NPN1BP1P/4BQP1/2R2RK1 w - - 0 24	0.5	twic1660-04015	train	1
mqr-6e9d3547eea152e3	r2q1rk1/pb2bppp/1n2pn2/1Pp3B1/8/PQN1PN2/4BPPP/R3K2R b KQ - 2 15	0.5	twic1660-03105	train	1
mqr-cd96218aea50e392	r1b1rbk1/1p3pnp/2pp2p1/2n5/1qP1PPP1/pPN4P/P1QRNBB1/3R2K1 b - - 0 24	0.5	twic1660-06191	train	1
mqr-93ed7e3927c4c267	rnbqkb1r/pp2pppp/1n1P4/8/2p5/2P5/PPBP1PPP/RNBQK1NR b KQkq - 0 7	0.5	twic1660-08744	train	1
mqr-e591930220bb23ec	r2r2k1/2p1nqp1/2b1p2p/ppb1P3/P2p2P1/2PQ1P1N/1PB3KP/R1B2R2 w - - 1 22	0.5	twic1660-01710	train	1
mqr-639257be3539cc1a	1rbq1rk1/4npbp/6p1/1N1np3/Q2p4/N2P2P1/1B2PPBP/RR4K1 b - - 3 18	0.5	twic1660-07478	train	1
mqr-83630bcad75d49a0	r5k1/2B1bpp1/b6p/1p1n4/3Pn3/1P1BP2P/5PP1/1NR3K1 w - - 0 26	0.5	twic1660-06979	train	1
mqr-e26a67f86714ae5e	r1b2rk1/ppq2ppp/2n5/2bnp3/4Q3/P1PB1N2/1P3PPP/RNB2RK1 b - - 3 12	0.5	twic1660-02965	train	1
mqr-ea5091f71a3a07fd	r3k2r/pp1b1ppp/1q2p3/3pPn2/1b1P4/5N2/PP1BBPPP/R2QK2R w KQkq - 2 12	0.5	twic1660-04472	train	1
mqr-c79cde986026893f	r1bq1rk1/pp3pbp/1n2p1p1/8/3P4/1QN3P1/PP3PBP/R1B2RK1 w - - 2 13	0.5	twic1660-01977	train	1
mqr-90d3f405e7a0da47	r1bqkb1r/pp3ppp/4p3/3n4/2Bp4/8/PPPPNPPP/R1BQK2R w KQkq - 0 9	0.5	twic1660-05475	train	1
mqr-a2b99c9b34a089f9	r1bqkb1r/1p2pppp/p2p1n2/2n5/P2NP3/2N2B2/1PP2PPP/R1BQK2R b KQkq - 2 8	0.5	twic1660-00712	train	1
mqr-db0ef99c680e6bf0	r1b4r/5k1p/2p1ppp1/p7/1bB5/1R2B3/P1P2PPP/3R2K1 b - - 3 20	0.5	twic1660-02283	train	1
mqr-80b595ef58ae2487	r4rk1/1bq1bp1p/p3p1pQ/1ppnP3/4NP2/P2B4/1PP3PP/R1B2R1K w - - 0 17	0.5	twic1660-05771	train	1
mqr-8874fd0128cf69df	r1bqkb1r/1pp1n1pp/p1n2p2/1B1Pp3/Q7/2P2N2/PP1P1PPP/RNB2RK1 b kq - 0 7	0.5	twic1660-02178	train	1
mqr-6cd18e71bc3fd43f	r1b2rk1/ppq1ppb1/6pp/3B1n2/4N3/1QP5/PP3PPP/R1B1R1K1 w - - 2 17	0.5	twic1660-00915	train	1
mqr-2e10494acce7aa0f	r1b1kbnr/ppqp1ppp/2n1p3/8/4P3/1NN1B3/PPP2PPP/R2QKB1R b KQkq - 3 7	0.5	twic1660-01514	train	1
mqr-3ff7fc6d1b8306cc	3q1rk1/rp2bpp1/p1p2n1p/P2p1b2/3P1B2/1Q2PN1P/1P2BPP1/R4RK1 w - - 6 16	0.5	twic1660-00689	train	1
mqr-8f3e3a2da46de7f5	r1bq1rk1/pppn1ppp/3bpn2/3p4/2P5/1P3NP1/PB1PPPBP/RN1Q1RK1 b - - 2 7	0.5	twic1660-08249	train	1
mqr-50390c2d37695c45	r1bqk2r/pppp1ppp/8/4P3/1b2n1Q1/2N5/PPP2PPP/R1B1KB1R b KQkq - 1 7	0.5	twic1660-03011	train	1
