position_id	split	fen	howl_move	reference_move	regret	phase	howl_searched_score	howl_branch_static	ref_branch_static	eval_delta_howl_minus_ref	classification
mqr-b2a9a4d0fb61c77e	train	r1b1kb1r/1p1n1ppp/p2ppn2/6B1/2BNP3/2N5/PqPQ1PPP/R4RK1 w kq - 0 10	a2a3	c4e6	0.6400	24	-79	-34	139	-173	likely search related
mqr-818cc9a4fc09ab00	validation	r3k2r/pbqpbppp/1p2pn2/n7/2pPP3/P1P2N2/1PBNQPPP/R1B2RK1 w kq - 2 11	e4e5	f1e1	0.6200	24	35	10	-22	32	likely evaluation related
mqr-57d97c07303d51cc	train	r5k1/1b3rbp/1n2B1p1/1pq5/p4B2/P1P3QP/1P3PP1/R3R1K1 b - - 0 23	b6c4	b7d5	0.5000	21	96	168	88	80	likely evaluation related
mqr-807d4cd83f6c149b	train	1b2r3/6pk/5n1p/3P4/PP2q1bQ/4B3/5PPP/R1R3K1 w - - 5 31	e3h6	h2h3	0.5000	18	306	209	107	102	likely evaluation related
mqr-582c7e8f513ee18c	train	5B2/8/8/7p/p1ppk2P/8/1P2K3/8 b - - 41 60	e4d5	e4f4	0.5000	1	0	-148	-164	16	mixed
mqr-2393787aa4fe83c7	train	Q1b4r/p3kppp/4pn2/8/2pq4/P5P1/1P1NPP1P/R3K2R b KQ - 0 13	f6g4	h8d8	0.5000	17	0	40	-45	85	likely evaluation related
mqr-db0ef99c680e6bf0	train	r1b4r/5k1p/2p1ppp1/p7/1bB5/1R2B3/P1P2PPP/3R2K1 b - - 3 20	c6c5	b4e7	0.5000	12	-16	1	-15	16	mixed
mqr-fb0f66455d0787f8	train	5Q2/7N/p2Pr1p1/bp3pk1/5q2/P6P/6P1/3R2K1 b - - 0 53	g5h5	g5h4	0.5000	14	0	-245	-230	-15	unresolved
mqr-4e7e2fd2f49d151a	train	2r1kr2/pp1n4/3P3p/4pp2/6pP/3QP3/P1P1KPqB/2RR4 w - - 0 21	d3d5	h2e5	0.5000	18	69	-21	-148	127	likely evaluation related
mqr-5bfa2d94f381b59e	train	4r1k1/p5p1/1p5p/5p2/3P1P2/4P3/qP1QK3/2R5 b - - 1 31	g7g5	a2d5	0.4990	12	176	36	113	-77	likely search related
mqr-356f60f0d53de8e4	train	r2r2k1/1b3pp1/5n1p/p1p1pP2/1p1qP1P1/1P5P/1PP1Q1BK/R1B3R1 w - - 4 23	g1e1	g4g5	0.4990	20	0	-55	-76	21	likely evaluation related
mqr-25d438a145514e34	train	5rk1/3R1p1p/6p1/R7/5n2/P4P1P/5P2/1r3BK1 w - - 1 27	d7e7	a5a4	0.4945	10	0	-4	59	-63	likely search related
mqr-f8d987a3bbf59936	train	r3r1k1/pbp4p/3p1p2/2p2q2/2P1p3/1PQ3P1/P4PBP/4RRK1 w - - 0 24	g3g4	e1e3	0.4925	18	-7	77	-93	170	likely evaluation related
mqr-2e4ecc2abd6d86cf	train	2kr1b1r/3q1p1p/bpn1pnp1/3p4/Pp1N1P2/2P3N1/2B3PP/R1BQR2K w - - 0 20	f4f5	c1e3	0.4920	24	-274	-166	-186	20	likely evaluation related
mqr-0f64a5a6e329dcad	train	r1R1nbk1/3q1pp1/7p/1p1pB2N/3P3P/1P1Q1P2/Pp4P1/1K2R3 b - - 0 24	a8c8	d7c8	0.4915	18	-96	89	99	-10	unresolved
mqr-c3946e5484dffc24	train	r2qk2r/1p2bppp/2n1bn2/p1Pp2B1/8/P1N1PN2/1P3PPP/R2QKB1R w KQkq - 0 10	d1b3	a1c1	0.4870	24	172	116	126	-10	unresolved
mqr-b27f7378bc5969fd	train	1r2k2r/1bq1bppp/p1n1p3/1p2P3/2n2BP1/PNN5/1PP1Q1BP/2KRR3 w k - 5 18	a3a4	c1b1	0.4855	24	-20	41	87	-46	likely search related
mqr-b9d8bc5042b712e6	train	r2q1rk1/pp2ppb1/2np3p/3Nn1p1/4P3/2P2QB1/PP2BPPP/3RK2R w K - 1 15	f3e3	f3h5	0.4795	22	43	18	85	-67	likely search related
mqr-2c4adb8968e9feee	train	1rq2k2/Q3pp2/p2p2p1/Pp6/4PP2/6P1/1P3K2/R7 w - - 2 28	a1h1	f2f3	0.4750	12	0	39	-15	54	likely evaluation related
mqr-c7ad4ab7ef18912c	train	2rr1nk1/1b2qppp/1n2p3/1pN1N3/1p1P1P2/P5Q1/6PP/1B1RR1K1 w - - 0 24	a3b4	f4f5	0.4690	22	165	232	130	102	likely evaluation related
mqr-ad3f2c9692ced875	train	rnb1kb1r/1p1n1pp1/p3p2p/4P3/3N3B/q1N5/P1PQ2PP/1R2KB1R w Kkq - 1 13	f1e2	c3e4	0.4555	24	0	-15	37	-52	likely search related
mqr-de4592e41ae99b67	validation	3rr1k1/Qp2qpb1/2pp2np/7n/P3P1b1/1PN2NP1/1BPR1PB1/4R1K1 b - - 0 22	e7c7	g4f3	0.4550	24	-156	-90	184	-274	likely search related
mqr-1fd1890b962573b5	train	r2r2k1/5pbp/p1p1bnp1/4p3/N3P3/1P2BB2/P1P3PP/3R1RK1 b - - 4 18	f6g4	d8d1	0.4310	14	-190	-24	587	-611	likely search related
mqr-607528927b519c72	train	rn2kb1r/pp3ppp/2p1pnb1/q7/2B3P1/2NP1P2/PPPBQ2P/R3K1NR w KQkq - 1 10	g4g5	h2h4	0.4275	24	2	-72	-18	-54	likely search related
mqr-34fbae7a49db5786	train	1r1q1rk1/1p1b1pp1/p2p1n1p/b3n3/2PN4/PP4PP/1BQ1NPB1/R4RK1 w - - 1 17	a3a4	d4f5	0.4200	24	114	93	90	3	mixed
mqr-b11e377da7611e39	validation	r2qk2r/1p3pp1/p3bn2/2bpp2p/5P2/2N1P3/PPPBB1PP/R2Q1R1K b kq - 0 13	d8b8	e5f4	0.4180	22	67	82	179	-97	likely search related
mqr-cbc695b3661d9c59	train	rnbqk2r/1p2bppp/p2ppn2/6B1/3NPP2/2N2Q2/PPP3PP/R3KB1R b KQkq - 2 8	h7h5	d8c7	0.4175	24	-74	-75	-80	5	mixed
mqr-fcfb5aca3ef9c4bd	train	2r5/3brkpn/2q1pp1p/p2p3P/1p1P1PP1/P3Q1B1/1PPR4/1NK3R1 b - - 1 24	e7e8	f7g8	0.4160	20	-25	-76	43	-119	likely search related
mqr-267e018c83e11864	train	rn1q1rk1/4bppp/2p1p3/p2p2P1/1p1PP2P/P3QN2/1PP2P2/1NKRR3 b - - 1 16	b8d7	b4a3	0.4115	20	-46	-74	-112	38	likely evaluation related
mqr-2ef7bef53f1d5ee9	validation	r1bn1r1k/ppq3bp/2p3p1/5p2/2P1p3/1PBNP3/PQ2BPPP/3R1RK1 w - - 0 19	d3f4	d3e5	0.3950	22	29	59	23	36	likely evaluation related
mqr-598df65ac8957446	train	r2qkbnr/1bp1pppp/p1n5/1p6/2pP4/2N2NP1/PP2PPBP/R1BQ1RK1 b kq - 3 7	c6a7	e7e6	0.3925	24	-42	-3	60	-63	likely search related
mqr-195122cd9a52f53e	validation	2r2rk1/5p1p/4p1p1/pn1p4/R4PP1/1BP5/PP2R2q/1K1Q4 b - - 1 33	h2h3	h2g3	0.3915	18	102	116	114	2	mixed
mqr-6426f5403efb5fd8	train	8/2k2r1p/1pp1b1nR/p4p2/P1p4P/4B1P1/1PB5/5K2 b - - 0 31	e6d5	b6b5	0.3885	8	191	64	110	-46	likely search related
mqr-a2b8525bbe8d7998	train	r1b2rk1/1pp2q1p/7P/p1pPp1b1/2P1Q1p1/1P2N1P1/P3PPB1/R3KR2 b Q - 2 23	f8e8	a8a6	0.3860	20	0	-163	-158	-5	unresolved
mqr-b74ec04dea64242b	validation	r4rk1/ppq1bppp/2npbn2/2p1p1B1/P1B1P3/N1PP1N2/1P3PPP/R2QR1K1 b - - 6 12	f6h5	a8d8	0.3250	24	-28	-46	-51	5	mixed
mqr-77d0bff2ffe3291a	train	rn1q1rk1/ppp1ppbp/1n4p1/8/3PP1b1/4BN1P/PP1N1PP1/R2QKB1R b KQ - 0 9	g4e6	g4f3	0.3215	24	-75	-3	315	-318	likely search related
mqr-fda50774b9667480	train	rn1q1rk1/pp2ppb1/3p1npp/2pP4/2P4B/2NQPN2/PP3PPP/R3K2R b KQ - 0 10	f6d7	g6g5	0.3145	22	20	-38	-38	0	unresolved
mqr-69d31f769b5927c1	train	1k1r3r/pbq1n3/6P1/2p1pp2/1P1pP3/5QP1/P2N2B1/2R2RK1 b - - 0 25	c5c4	e7g6	0.3090	20	-33	219	271	-52	likely search related
mqr-7e73474829d73542	validation	r1b2rk1/3nbppp/pqn1p3/1pppP3/3P1P2/2P1BN2/PP1NB1PP/R2Q1R1K b - - 5 12	g7g6	b5b4	0.3040	24	9	10	18	-8	unresolved
mqr-31e82160914fd948	train	r1b2rk1/1p2q1p1/p4p1p/2b1p3/2Pp1P2/1P1P2P1/P2NR1BP/R2Q2K1 b - - 0 17	g8h7	c8g4	0.2970	20	-7	11	99	-88	likely search related
mqr-dc7d12d0496c294a	train	r3k1nr/pp2bpp1/2p5/2q4p/4P1b1/2NQ1N2/PPP1B1PP/R3K2R w KQkq - 0 13	d3d4	e1c1	0.2935	22	-95	-12	-27	15	mixed
mqr-495cea97df0ab52d	train	r1b1k2r/1pqpbppp/p1n1pn2/8/2PNP3/P1N1B3/1P2BPPP/R2QK2R b KQkq - 3 9	c6e5	e8g8	0.2770	24	-9	-33	-37	4	mixed
mqr-e33ab47c227e813e	validation	r1b1kbnr/pp3ppp/2n1p3/8/1qBpN3/8/PPPN1PPP/R1BQK2R w KQkq - 6 9	d1h5	e1g1	0.2755	24	-89	-136	-126	-10	unresolved
mqr-451b947ddd4e29a7	train	2r2rk1/7p/p4ppP/1pq1p3/2n1Q1P1/1N3P2/PPP5/1K1RR3 b - - 1 26	c5a7	c5c6	0.2705	18	-10	17	-10	27	likely evaluation related
mqr-c4efdb13dcb14d82	train	2b3k1/bn4p1/2p5/r3p3/P3N3/3P4/2P1BpP1/R1B2K2 b - - 3 25	a7d4	b7c5	0.2640	10	-137	94	-2	96	likely evaluation related
mqr-ef4be537017ff491	validation	r1bq1rk1/p2p1ppp/2p1p3/3nP3/1b6/2N5/PPP1BPPP/R1BQ1RK1 w - - 1 10	c3d5	c3e4	0.2510	22	36	373	35	338	likely evaluation related
mqr-7590b3c12c59316a	train	5rk1/2p1bppp/p1p1pn2/P5B1/1qpP4/2N3P1/1PQ1PP1P/3R2K1 w - - 0 17	d1a1	g5f6	0.2370	16	-107	-25	368	-393	likely search related
mqr-c497558a90b9bd24	train	r1bq1rk1/pp3pp1/2pbpn1p/8/2PP4/5N2/PPB2PPP/R1BQ1RK1 w - - 0 12	d1d3	f3e5	0.2350	22	83	38	140	-102	likely search related
mqr-8f4ec00a04fc8118	train	rnbq1rk1/pp2ppbp/2pp1np1/3P3P/2P1P1P1/2N5/PP2BP2/R1BQK1NR b KQ - 0 9	d8a5	c6d5	0.2310	24	-27	-32	35	-67	likely search related
mqr-ea40fd2c41bb3679	train	r4rk1/1pp1nppp/1pn5/1B1qpb2/4N3/2P5/PP1PQPPP/R1B2RK1 w - - 1 12	f1e1	b5d3	0.2305	22	-10	-84	-89	5	mixed
mqr-d476f67d83470966	train	r1b1rb2/pp3kp1/1qpppn1p/5p2/2PP1N1P/8/PP1QRPPB/1B3K1R w - - 9 21	h4h5	f2f3	0.2295	22	-57	79	46	33	likely evaluation related
mqr-3b2ef8e196b78289	train	r2q1rk1/pb2p1bp/1p1p2p1/2pPp2n/2P1PP2/3B2B1/PP1QN1PP/R4RK1 w - - 1 16	f4e5	f4f5	0.2185	22	-21	141	60	81	likely evaluation related
mqr-0db8aae5a66b7b3c	train	2b1r3/5Rbk/pBPp2pp/4q3/P3p3/4Q2P/4B1P1/6K1 b - - 4 32	e5d5	e5a1	0.2135	16	-60	-9	24	-33	likely search related
mqr-32dcc92c65421940	train	r2qkb1r/pppb2pp/5p2/1B2p3/8/2P5/PPP1QPPP/R1B1K2R w KQkq - 0 11	e1g1	c1e3	0.2070	20	68	-8	-19	11	mixed
mqr-29c765e9fd74d869	train	2r2rk1/pb3ppp/1p1Rp3/q1n1P3/2p1NP2/P1N1Q3/1PP3PP/2KR4 w - - 6 20	e4c5	e4g3	0.1990	20	48	396	33	363	likely evaluation related
mqr-a139839363fc6cb5	train	r4rk1/p2bb2p/1qp1ppp1/3p3n/3P3B/4PN2/PPQN1PPP/2R2RK1 w - - 4 15	f3e5	g2g4	0.1970	22	81	70	-81	151	likely evaluation related
mqr-6f34f37310742790	train	2k4r/ppp2p2/2n1p3/3pP1rp/3P2pR/2PN4/PP3PP1/R3K3 w Q - 0 19	b2b3	g2g3	0.1940	10	-162	-197	-194	-3	unresolved
mqr-de15fcdc40be3424	validation	r1bq1rk1/ppp2pbp/3n4/3Pp1P1/2P2p1P/2N1B3/PP2BP2/R2QK2R w KQ - 0 19	e3d2	e3c5	0.1920	22	35	12	59	-47	likely search related
mqr-71749f6dcbcbd592	train	8/2R3pp/p3rk2/5p2/8/2pK2P1/2P4P/8 w - - 1 33	c7c8	c7c3	0.1905	4	-73	-241	-201	-40	likely search related
mqr-c578041f0fcd9d6a	train	r2qrnk1/4bpp1/1p2b2p/pP1p4/N1pPP3/5N1P/P4PP1/1BRQR1K1 w - - 3 19	e4d5	e1e3	0.1820	22	95	51	-37	88	likely evaluation related
mqr-88549acd2d4c586f	train	1r3rk1/1nq1bpp1/p2p1n1p/2pPp3/P1P5/3P1N1P/B2B1PP1/1R1QR1K1 b - - 2 21	e7d8	f8c8	0.1805	22	-83	-121	-95	-26	likely search related
mqr-088b515dd4e83799	validation	r3r1k1/2qbbppp/p1npp3/1p6/2P1PP2/1P1QN1PP/P2B2BK/2R2R2 w - - 1 23	e3d5	f1d1	0.1690	22	135	143	7	136	likely evaluation related
mqr-6abe9ec0b54d21fb	train	1r1q1rk1/3nppbp/6p1/3Pp3/1pP1P3/4RBP1/P4P1P/R1NQ2K1 b - - 2 19	d8c7	g7h6	0.1630	20	-45	-119	-157	38	likely evaluation related
mqr-b9e01b944a62dc19	train	2r2r2/1p1n1k2/p3p1p1/P2b1p2/1P1B3P/3B1P2/5KP1/2R1R3 b - - 0 29	d5c6	d7b8	0.1600	12	-50	-262	-279	17	mixed
mqr-4941d2d95a4e2207	train	1r1qr1k1/3nppbp/1pbp1np1/p7/P1P1P3/NPN1BP1P/4BQP1/2R2RK1 w - - 0 24	g2g4	e2d3	0.1530	24	27	64	61	3	mixed
mqr-cc99c66ee0077eb3	validation	r1b1rbk1/1pq2pp1/2p2nnp/p2P4/P2N4/2N1BP1P/BPP2QP1/3RR1K1 b - - 0 17	f8d6	f8b4	0.1520	24	-134	-104	-85	-19	unresolved
mqr-a152ae3cf93fb94c	validation	1nr1r1k1/4bppp/1Bq1p3/pp2P3/4pPP1/P7/1PPR1Q1P/3R1BK1 w - - 0 25	b6e3	f1g2	0.1490	20	79	96	153	-57	likely search related
mqr-05537fca079f71d3	train	3r1rk1/1pp1q1pp/pnn1pb2/1N3b2/2PP4/4BN2/PP1QB1PP/3R1R1K w - - 0 17	b5a3	b5c3	0.1400	24	-89	-51	-71	20	likely evaluation related
mqr-7adf9cbcb45f41bb	train	r1bqr1k1/bpp2pp1/p1np1n1p/4p3/P1B1P3/2PP1N1P/1P1N1PP1/R1BQ1RK1 w - - 4 11	f3e1	f1e1	0.1380	24	-67	-69	-65	-4	unresolved
mqr-4f314c56f110c038	train	r3k1nr/ppp1qpb1/2np3p/4p1p1/5P2/N1PPPNPb/PP2B2P/R1BQK2R w KQkq - 3 9	h1g1	f4e5	0.1260	24	2	-65	28	-93	likely search related
mqr-a5113d426a5b43d1	train	r1r3k1/qb3ppp/p3pn2/2np4/2P5/5NP1/Q2NPPBP/1RR3K1 w - - 0 21	f3e5	a2a5	0.1255	22	-64	-26	-77	51	likely evaluation related
mqr-b2b1d091c68dbcda	train	r2r2k1/3q1p2/4b1p1/p2p3p/3R4/1P2QB1P/P4PP1/3R2K1 b - - 1 25	g8g7	d8e8	0.1250	18	-149	-84	-63	-21	likely search related
mqr-5661479fcded35dc	train	3qrbk1/pp3p1p/2p1bPp1/6Q1/6P1/2B4P/PPP3B1/1K5R w - - 0 27	g5a5	h1e1	0.1220	16	-5	4	35	-31	likely search related
mqr-bba30c0f62e5b30e	train	2r2rk1/pb2q2p/1p2p3/4PppP/3Np3/2P1Q3/PP3PP1/2KR3R w - - 0 21	h1e1	h5h6	0.1175	18	-44	44	50	-6	unresolved
mqr-b6dbb8ca3933bdad	train	r5k1/1bp3pp/3p4/1p1Pp2n/pPP1N1PP/P3Br2/5P2/R3K2R b KQ - 0 24	b5c4	h5f4	0.1165	12	264	54	15	39	likely evaluation related
mqr-12527c3aa41f17c2	train	1r1q1rk1/p2nbppp/b3p3/2p5/P2PQ3/B1P2NP1/5PBP/R3R1K1 b - - 0 15	b8b3	a6b7	0.1125	22	109	0	-49	49	likely evaluation related
mqr-a14447381008e5a9	train	3r1rk1/p3q1pp/2pp2n1/2p2p2/2P1P3/1P2BP1P/P3Q1P1/3R1RK1 w - - 0 20	e2c2	e4f5	0.1080	18	0	-7	74	-81	likely search related
mqr-b00198c5be87e34f	train	r2qk2r/pp1nbp1p/4b2p/3p3P/3P2P1/2NB1P2/PP6/R2QK1NR b KQkq - 0 13	d8b6	e7g5	0.1080	22	-42	-63	-36	-27	likely search related
mqr-086cf19eb60ae0d7	train	r1b1kb1r/pp1n2pp/2n1pq2/3p4/3P4/3B4/PP1NNPPP/R1BQK2R w KQkq - 0 10	d2f3	e1g1	0.1025	24	0	9	-35	44	likely evaluation related
mqr-5eb39cf373982078	validation	2kr3r/1ppqn3/p1nb1p2/PP1p1bpp/B2P4/2P2N2/5PPP/RNBQ1RK1 b - - 0 13	a6b5	c6a5	0.1025	24	83	105	69	36	likely evaluation related
mqr-ea64fb354b812a97	validation	1k4r1/p2q1p2/Pp1bb3/3p4/3P1p1p/1N3Q1P/1P2BPP1/2R4K w - - 11 35	e2f1	c1d1	0.1010	16	0	65	-90	155	likely evaluation related
mqr-79e93ef7f507f229	train	rnbqkb1r/pp3ppp/3pp3/3nP3/2BP4/5N2/PP3PPP/RNBQK2R b KQkq - 1 7	h7h6	f8e7	0.0995	24	-22	8	-16	24	likely evaluation related
mqr-c4a19e8bb097d572	train	r1bq1rk1/pp2npbp/2n1p1p1/2pP4/8/1BNPB3/PPPN1PPP/R2Q1RK1 b - - 0 10	e6d5	c6d4	0.0980	24	-67	16	-87	103	likely evaluation related
mqr-8a1b8e084be32b71	train	r1bq1rk1/1p2nppp/p1np4/4p3/2P1P3/1NNBQ3/PP3PPP/R4RK1 w - - 0 13	c3a4	f1d1	0.0950	22	9	-10	14	-24	likely search related
mqr-ab167c393e6e4ee8	train	r4rk1/pppq2bp/2np2p1/5b2/4NR2/3P2P1/PPP3BP/R1BQ2K1 b - - 0 13	f5e4	d6d5	0.0945	22	-14	279	-18	297	likely evaluation related
mqr-11aec836f2dcd66b	train	8/pb3pkp/1p1n2p1/2pNb3/P3P3/1P4PP/2P1N1B1/6K1 b - - 4 23	b7c8	b7c6	0.0930	6	154	125	123	2	mixed
mqr-724e4b750664bde7	train	r1bq1r2/1pp1ppbk/p1n3pp/3n4/P1BP4/2P2N2/1P1N1PPP/R1BQR1K1 w - - 0 11	c4b3	d2e4	0.0890	24	90	48	99	-51	likely search related
mqr-2f0e20540a40693a	train	r2qkb1r/1p3ppp/p1n1pn2/2pp1b2/3P4/PP2PN2/1BPN1PPP/R2QKB1R w KQkq - 0 8	h2h4	f1d3	0.0870	24	-2	-63	-58	-5	unresolved
mqr-2f9464bdf3eb9dce	validation	r4rk1/pp1qnpbp/2np2p1/2p5/5PP1/1PN5/PBPPQ2P/2KR2NR w - - 1 13	e2g2	h2h4	0.0850	22	-35	-17	-45	28	likely evaluation related
mqr-dec62a22d20ea2ec	train	r2qkb1r/pppn1n2/4p1p1/3pPp1p/3P1PbP/4B3/PPPQNNP1/2KR1B1R b kq - 1 13	a7a5	c7c6	0.0845	24	-19	-4	-2	-2	unresolved
mqr-1a5120cf950cc314	validation	r1bq1rk1/pp3ppp/2n1pn2/2p5/2BP4/P1P1PN2/5PPP/R1BQ1RK1 b - - 3 10	c8d7	d8c7	0.0835	22	-59	-78	-69	-9	unresolved
mqr-76b1e8f7fe196da9	train	rn1qk2r/pbp1npb1/1p1pp1pp/8/2PP1B1P/P1N2N2/1PQ1PPP1/2KR1B1R b kq - 3 9	b8d7	f7f5	0.0830	24	-34	-19	-6	-13	unresolved
mqr-2e10494acce7aa0f	train	r1b1kbnr/ppqp1ppp/2n1p3/8/4P3/1NN1B3/PPP2PPP/R2QKB1R b KQkq - 3 7	g8f6	f8b4	0.0805	24	-20	-76	-60	-16	unresolved
mqr-2d5086aa38754e35	train	r1b1k2r/p1p1b1p1/2pq4/3p4/3Pp3/BP4p1/P3P1BP/RNQ2RK1 b kq - 3 15	g3h2	d6e6	0.0800	21	142	251	-98	349	likely evaluation related
mqr-fb06c613ff3c6d7e	train	r4r1k/b2q1pp1/2p1bnnN/pp1pp3/4P3/2PP1QNP/PPB2PP1/R1B2RK1 w - - 1 18	h6f5	g3h5	0.0795	24	112	77	63	14	mixed
mqr-f377ba83124d09db	train	r1bq1rk1/ppp1bppp/3p1n2/8/8/2P1BN2/PPPQ1PPP/2KR1B1R w - - 7 10	d2d4	f1d3	0.0795	22	-3	-6	12	-18	unresolved
mqr-d4cfeed43df04859	train	r3rnk1/ppq2pbp/2p2np1/4p3/P1N1P1b1/1P3NP1/1BP1QPBP/R4RK1 w - - 3 14	a1d1	f1d1	0.0790	24	94	74	70	4	mixed
mqr-1fb507bea1337785	train	5rk1/1p1r2bp/p3p1p1/2q1p1B1/P3Q3/2P4P/1P2RPP1/R5K1 b - - 0 21	a6a5	c5d5	0.0785	18	-16	80	-3	83	likely evaluation related
mqr-006356a0a9eb8ca0	train	r3kb1r/pp1n1ppp/2pqpn2/8/3P2P1/2N1BQ1P/PPP2P2/2KR1B1R b kq - 0 10	d7b6	f6d5	0.0775	22	-106	-114	-125	11	mixed
mqr-c14ccde6e2ee82a6	validation	r1b1k2r/pp2bppp/1q2pnn1/3pN1B1/3P1P2/2PB4/PP1N2PP/1R1QK2R b Kkq - 4 11	a7a5	f6d7	0.0765	24	-61	-66	-110	44	likely evaluation related
