position_id	component	howl_branch_val	ref_branch_val	delta_howl_minus_ref
mqr-b2a9a4d0fb61c77e	material	-120	0	-120
mqr-b2a9a4d0fb61c77e	piece_balance	-120	0	-120
mqr-b2a9a4d0fb61c77e	bishop_pair	0	0	0
mqr-b2a9a4d0fb61c77e	mobility	122	138	-16
mqr-b2a9a4d0fb61c77e	piece_attacks	-45	-59	14
mqr-b2a9a4d0fb61c77e	piece_square	79	89	-10
mqr-b2a9a4d0fb61c77e	rook_file	0	0	0
mqr-b2a9a4d0fb61c77e	king_placement	15	15	0
mqr-b2a9a4d0fb61c77e	pawn_shield	15	15	0
mqr-b2a9a4d0fb61c77e	king_danger	0	27	-27
mqr-b2a9a4d0fb61c77e	king_safety_total	0	27	-27
mqr-b2a9a4d0fb61c77e	pawn_base	-20	-10	-10
mqr-b2a9a4d0fb61c77e	passed_pawn_king_race	0	0	0
mqr-b2a9a4d0fb61c77e	passed_pawn_minor_accessibility	0	0	0
mqr-b2a9a4d0fb61c77e	passed_pawn_corridor_safety	0	0	0
mqr-b2a9a4d0fb61c77e	rook_behind_passed_pawn	0	0	0
mqr-b2a9a4d0fb61c77e	pawn_structure_total	-20	-10	-10
mqr-b2a9a4d0fb61c77e	rook_connection	0	0	0
mqr-b2a9a4d0fb61c77e	lone_king_guidance	0	0	0
mqr-b2a9a4d0fb61c77e	tempo	-16	-16	0
mqr-818cc9a4fc09ab00	material	0	0	0
mqr-818cc9a4fc09ab00	piece_balance	0	0	0
mqr-818cc9a4fc09ab00	bishop_pair	0	0	0
mqr-818cc9a4fc09ab00	mobility	23	0	23
mqr-818cc9a4fc09ab00	piece_attacks	9	0	9
mqr-818cc9a4fc09ab00	piece_square	28	32	-4
mqr-818cc9a4fc09ab00	rook_file	0	0	0
mqr-818cc9a4fc09ab00	king_placement	15	15	0
mqr-818cc9a4fc09ab00	pawn_shield	15	15	0
mqr-818cc9a4fc09ab00	king_danger	0	-12	12
mqr-818cc9a4fc09ab00	king_safety_total	0	-12	12
mqr-818cc9a4fc09ab00	pawn_base	3	6	-3
mqr-818cc9a4fc09ab00	passed_pawn_king_race	0	0	0
mqr-818cc9a4fc09ab00	passed_pawn_minor_accessibility	0	0	0
mqr-818cc9a4fc09ab00	passed_pawn_corridor_safety	0	0	0
mqr-818cc9a4fc09ab00	rook_behind_passed_pawn	0	0	0
mqr-818cc9a4fc09ab00	pawn_structure_total	3	6	-3
mqr-818cc9a4fc09ab00	rook_connection	0	0	0
mqr-818cc9a4fc09ab00	lone_king_guidance	0	0	0
mqr-818cc9a4fc09ab00	tempo	-16	-16	0
mqr-57d97c07303d51cc	material	80	80	0
mqr-57d97c07303d51cc	piece_balance	80	80	0
mqr-57d97c07303d51cc	bishop_pair	0	0	0
mqr-57d97c07303d51cc	mobility	76	5	71
mqr-57d97c07303d51cc	piece_attacks	-17	-31	14
mqr-57d97c07303d51cc	piece_square	69	23	46
mqr-57d97c07303d51cc	rook_file	-16	-16	0
mqr-57d97c07303d51cc	king_placement	0	0	0
mqr-57d97c07303d51cc	pawn_shield	0	0	0
mqr-57d97c07303d51cc	king_danger	25	16	9
mqr-57d97c07303d51cc	king_safety_total	25	16	9
mqr-57d97c07303d51cc	pawn_base	3	3	0
mqr-57d97c07303d51cc	passed_pawn_king_race	0	0	0
mqr-57d97c07303d51cc	passed_pawn_minor_accessibility	0	0	0
mqr-57d97c07303d51cc	passed_pawn_corridor_safety	0	0	0
mqr-57d97c07303d51cc	rook_behind_passed_pawn	0	0	0
mqr-57d97c07303d51cc	pawn_structure_total	3	3	0
mqr-57d97c07303d51cc	rook_connection	0	0	0
mqr-57d97c07303d51cc	lone_king_guidance	0	0	0
mqr-57d97c07303d51cc	tempo	-16	-16	0
mqr-807d4cd83f6c149b	material	448	330	118
mqr-807d4cd83f6c149b	piece_balance	448	330	118
mqr-807d4cd83f6c149b	bishop_pair	-109	-106	-3
mqr-807d4cd83f6c149b	mobility	-232	-114	-118
mqr-807d4cd83f6c149b	piece_attacks	-54	13	-67
mqr-807d4cd83f6c149b	piece_square	-173	-132	-41
mqr-807d4cd83f6c149b	rook_file	0	0	0
mqr-807d4cd83f6c149b	king_placement	4	4	0
mqr-807d4cd83f6c149b	pawn_shield	11	11	0
mqr-807d4cd83f6c149b	king_danger	57	-45	102
mqr-807d4cd83f6c149b	king_safety_total	57	-45	102
mqr-807d4cd83f6c149b	pawn_base	6	-3	9
mqr-807d4cd83f6c149b	passed_pawn_king_race	0	0	0
mqr-807d4cd83f6c149b	passed_pawn_minor_accessibility	-18	-18	0
mqr-807d4cd83f6c149b	passed_pawn_corridor_safety	24	30	-6
mqr-807d4cd83f6c149b	rook_behind_passed_pawn	6	6	0
mqr-807d4cd83f6c149b	pawn_structure_total	61	58	3
mqr-807d4cd83f6c149b	rook_connection	0	0	0
mqr-807d4cd83f6c149b	lone_king_guidance	0	0	0
mqr-807d4cd83f6c149b	tempo	-16	-16	0
mqr-582c7e8f513ee18c	material	-139	-139	0
mqr-582c7e8f513ee18c	piece_balance	-139	-139	0
mqr-582c7e8f513ee18c	bishop_pair	0	0	0
mqr-582c7e8f513ee18c	mobility	-48	-64	16
mqr-582c7e8f513ee18c	piece_attacks	0	0	0
mqr-582c7e8f513ee18c	piece_square	17	1	16
mqr-582c7e8f513ee18c	rook_file	0	0	0
mqr-582c7e8f513ee18c	king_placement	45	30	15
mqr-582c7e8f513ee18c	pawn_shield	0	0	0
mqr-582c7e8f513ee18c	king_danger	0	0	0
mqr-582c7e8f513ee18c	king_safety_total	0	0	0
mqr-582c7e8f513ee18c	pawn_base	20	20	0
mqr-582c7e8f513ee18c	passed_pawn_king_race	-98	-105	7
mqr-582c7e8f513ee18c	passed_pawn_minor_accessibility	0	0	0
mqr-582c7e8f513ee18c	passed_pawn_corridor_safety	0	0	0
mqr-582c7e8f513ee18c	rook_behind_passed_pawn	0	0	0
mqr-582c7e8f513ee18c	pawn_structure_total	80	80	0
mqr-582c7e8f513ee18c	rook_connection	0	0	0
mqr-582c7e8f513ee18c	lone_king_guidance	0	0	0
mqr-582c7e8f513ee18c	tempo	-41	-41	0
mqr-2393787aa4fe83c7	material	-178	-178	0
mqr-2393787aa4fe83c7	piece_balance	-178	-178	0
mqr-2393787aa4fe83c7	bishop_pair	0	0	0
mqr-2393787aa4fe83c7	mobility	102	137	-35
mqr-2393787aa4fe83c7	piece_attacks	14	-4	18
mqr-2393787aa4fe83c7	piece_square	92	109	-17
mqr-2393787aa4fe83c7	rook_file	0	11	-11
mqr-2393787aa4fe83c7	king_placement	11	11	0
mqr-2393787aa4fe83c7	pawn_shield	0	0	0
mqr-2393787aa4fe83c7	king_danger	151	31	120
mqr-2393787aa4fe83c7	king_safety_total	151	31	120
mqr-2393787aa4fe83c7	pawn_base	-18	-18	0
mqr-2393787aa4fe83c7	passed_pawn_king_race	0	0	0
mqr-2393787aa4fe83c7	passed_pawn_minor_accessibility	0	0	0
mqr-2393787aa4fe83c7	passed_pawn_corridor_safety	0	0	0
mqr-2393787aa4fe83c7	rook_behind_passed_pawn	0	0	0
mqr-2393787aa4fe83c7	pawn_structure_total	-18	-18	0
mqr-2393787aa4fe83c7	rook_connection	0	0	0
mqr-2393787aa4fe83c7	lone_king_guidance	0	0	0
mqr-2393787aa4fe83c7	tempo	-17	-17	0
mqr-db0ef99c680e6bf0	material	120	120	0
mqr-db0ef99c680e6bf0	piece_balance	120	120	0
mqr-db0ef99c680e6bf0	bishop_pair	0	0	0
mqr-db0ef99c680e6bf0	mobility	-101	-115	14
mqr-db0ef99c680e6bf0	piece_attacks	-21	-10	-11
mqr-db0ef99c680e6bf0	piece_square	5	-11	16
mqr-db0ef99c680e6bf0	rook_file	-14	-14	0
mqr-db0ef99c680e6bf0	king_placement	20	20	0
mqr-db0ef99c680e6bf0	pawn_shield	-7	-7	0
mqr-db0ef99c680e6bf0	king_danger	-2	-3	1
mqr-db0ef99c680e6bf0	king_safety_total	-2	-3	1
mqr-db0ef99c680e6bf0	pawn_base	8	7	1
mqr-db0ef99c680e6bf0	passed_pawn_king_race	0	0	0
mqr-db0ef99c680e6bf0	passed_pawn_minor_accessibility	0	0	0
mqr-db0ef99c680e6bf0	passed_pawn_corridor_safety	0	0	0
mqr-db0ef99c680e6bf0	rook_behind_passed_pawn	0	0	0
mqr-db0ef99c680e6bf0	pawn_structure_total	8	7	1
mqr-db0ef99c680e6bf0	rook_connection	0	0	0
mqr-db0ef99c680e6bf0	lone_king_guidance	0	0	0
mqr-db0ef99c680e6bf0	tempo	-24	-24	0
mqr-fb0f66455d0787f8	material	55	55	0
mqr-fb0f66455d0787f8	piece_balance	55	55	0
mqr-fb0f66455d0787f8	bishop_pair	0	0	0
mqr-fb0f66455d0787f8	mobility	-26	-30	4
mqr-fb0f66455d0787f8	piece_attacks	10	10	0
mqr-fb0f66455d0787f8	piece_square	-78	-78	0
mqr-fb0f66455d0787f8	rook_file	8	8	0
mqr-fb0f66455d0787f8	king_placement	3	3	0
mqr-fb0f66455d0787f8	pawn_shield	-8	-8	0
mqr-fb0f66455d0787f8	king_danger	-184	-165	-19
mqr-fb0f66455d0787f8	king_safety_total	-184	-165	-19
mqr-fb0f66455d0787f8	pawn_base	25	25	0
mqr-fb0f66455d0787f8	passed_pawn_king_race	0	0	0
mqr-fb0f66455d0787f8	passed_pawn_minor_accessibility	-10	-10	0
mqr-fb0f66455d0787f8	passed_pawn_corridor_safety	-34	-34	0
mqr-fb0f66455d0787f8	rook_behind_passed_pawn	-7	-7	0
mqr-fb0f66455d0787f8	pawn_structure_total	-69	-69	0
mqr-fb0f66455d0787f8	rook_connection	0	0	0
mqr-fb0f66455d0787f8	lone_king_guidance	0	0	0
mqr-fb0f66455d0787f8	tempo	-21	-21	0
mqr-4e7e2fd2f49d151a	material	47	169	-122
mqr-4e7e2fd2f49d151a	piece_balance	47	169	-122
mqr-4e7e2fd2f49d151a	bishop_pair	0	0	0
mqr-4e7e2fd2f49d151a	mobility	-35	-63	28
mqr-4e7e2fd2f49d151a	piece_attacks	-1	-48	47
mqr-4e7e2fd2f49d151a	piece_square	-6	-9	3
mqr-4e7e2fd2f49d151a	rook_file	4	4	0
mqr-4e7e2fd2f49d151a	king_placement	8	8	0
mqr-4e7e2fd2f49d151a	pawn_shield	7	1	6
mqr-4e7e2fd2f49d151a	king_danger	10	-217	227
mqr-4e7e2fd2f49d151a	king_safety_total	10	-217	227
mqr-4e7e2fd2f49d151a	pawn_base	-50	-44	-6
mqr-4e7e2fd2f49d151a	passed_pawn_king_race	0	0	0
mqr-4e7e2fd2f49d151a	passed_pawn_minor_accessibility	-20	-20	0
mqr-4e7e2fd2f49d151a	passed_pawn_corridor_safety	0	0	0
mqr-4e7e2fd2f49d151a	rook_behind_passed_pawn	0	0	0
mqr-4e7e2fd2f49d151a	pawn_structure_total	-27	-21	-6
mqr-4e7e2fd2f49d151a	rook_connection	0	0	0
mqr-4e7e2fd2f49d151a	lone_king_guidance	0	0	0
mqr-4e7e2fd2f49d151a	tempo	-16	-16	0
mqr-5bfa2d94f381b59e	material	120	120	0
mqr-5bfa2d94f381b59e	piece_balance	120	120	0
mqr-5bfa2d94f381b59e	bishop_pair	0	0	0
mqr-5bfa2d94f381b59e	mobility	-83	-58	-25
mqr-5bfa2d94f381b59e	piece_attacks	21	16	5
mqr-5bfa2d94f381b59e	piece_square	-85	-61	-24
mqr-5bfa2d94f381b59e	rook_file	-21	-21	0
mqr-5bfa2d94f381b59e	king_placement	-24	-24	0
mqr-5bfa2d94f381b59e	pawn_shield	-16	-6	-10
mqr-5bfa2d94f381b59e	king_danger	26	76	-50
mqr-5bfa2d94f381b59e	king_safety_total	26	76	-50
mqr-5bfa2d94f381b59e	pawn_base	17	12	5
mqr-5bfa2d94f381b59e	passed_pawn_king_race	0	0	0
mqr-5bfa2d94f381b59e	passed_pawn_minor_accessibility	0	0	0
mqr-5bfa2d94f381b59e	passed_pawn_corridor_safety	-7	0	-7
mqr-5bfa2d94f381b59e	rook_behind_passed_pawn	0	0	0
mqr-5bfa2d94f381b59e	pawn_structure_total	-3	-1	-2
mqr-5bfa2d94f381b59e	rook_connection	0	0	0
mqr-5bfa2d94f381b59e	lone_king_guidance	0	0	0
mqr-5bfa2d94f381b59e	tempo	-24	-24	0
mqr-356f60f0d53de8e4	material	43	43	0
mqr-356f60f0d53de8e4	piece_balance	43	43	0
mqr-356f60f0d53de8e4	bishop_pair	88	88	0
mqr-356f60f0d53de8e4	mobility	-137	-178	41
mqr-356f60f0d53de8e4	piece_attacks	-13	-35	22
mqr-356f60f0d53de8e4	piece_square	-74	-88	14
mqr-356f60f0d53de8e4	rook_file	-16	-16	0
mqr-356f60f0d53de8e4	king_placement	-6	-6	0
mqr-356f60f0d53de8e4	pawn_shield	-12	-12	0
mqr-356f60f0d53de8e4	king_danger	-23	-23	0
mqr-356f60f0d53de8e4	king_safety_total	-23	-23	0
mqr-356f60f0d53de8e4	pawn_base	-10	10	-20
mqr-356f60f0d53de8e4	passed_pawn_king_race	0	0	0
mqr-356f60f0d53de8e4	passed_pawn_minor_accessibility	0	0	0
mqr-356f60f0d53de8e4	passed_pawn_corridor_safety	0	0	0
mqr-356f60f0d53de8e4	rook_behind_passed_pawn	0	0	0
mqr-356f60f0d53de8e4	pawn_structure_total	-10	10	-20
mqr-356f60f0d53de8e4	rook_connection	0	0	0
mqr-356f60f0d53de8e4	lone_king_guidance	0	0	0
mqr-356f60f0d53de8e4	tempo	-16	-16	0
mqr-25d438a145514e34	material	177	177	0
mqr-25d438a145514e34	piece_balance	177	177	0
mqr-25d438a145514e34	bishop_pair	0	0	0
mqr-25d438a145514e34	mobility	-118	-55	-63
mqr-25d438a145514e34	piece_attacks	-59	13	-72
mqr-25d438a145514e34	piece_square	-75	-84	9
mqr-25d438a145514e34	rook_file	0	0	0
mqr-25d438a145514e34	king_placement	0	0	0
mqr-25d438a145514e34	pawn_shield	0	0	0
mqr-25d438a145514e34	king_danger	-9	-9	0
mqr-25d438a145514e34	king_safety_total	-9	-9	0
mqr-25d438a145514e34	pawn_base	-51	-51	0
mqr-25d438a145514e34	passed_pawn_king_race	0	0	0
mqr-25d438a145514e34	passed_pawn_minor_accessibility	-1	-1	0
mqr-25d438a145514e34	passed_pawn_corridor_safety	9	9	0
mqr-25d438a145514e34	rook_behind_passed_pawn	0	0	0
mqr-25d438a145514e34	pawn_structure_total	-24	-24	0
mqr-25d438a145514e34	rook_connection	0	0	0
mqr-25d438a145514e34	lone_king_guidance	0	0	0
mqr-25d438a145514e34	tempo	-30	-30	0
mqr-f8d987a3bbf59936	material	-120	-120	0
mqr-f8d987a3bbf59936	piece_balance	-120	-120	0
mqr-f8d987a3bbf59936	bishop_pair	0	0	0
mqr-f8d987a3bbf59936	mobility	198	19	179
mqr-f8d987a3bbf59936	piece_attacks	182	13	169
mqr-f8d987a3bbf59936	piece_square	31	27	4
mqr-f8d987a3bbf59936	rook_file	-4	-4	0
mqr-f8d987a3bbf59936	king_placement	0	0	0
mqr-f8d987a3bbf59936	pawn_shield	-20	0	-20
mqr-f8d987a3bbf59936	king_danger	-23	-14	-9
mqr-f8d987a3bbf59936	king_safety_total	-23	-14	-9
mqr-f8d987a3bbf59936	pawn_base	38	38	0
mqr-f8d987a3bbf59936	passed_pawn_king_race	0	0	0
mqr-f8d987a3bbf59936	passed_pawn_minor_accessibility	0	0	0
mqr-f8d987a3bbf59936	passed_pawn_corridor_safety	0	0	0
mqr-f8d987a3bbf59936	rook_behind_passed_pawn	0	0	0
mqr-f8d987a3bbf59936	pawn_structure_total	38	38	0
mqr-f8d987a3bbf59936	rook_connection	0	0	0
mqr-f8d987a3bbf59936	lone_king_guidance	0	0	0
mqr-f8d987a3bbf59936	tempo	-16	-16	0
mqr-2e4ecc2abd6d86cf	material	-240	-240	0
mqr-2e4ecc2abd6d86cf	piece_balance	-240	-240	0
mqr-2e4ecc2abd6d86cf	bishop_pair	0	0	0
mqr-2e4ecc2abd6d86cf	mobility	73	53	20
mqr-2e4ecc2abd6d86cf	piece_attacks	0	0	0
mqr-2e4ecc2abd6d86cf	piece_square	76	56	20
mqr-2e4ecc2abd6d86cf	rook_file	-4	-4	0
mqr-2e4ecc2abd6d86cf	king_placement	2	2	0
mqr-2e4ecc2abd6d86cf	pawn_shield	15	15	0
mqr-2e4ecc2abd6d86cf	king_danger	0	0	0
mqr-2e4ecc2abd6d86cf	king_safety_total	0	0	0
mqr-2e4ecc2abd6d86cf	pawn_base	17	17	0
mqr-2e4ecc2abd6d86cf	passed_pawn_king_race	0	0	0
mqr-2e4ecc2abd6d86cf	passed_pawn_minor_accessibility	0	0	0
mqr-2e4ecc2abd6d86cf	passed_pawn_corridor_safety	0	0	0
mqr-2e4ecc2abd6d86cf	rook_behind_passed_pawn	0	0	0
mqr-2e4ecc2abd6d86cf	pawn_structure_total	17	17	0
mqr-2e4ecc2abd6d86cf	rook_connection	0	0	0
mqr-2e4ecc2abd6d86cf	lone_king_guidance	0	0	0
mqr-2e4ecc2abd6d86cf	tempo	-16	-16	0
mqr-0f64a5a6e329dcad	material	0	0	0
mqr-0f64a5a6e329dcad	piece_balance	0	0	0
mqr-0f64a5a6e329dcad	bishop_pair	0	0	0
mqr-0f64a5a6e329dcad	mobility	-15	-37	22
mqr-0f64a5a6e329dcad	piece_attacks	-13	-10	-3
mqr-0f64a5a6e329dcad	piece_square	1	-12	13
mqr-0f64a5a6e329dcad	rook_file	0	-17	17
mqr-0f64a5a6e329dcad	king_placement	0	0	0
mqr-0f64a5a6e329dcad	pawn_shield	10	10	0
mqr-0f64a5a6e329dcad	king_danger	119	151	-32
mqr-0f64a5a6e329dcad	king_safety_total	119	151	-32
mqr-0f64a5a6e329dcad	pawn_base	-38	-38	0
mqr-0f64a5a6e329dcad	passed_pawn_king_race	0	0	0
mqr-0f64a5a6e329dcad	passed_pawn_minor_accessibility	0	0	0
mqr-0f64a5a6e329dcad	passed_pawn_corridor_safety	0	0	0
mqr-0f64a5a6e329dcad	rook_behind_passed_pawn	0	0	0
mqr-0f64a5a6e329dcad	pawn_structure_total	3	3	0
mqr-0f64a5a6e329dcad	rook_connection	0	0	0
mqr-0f64a5a6e329dcad	lone_king_guidance	0	0	0
mqr-0f64a5a6e329dcad	tempo	-18	-18	0
mqr-c3946e5484dffc24	material	120	120	0
mqr-c3946e5484dffc24	piece_balance	120	120	0
mqr-c3946e5484dffc24	bishop_pair	0	0	0
mqr-c3946e5484dffc24	mobility	2	12	-10
mqr-c3946e5484dffc24	piece_attacks	1	-4	5
mqr-c3946e5484dffc24	piece_square	-22	0	-22
mqr-c3946e5484dffc24	rook_file	0	0	0
mqr-c3946e5484dffc24	king_placement	0	0	0
mqr-c3946e5484dffc24	pawn_shield	0	0	0
mqr-c3946e5484dffc24	king_danger	0	0	0
mqr-c3946e5484dffc24	king_safety_total	0	0	0
mqr-c3946e5484dffc24	pawn_base	10	10	0
mqr-c3946e5484dffc24	passed_pawn_king_race	0	0	0
mqr-c3946e5484dffc24	passed_pawn_minor_accessibility	0	0	0
mqr-c3946e5484dffc24	passed_pawn_corridor_safety	0	0	0
mqr-c3946e5484dffc24	rook_behind_passed_pawn	0	0	0
mqr-c3946e5484dffc24	pawn_structure_total	10	10	0
mqr-c3946e5484dffc24	rook_connection	0	0	0
mqr-c3946e5484dffc24	lone_king_guidance	0	0	0
mqr-c3946e5484dffc24	tempo	-16	-16	0
mqr-b27f7378bc5969fd	material	0	0	0
mqr-b27f7378bc5969fd	piece_balance	0	0	0
mqr-b27f7378bc5969fd	bishop_pair	0	0	0
mqr-b27f7378bc5969fd	mobility	47	73	-26
mqr-b27f7378bc5969fd	piece_attacks	-18	-18	0
mqr-b27f7378bc5969fd	piece_square	30	46	-16
mqr-b27f7378bc5969fd	rook_file	12	12	0
mqr-b27f7378bc5969fd	king_placement	9	15	-6
mqr-b27f7378bc5969fd	pawn_shield	15	0	15
mqr-b27f7378bc5969fd	king_danger	23	43	-20
mqr-b27f7378bc5969fd	king_safety_total	23	43	-20
mqr-b27f7378bc5969fd	pawn_base	-13	-13	0
mqr-b27f7378bc5969fd	passed_pawn_king_race	0	0	0
mqr-b27f7378bc5969fd	passed_pawn_minor_accessibility	0	0	0
mqr-b27f7378bc5969fd	passed_pawn_corridor_safety	0	0	0
mqr-b27f7378bc5969fd	rook_behind_passed_pawn	0	0	0
mqr-b27f7378bc5969fd	pawn_structure_total	-13	-13	0
mqr-b27f7378bc5969fd	rook_connection	0	0	0
mqr-b27f7378bc5969fd	lone_king_guidance	0	0	0
mqr-b27f7378bc5969fd	tempo	-16	-16	0
mqr-b9d8bc5042b712e6	material	43	43	0
mqr-b9d8bc5042b712e6	piece_balance	43	43	0
mqr-b9d8bc5042b712e6	bishop_pair	88	88	0
mqr-b9d8bc5042b712e6	mobility	-94	-58	-36
mqr-b9d8bc5042b712e6	piece_attacks	0	4	-4
mqr-b9d8bc5042b712e6	piece_square	-87	-69	-18
mqr-b9d8bc5042b712e6	rook_file	-4	-4	0
mqr-b9d8bc5042b712e6	king_placement	-11	-11	0
mqr-b9d8bc5042b712e6	pawn_shield	11	11	0
mqr-b9d8bc5042b712e6	king_danger	0	31	-31
mqr-b9d8bc5042b712e6	king_safety_total	0	31	-31
mqr-b9d8bc5042b712e6	pawn_base	-3	-3	0
mqr-b9d8bc5042b712e6	passed_pawn_king_race	0	0	0
mqr-b9d8bc5042b712e6	passed_pawn_minor_accessibility	0	0	0
mqr-b9d8bc5042b712e6	passed_pawn_corridor_safety	0	0	0
mqr-b9d8bc5042b712e6	rook_behind_passed_pawn	0	0	0
mqr-b9d8bc5042b712e6	pawn_structure_total	-3	-3	0
mqr-b9d8bc5042b712e6	rook_connection	0	0	0
mqr-b9d8bc5042b712e6	lone_king_guidance	0	0	0
mqr-b9d8bc5042b712e6	tempo	-16	-16	0
mqr-2c4adb8968e9feee	material	-120	-120	0
mqr-2c4adb8968e9feee	piece_balance	-120	-120	0
mqr-2c4adb8968e9feee	bishop_pair	0	0	0
mqr-2c4adb8968e9feee	mobility	144	122	22
mqr-2c4adb8968e9feee	piece_attacks	37	37	0
mqr-2c4adb8968e9feee	piece_square	44	36	8
mqr-2c4adb8968e9feee	rook_file	7	0	7
mqr-2c4adb8968e9feee	king_placement	21	24	-3
mqr-2c4adb8968e9feee	pawn_shield	0	0	0
mqr-2c4adb8968e9feee	king_danger	37	5	32
mqr-2c4adb8968e9feee	king_safety_total	37	5	32
mqr-2c4adb8968e9feee	pawn_base	2	2	0
mqr-2c4adb8968e9feee	passed_pawn_king_race	0	0	0
mqr-2c4adb8968e9feee	passed_pawn_minor_accessibility	0	0	0
mqr-2c4adb8968e9feee	passed_pawn_corridor_safety	0	0	0
mqr-2c4adb8968e9feee	rook_behind_passed_pawn	0	0	0
mqr-2c4adb8968e9feee	pawn_structure_total	2	2	0
mqr-2c4adb8968e9feee	rook_connection	0	0	0
mqr-2c4adb8968e9feee	lone_king_guidance	0	0	0
mqr-2c4adb8968e9feee	tempo	-24	-24	0
mqr-c7ad4ab7ef18912c	material	0	-120	120
mqr-c7ad4ab7ef18912c	piece_balance	0	-120	120
mqr-c7ad4ab7ef18912c	bishop_pair	0	0	0
mqr-c7ad4ab7ef18912c	mobility	173	186	-13
mqr-c7ad4ab7ef18912c	piece_attacks	36	36	0
mqr-c7ad4ab7ef18912c	piece_square	66	70	-4
mqr-c7ad4ab7ef18912c	rook_file	-12	-12	0
mqr-c7ad4ab7ef18912c	king_placement	0	0	0
mqr-c7ad4ab7ef18912c	pawn_shield	-24	-24	0
mqr-c7ad4ab7ef18912c	king_danger	84	60	24
mqr-c7ad4ab7ef18912c	king_safety_total	84	60	24
mqr-c7ad4ab7ef18912c	pawn_base	-9	20	-29
mqr-c7ad4ab7ef18912c	passed_pawn_king_race	0	0	0
mqr-c7ad4ab7ef18912c	passed_pawn_minor_accessibility	0	0	0
mqr-c7ad4ab7ef18912c	passed_pawn_corridor_safety	0	0	0
mqr-c7ad4ab7ef18912c	rook_behind_passed_pawn	0	0	0
mqr-c7ad4ab7ef18912c	pawn_structure_total	-9	20	-29
mqr-c7ad4ab7ef18912c	rook_connection	0	0	0
mqr-c7ad4ab7ef18912c	lone_king_guidance	0	0	0
mqr-c7ad4ab7ef18912c	tempo	-16	-16	0
mqr-ad3f2c9692ced875	material	-120	-120	0
mqr-ad3f2c9692ced875	piece_balance	-120	-120	0
mqr-ad3f2c9692ced875	bishop_pair	0	0	0
mqr-ad3f2c9692ced875	mobility	101	153	-52
mqr-ad3f2c9692ced875	piece_attacks	-28	-18	-10
mqr-ad3f2c9692ced875	piece_square	53	75	-22
mqr-ad3f2c9692ced875	rook_file	-4	-4	0
mqr-ad3f2c9692ced875	king_placement	0	0	0
mqr-ad3f2c9692ced875	pawn_shield	0	0	0
mqr-ad3f2c9692ced875	king_danger	50	50	0
mqr-ad3f2c9692ced875	king_safety_total	50	50	0
mqr-ad3f2c9692ced875	pawn_base	-30	-30	0
mqr-ad3f2c9692ced875	passed_pawn_king_race	0	0	0
mqr-ad3f2c9692ced875	passed_pawn_minor_accessibility	0	0	0
mqr-ad3f2c9692ced875	passed_pawn_corridor_safety	0	0	0
mqr-ad3f2c9692ced875	rook_behind_passed_pawn	0	0	0
mqr-ad3f2c9692ced875	pawn_structure_total	-30	-30	0
mqr-ad3f2c9692ced875	rook_connection	0	0	0
mqr-ad3f2c9692ced875	lone_king_guidance	0	0	0
mqr-ad3f2c9692ced875	tempo	-16	-16	0
mqr-de4592e41ae99b67	material	-120	200	-320
mqr-de4592e41ae99b67	piece_balance	-120	200	-320
mqr-de4592e41ae99b67	bishop_pair	0	0	0
mqr-de4592e41ae99b67	mobility	72	8	64
mqr-de4592e41ae99b67	piece_attacks	60	37	23
mqr-de4592e41ae99b67	piece_square	33	40	-7
mqr-de4592e41ae99b67	rook_file	0	0	0
mqr-de4592e41ae99b67	king_placement	0	0	0
mqr-de4592e41ae99b67	pawn_shield	0	0	0
mqr-de4592e41ae99b67	king_danger	0	16	-16
mqr-de4592e41ae99b67	king_safety_total	0	16	-16
mqr-de4592e41ae99b67	pawn_base	-26	-24	-2
mqr-de4592e41ae99b67	passed_pawn_king_race	0	0	0
mqr-de4592e41ae99b67	passed_pawn_minor_accessibility	0	0	0
mqr-de4592e41ae99b67	passed_pawn_corridor_safety	0	0	0
mqr-de4592e41ae99b67	rook_behind_passed_pawn	0	0	0
mqr-de4592e41ae99b67	pawn_structure_total	-26	-24	-2
mqr-de4592e41ae99b67	rook_connection	0	0	0
mqr-de4592e41ae99b67	lone_king_guidance	0	0	0
mqr-de4592e41ae99b67	tempo	-16	-16	0
mqr-1fd1890b962573b5	material	0	545	-545
mqr-1fd1890b962573b5	piece_balance	0	545	-545
mqr-1fd1890b962573b5	bishop_pair	0	0	0
mqr-1fd1890b962573b5	mobility	4	60	-56
mqr-1fd1890b962573b5	piece_attacks	27	-75	102
mqr-1fd1890b962573b5	piece_square	-11	41	-52
mqr-1fd1890b962573b5	rook_file	10	21	-11
mqr-1fd1890b962573b5	king_placement	0	0	0
mqr-1fd1890b962573b5	pawn_shield	0	0	0
mqr-1fd1890b962573b5	king_danger	0	13	-13
mqr-1fd1890b962573b5	king_safety_total	0	13	-13
mqr-1fd1890b962573b5	pawn_base	-7	-7	0
mqr-1fd1890b962573b5	passed_pawn_king_race	0	0	0
mqr-1fd1890b962573b5	passed_pawn_minor_accessibility	0	0	0
mqr-1fd1890b962573b5	passed_pawn_corridor_safety	0	0	0
mqr-1fd1890b962573b5	rook_behind_passed_pawn	0	0	0
mqr-1fd1890b962573b5	pawn_structure_total	-7	-7	0
mqr-1fd1890b962573b5	rook_connection	0	0	0
mqr-1fd1890b962573b5	lone_king_guidance	0	0	0
mqr-1fd1890b962573b5	tempo	-21	-24	3
mqr-607528927b519c72	material	0	0	0
mqr-607528927b519c72	piece_balance	0	0	0
mqr-607528927b519c72	bishop_pair	0	0	0
mqr-607528927b519c72	mobility	-56	-8	-48
mqr-607528927b519c72	piece_attacks	5	9	-4
mqr-607528927b519c72	piece_square	-32	-32	0
mqr-607528927b519c72	rook_file	0	0	0
mqr-607528927b519c72	king_placement	0	0	0
mqr-607528927b519c72	pawn_shield	0	0	0
mqr-607528927b519c72	king_danger	0	0	0
mqr-607528927b519c72	king_safety_total	0	0	0
mqr-607528927b519c72	pawn_base	0	6	-6
mqr-607528927b519c72	passed_pawn_king_race	0	0	0
mqr-607528927b519c72	passed_pawn_minor_accessibility	0	0	0
mqr-607528927b519c72	passed_pawn_corridor_safety	0	0	0
mqr-607528927b519c72	rook_behind_passed_pawn	0	0	0
mqr-607528927b519c72	pawn_structure_total	0	6	-6
mqr-607528927b519c72	rook_connection	0	0	0
mqr-607528927b519c72	lone_king_guidance	0	0	0
mqr-607528927b519c72	tempo	-16	-16	0
mqr-34fbae7a49db5786	material	0	0	0
mqr-34fbae7a49db5786	piece_balance	0	0	0
mqr-34fbae7a49db5786	bishop_pair	0	0	0
mqr-34fbae7a49db5786	mobility	69	64	5
mqr-34fbae7a49db5786	piece_attacks	0	0	0
mqr-34fbae7a49db5786	piece_square	26	16	10
mqr-34fbae7a49db5786	rook_file	0	0	0
mqr-34fbae7a49db5786	king_placement	0	0	0
mqr-34fbae7a49db5786	pawn_shield	0	0	0
mqr-34fbae7a49db5786	king_danger	24	20	4
mqr-34fbae7a49db5786	king_safety_total	24	20	4
mqr-34fbae7a49db5786	pawn_base	16	22	-6
mqr-34fbae7a49db5786	passed_pawn_king_race	0	0	0
mqr-34fbae7a49db5786	passed_pawn_minor_accessibility	0	0	0
mqr-34fbae7a49db5786	passed_pawn_corridor_safety	0	0	0
mqr-34fbae7a49db5786	rook_behind_passed_pawn	0	0	0
mqr-34fbae7a49db5786	pawn_structure_total	16	22	-6
mqr-34fbae7a49db5786	rook_connection	0	0	0
mqr-34fbae7a49db5786	lone_king_guidance	0	0	0
mqr-34fbae7a49db5786	tempo	-16	-16	0
mqr-b11e377da7611e39	material	0	120	-120
mqr-b11e377da7611e39	piece_balance	0	120	-120
mqr-b11e377da7611e39	bishop_pair	0	0	0
mqr-b11e377da7611e39	mobility	95	85	10
mqr-b11e377da7611e39	piece_attacks	9	13	-4
mqr-b11e377da7611e39	piece_square	17	-15	32
mqr-b11e377da7611e39	rook_file	0	4	-4
mqr-b11e377da7611e39	king_placement	-5	-5	0
mqr-b11e377da7611e39	pawn_shield	-5	-5	0
mqr-b11e377da7611e39	king_danger	0	0	0
mqr-b11e377da7611e39	king_safety_total	0	0	0
mqr-b11e377da7611e39	pawn_base	3	-10	13
mqr-b11e377da7611e39	passed_pawn_king_race	0	0	0
mqr-b11e377da7611e39	passed_pawn_minor_accessibility	0	0	0
mqr-b11e377da7611e39	passed_pawn_corridor_safety	0	0	0
mqr-b11e377da7611e39	rook_behind_passed_pawn	0	0	0
mqr-b11e377da7611e39	pawn_structure_total	3	-10	13
mqr-b11e377da7611e39	rook_connection	0	0	0
mqr-b11e377da7611e39	lone_king_guidance	0	0	0
mqr-b11e377da7611e39	tempo	-16	-16	0
mqr-cbc695b3661d9c59	material	0	0	0
mqr-cbc695b3661d9c59	piece_balance	0	0	0
mqr-cbc695b3661d9c59	bishop_pair	0	0	0
mqr-cbc695b3661d9c59	mobility	-56	-61	5
mqr-cbc695b3661d9c59	piece_attacks	0	0	0
mqr-cbc695b3661d9c59	piece_square	-21	-35	14
mqr-cbc695b3661d9c59	rook_file	0	0	0
mqr-cbc695b3661d9c59	king_placement	0	0	0
mqr-cbc695b3661d9c59	pawn_shield	0	0	0
mqr-cbc695b3661d9c59	king_danger	0	0	0
mqr-cbc695b3661d9c59	king_safety_total	0	0	0
mqr-cbc695b3661d9c59	pawn_base	-3	-3	0
mqr-cbc695b3661d9c59	passed_pawn_king_race	0	0	0
mqr-cbc695b3661d9c59	passed_pawn_minor_accessibility	0	0	0
mqr-cbc695b3661d9c59	passed_pawn_corridor_safety	0	0	0
mqr-cbc695b3661d9c59	rook_behind_passed_pawn	0	0	0
mqr-cbc695b3661d9c59	pawn_structure_total	-3	-3	0
mqr-cbc695b3661d9c59	rook_connection	0	0	0
mqr-cbc695b3661d9c59	lone_king_guidance	0	0	0
mqr-cbc695b3661d9c59	tempo	-16	-16	0
mqr-fcfb5aca3ef9c4bd	material	0	0	0
mqr-fcfb5aca3ef9c4bd	piece_balance	0	0	0
mqr-fcfb5aca3ef9c4bd	bishop_pair	0	0	0
mqr-fcfb5aca3ef9c4bd	mobility	-9	4	-13
mqr-fcfb5aca3ef9c4bd	piece_attacks	4	4	0
mqr-fcfb5aca3ef9c4bd	piece_square	18	22	-4
mqr-fcfb5aca3ef9c4bd	rook_file	-4	-4	0
mqr-fcfb5aca3ef9c4bd	king_placement	3	5	-2
mqr-fcfb5aca3ef9c4bd	pawn_shield	10	22	-12
mqr-fcfb5aca3ef9c4bd	king_danger	-78	41	-119
mqr-fcfb5aca3ef9c4bd	king_safety_total	-78	41	-119
mqr-fcfb5aca3ef9c4bd	pawn_base	19	19	0
mqr-fcfb5aca3ef9c4bd	passed_pawn_king_race	0	0	0
mqr-fcfb5aca3ef9c4bd	passed_pawn_minor_accessibility	0	0	0
mqr-fcfb5aca3ef9c4bd	passed_pawn_corridor_safety	0	0	0
mqr-fcfb5aca3ef9c4bd	rook_behind_passed_pawn	0	0	0
mqr-fcfb5aca3ef9c4bd	pawn_structure_total	19	19	0
mqr-fcfb5aca3ef9c4bd	rook_connection	0	0	0
mqr-fcfb5aca3ef9c4bd	lone_king_guidance	0	0	0
mqr-fcfb5aca3ef9c4bd	tempo	-16	-16	0
mqr-267e018c83e11864	material	39	161	-122
mqr-267e018c83e11864	piece_balance	39	161	-122
mqr-267e018c83e11864	bishop_pair	0	0	0
mqr-267e018c83e11864	mobility	-97	-199	102
mqr-267e018c83e11864	piece_attacks	0	-13	13
mqr-267e018c83e11864	piece_square	-70	-132	62
mqr-267e018c83e11864	rook_file	0	0	0
mqr-267e018c83e11864	king_placement	5	5	0
mqr-267e018c83e11864	pawn_shield	22	22	0
mqr-267e018c83e11864	king_danger	0	0	0
mqr-267e018c83e11864	king_safety_total	0	0	0
mqr-267e018c83e11864	pawn_base	0	-58	58
mqr-267e018c83e11864	passed_pawn_king_race	0	0	0
mqr-267e018c83e11864	passed_pawn_minor_accessibility	0	0	0
mqr-267e018c83e11864	passed_pawn_corridor_safety	0	0	0
mqr-267e018c83e11864	rook_behind_passed_pawn	0	0	0
mqr-267e018c83e11864	pawn_structure_total	0	-58	58
mqr-267e018c83e11864	rook_connection	0	0	0
mqr-267e018c83e11864	lone_king_guidance	0	0	0
mqr-267e018c83e11864	tempo	-16	-16	0
mqr-2ef7bef53f1d5ee9	material	0	0	0
mqr-2ef7bef53f1d5ee9	piece_balance	0	0	0
mqr-2ef7bef53f1d5ee9	bishop_pair	0	0	0
mqr-2ef7bef53f1d5ee9	mobility	54	39	15
mqr-2ef7bef53f1d5ee9	piece_attacks	0	-48	48
mqr-2ef7bef53f1d5ee9	piece_square	62	66	-4
mqr-2ef7bef53f1d5ee9	rook_file	12	12	0
mqr-2ef7bef53f1d5ee9	king_placement	6	6	0
mqr-2ef7bef53f1d5ee9	pawn_shield	13	13	0
mqr-2ef7bef53f1d5ee9	king_danger	21	0	21
mqr-2ef7bef53f1d5ee9	king_safety_total	21	0	21
mqr-2ef7bef53f1d5ee9	pawn_base	0	0	0
mqr-2ef7bef53f1d5ee9	passed_pawn_king_race	0	0	0
mqr-2ef7bef53f1d5ee9	passed_pawn_minor_accessibility	0	0	0
mqr-2ef7bef53f1d5ee9	passed_pawn_corridor_safety	0	0	0
mqr-2ef7bef53f1d5ee9	rook_behind_passed_pawn	0	0	0
mqr-2ef7bef53f1d5ee9	pawn_structure_total	0	0	0
mqr-2ef7bef53f1d5ee9	rook_connection	0	0	0
mqr-2ef7bef53f1d5ee9	lone_king_guidance	0	0	0
mqr-2ef7bef53f1d5ee9	tempo	-16	-16	0
mqr-598df65ac8957446	material	120	120	0
mqr-598df65ac8957446	piece_balance	120	120	0
mqr-598df65ac8957446	bishop_pair	0	0	0
mqr-598df65ac8957446	mobility	-93	-30	-63
mqr-598df65ac8957446	piece_attacks	0	9	-9
mqr-598df65ac8957446	piece_square	-55	-59	4
mqr-598df65ac8957446	rook_file	0	0	0
mqr-598df65ac8957446	king_placement	-15	-15	0
mqr-598df65ac8957446	pawn_shield	-15	-15	0
mqr-598df65ac8957446	king_danger	0	0	0
mqr-598df65ac8957446	king_safety_total	0	0	0
mqr-598df65ac8957446	pawn_base	-14	-14	0
mqr-598df65ac8957446	passed_pawn_king_race	0	0	0
mqr-598df65ac8957446	passed_pawn_minor_accessibility	0	0	0
mqr-598df65ac8957446	passed_pawn_corridor_safety	0	0	0
mqr-598df65ac8957446	rook_behind_passed_pawn	0	0	0
mqr-598df65ac8957446	pawn_structure_total	-14	-14	0
mqr-598df65ac8957446	rook_connection	0	0	0
mqr-598df65ac8957446	lone_king_guidance	0	0	0
mqr-598df65ac8957446	tempo	-16	-16	0
mqr-195122cd9a52f53e	material	71	71	0
mqr-195122cd9a52f53e	piece_balance	71	71	0
mqr-195122cd9a52f53e	bishop_pair	0	0	0
mqr-195122cd9a52f53e	mobility	67	65	2
mqr-195122cd9a52f53e	piece_attacks	5	9	-4
mqr-195122cd9a52f53e	piece_square	33	27	6
mqr-195122cd9a52f53e	rook_file	0	0	0
mqr-195122cd9a52f53e	king_placement	0	0	0
mqr-195122cd9a52f53e	pawn_shield	11	11	0
mqr-195122cd9a52f53e	king_danger	0	0	0
mqr-195122cd9a52f53e	king_safety_total	0	0	0
mqr-195122cd9a52f53e	pawn_base	-6	-6	0
mqr-195122cd9a52f53e	passed_pawn_king_race	0	0	0
mqr-195122cd9a52f53e	passed_pawn_minor_accessibility	0	0	0
mqr-195122cd9a52f53e	passed_pawn_corridor_safety	0	0	0
mqr-195122cd9a52f53e	rook_behind_passed_pawn	0	0	0
mqr-195122cd9a52f53e	pawn_structure_total	-6	-6	0
mqr-195122cd9a52f53e	rook_connection	0	0	0
mqr-195122cd9a52f53e	lone_king_guidance	0	0	0
mqr-195122cd9a52f53e	tempo	-16	-16	0
mqr-6426f5403efb5fd8	material	189	189	0
mqr-6426f5403efb5fd8	piece_balance	189	189	0
mqr-6426f5403efb5fd8	bishop_pair	-100	-100	0
mqr-6426f5403efb5fd8	mobility	28	75	-47
mqr-6426f5403efb5fd8	piece_attacks	-55	-31	-24
mqr-6426f5403efb5fd8	piece_square	49	73	-24
mqr-6426f5403efb5fd8	rook_file	0	0	0
mqr-6426f5403efb5fd8	king_placement	30	30	0
mqr-6426f5403efb5fd8	pawn_shield	0	0	0
mqr-6426f5403efb5fd8	king_danger	2	-2	4
mqr-6426f5403efb5fd8	king_safety_total	2	-2	4
mqr-6426f5403efb5fd8	pawn_base	-20	-17	-3
mqr-6426f5403efb5fd8	passed_pawn_king_race	0	0	0
mqr-6426f5403efb5fd8	passed_pawn_minor_accessibility	0	0	0
mqr-6426f5403efb5fd8	passed_pawn_corridor_safety	0	0	0
mqr-6426f5403efb5fd8	rook_behind_passed_pawn	0	0	0
mqr-6426f5403efb5fd8	pawn_structure_total	-20	-17	-3
mqr-6426f5403efb5fd8	rook_connection	0	0	0
mqr-6426f5403efb5fd8	lone_king_guidance	0	0	0
mqr-6426f5403efb5fd8	tempo	-35	-35	0
mqr-a2b8525bbe8d7998	material	-79	-79	0
mqr-a2b8525bbe8d7998	piece_balance	-79	-79	0
mqr-a2b8525bbe8d7998	bishop_pair	85	85	0
mqr-a2b8525bbe8d7998	mobility	-32	-27	-5
mqr-a2b8525bbe8d7998	piece_attacks	-4	-5	1
mqr-a2b8525bbe8d7998	piece_square	-33	-41	8
mqr-a2b8525bbe8d7998	rook_file	0	-4	4
mqr-a2b8525bbe8d7998	king_placement	9	9	0
mqr-a2b8525bbe8d7998	pawn_shield	-6	-6	0
mqr-a2b8525bbe8d7998	king_danger	-76	-76	0
mqr-a2b8525bbe8d7998	king_safety_total	-76	-76	0
mqr-a2b8525bbe8d7998	pawn_base	-45	-45	0
mqr-a2b8525bbe8d7998	passed_pawn_king_race	0	0	0
mqr-a2b8525bbe8d7998	passed_pawn_minor_accessibility	0	0	0
mqr-a2b8525bbe8d7998	passed_pawn_corridor_safety	0	0	0
mqr-a2b8525bbe8d7998	rook_behind_passed_pawn	0	0	0
mqr-a2b8525bbe8d7998	pawn_structure_total	-45	-45	0
mqr-a2b8525bbe8d7998	rook_connection	0	0	0
mqr-a2b8525bbe8d7998	lone_king_guidance	0	0	0
mqr-a2b8525bbe8d7998	tempo	-16	-16	0
mqr-b74ec04dea64242b	material	0	0	0
mqr-b74ec04dea64242b	piece_balance	0	0	0
mqr-b74ec04dea64242b	bishop_pair	0	0	0
mqr-b74ec04dea64242b	mobility	-28	-33	5
mqr-b74ec04dea64242b	piece_attacks	0	0	0
mqr-b74ec04dea64242b	piece_square	-22	4	-26
mqr-b74ec04dea64242b	rook_file	0	0	0
mqr-b74ec04dea64242b	king_placement	0	0	0
mqr-b74ec04dea64242b	pawn_shield	0	0	0
mqr-b74ec04dea64242b	king_danger	0	0	0
mqr-b74ec04dea64242b	king_safety_total	0	0	0
mqr-b74ec04dea64242b	pawn_base	-2	-2	0
mqr-b74ec04dea64242b	passed_pawn_king_race	0	0	0
mqr-b74ec04dea64242b	passed_pawn_minor_accessibility	0	0	0
mqr-b74ec04dea64242b	passed_pawn_corridor_safety	0	0	0
mqr-b74ec04dea64242b	rook_behind_passed_pawn	0	0	0
mqr-b74ec04dea64242b	pawn_structure_total	-2	-2	0
mqr-b74ec04dea64242b	rook_connection	0	0	0
mqr-b74ec04dea64242b	lone_king_guidance	0	0	0
mqr-b74ec04dea64242b	tempo	-16	-16	0
mqr-77d0bff2ffe3291a	material	0	320	-320
mqr-77d0bff2ffe3291a	piece_balance	0	320	-320
mqr-77d0bff2ffe3291a	bishop_pair	0	0	0
mqr-77d0bff2ffe3291a	mobility	19	-11	30
mqr-77d0bff2ffe3291a	piece_attacks	18	-16	34
mqr-77d0bff2ffe3291a	piece_square	27	57	-30
mqr-77d0bff2ffe3291a	rook_file	0	0	0
mqr-77d0bff2ffe3291a	king_placement	15	12	3
mqr-77d0bff2ffe3291a	pawn_shield	15	14	1
mqr-77d0bff2ffe3291a	king_danger	0	28	-28
mqr-77d0bff2ffe3291a	king_safety_total	0	28	-28
mqr-77d0bff2ffe3291a	pawn_base	-6	-6	0
mqr-77d0bff2ffe3291a	passed_pawn_king_race	0	0	0
mqr-77d0bff2ffe3291a	passed_pawn_minor_accessibility	0	0	0
mqr-77d0bff2ffe3291a	passed_pawn_corridor_safety	0	0	0
mqr-77d0bff2ffe3291a	rook_behind_passed_pawn	0	0	0
mqr-77d0bff2ffe3291a	pawn_structure_total	-6	-6	0
mqr-77d0bff2ffe3291a	rook_connection	0	0	0
mqr-77d0bff2ffe3291a	lone_king_guidance	0	0	0
mqr-77d0bff2ffe3291a	tempo	-16	-16	0
mqr-fda50774b9667480	material	0	0	0
mqr-fda50774b9667480	piece_balance	0	0	0
mqr-fda50774b9667480	bishop_pair	0	0	0
mqr-fda50774b9667480	mobility	-22	8	-30
mqr-fda50774b9667480	piece_attacks	-9	0	-9
mqr-fda50774b9667480	piece_square	33	38	-5
mqr-fda50774b9667480	rook_file	0	0	0
mqr-fda50774b9667480	king_placement	11	11	0
mqr-fda50774b9667480	pawn_shield	13	-11	24
mqr-fda50774b9667480	king_danger	0	-33	33
mqr-fda50774b9667480	king_safety_total	0	-33	33
mqr-fda50774b9667480	pawn_base	0	3	-3
mqr-fda50774b9667480	passed_pawn_king_race	0	0	0
mqr-fda50774b9667480	passed_pawn_minor_accessibility	0	0	0
mqr-fda50774b9667480	passed_pawn_corridor_safety	0	0	0
mqr-fda50774b9667480	rook_behind_passed_pawn	0	0	0
mqr-fda50774b9667480	pawn_structure_total	0	3	-3
mqr-fda50774b9667480	rook_connection	0	0	0
mqr-fda50774b9667480	lone_king_guidance	0	0	0
mqr-fda50774b9667480	tempo	-16	-16	0
mqr-69d31f769b5927c1	material	0	120	-120
mqr-69d31f769b5927c1	piece_balance	0	120	-120
mqr-69d31f769b5927c1	bishop_pair	0	0	0
mqr-69d31f769b5927c1	mobility	84	48	36
mqr-69d31f769b5927c1	piece_attacks	4	4	0
mqr-69d31f769b5927c1	piece_square	-4	-15	11
mqr-69d31f769b5927c1	rook_file	20	20	0
mqr-69d31f769b5927c1	king_placement	0	0	0
mqr-69d31f769b5927c1	pawn_shield	-12	-12	0
mqr-69d31f769b5927c1	king_danger	58	58	0
mqr-69d31f769b5927c1	king_safety_total	58	58	0
mqr-69d31f769b5927c1	pawn_base	70	41	29
mqr-69d31f769b5927c1	passed_pawn_king_race	0	0	0
mqr-69d31f769b5927c1	passed_pawn_minor_accessibility	-1	-7	6
mqr-69d31f769b5927c1	passed_pawn_corridor_safety	0	0	0
mqr-69d31f769b5927c1	rook_behind_passed_pawn	5	5	0
mqr-69d31f769b5927c1	pawn_structure_total	93	61	32
mqr-69d31f769b5927c1	rook_connection	0	0	0
mqr-69d31f769b5927c1	lone_king_guidance	0	0	0
mqr-69d31f769b5927c1	tempo	-16	-16	0
mqr-7e73474829d73542	material	0	0	0
mqr-7e73474829d73542	piece_balance	0	0	0
mqr-7e73474829d73542	bishop_pair	0	0	0
mqr-7e73474829d73542	mobility	24	29	-5
mqr-7e73474829d73542	piece_attacks	0	0	0
mqr-7e73474829d73542	piece_square	44	50	-6
mqr-7e73474829d73542	rook_file	0	0	0
mqr-7e73474829d73542	king_placement	4	4	0
mqr-7e73474829d73542	pawn_shield	15	15	0
mqr-7e73474829d73542	king_danger	0	0	0
mqr-7e73474829d73542	king_safety_total	0	0	0
mqr-7e73474829d73542	pawn_base	2	5	-3
mqr-7e73474829d73542	passed_pawn_king_race	0	0	0
mqr-7e73474829d73542	passed_pawn_minor_accessibility	0	0	0
mqr-7e73474829d73542	passed_pawn_corridor_safety	0	0	0
mqr-7e73474829d73542	rook_behind_passed_pawn	0	0	0
mqr-7e73474829d73542	pawn_structure_total	2	5	-3
mqr-7e73474829d73542	rook_connection	0	0	0
mqr-7e73474829d73542	lone_king_guidance	0	0	0
mqr-7e73474829d73542	tempo	-16	-16	0
mqr-31e82160914fd948	material	43	43	0
mqr-31e82160914fd948	piece_balance	43	43	0
mqr-31e82160914fd948	bishop_pair	88	88	0
mqr-31e82160914fd948	mobility	-101	-13	-88
mqr-31e82160914fd948	piece_attacks	0	45	-45
mqr-31e82160914fd948	piece_square	-121	-91	-30
mqr-31e82160914fd948	rook_file	4	4	0
mqr-31e82160914fd948	king_placement	-6	0	-6
mqr-31e82160914fd948	pawn_shield	10	22	-12
mqr-31e82160914fd948	king_danger	0	0	0
mqr-31e82160914fd948	king_safety_total	0	0	0
mqr-31e82160914fd948	pawn_base	-3	-3	0
mqr-31e82160914fd948	passed_pawn_king_race	0	0	0
mqr-31e82160914fd948	passed_pawn_minor_accessibility	0	0	0
mqr-31e82160914fd948	passed_pawn_corridor_safety	0	0	0
mqr-31e82160914fd948	rook_behind_passed_pawn	0	0	0
mqr-31e82160914fd948	pawn_structure_total	-3	-3	0
mqr-31e82160914fd948	rook_connection	0	0	0
mqr-31e82160914fd948	lone_king_guidance	0	0	0
mqr-31e82160914fd948	tempo	-16	-16	0
mqr-dc7d12d0496c294a	material	-47	-47	0
mqr-dc7d12d0496c294a	piece_balance	-47	-47	0
mqr-dc7d12d0496c294a	bishop_pair	-94	-94	0
mqr-dc7d12d0496c294a	mobility	103	80	23
mqr-dc7d12d0496c294a	piece_attacks	5	0	5
mqr-dc7d12d0496c294a	piece_square	63	81	-18
mqr-dc7d12d0496c294a	rook_file	0	12	-12
mqr-dc7d12d0496c294a	king_placement	0	7	-7
mqr-dc7d12d0496c294a	pawn_shield	0	13	-13
mqr-dc7d12d0496c294a	king_danger	51	59	-8
mqr-dc7d12d0496c294a	king_safety_total	51	59	-8
mqr-dc7d12d0496c294a	pawn_base	-9	-9	0
mqr-dc7d12d0496c294a	passed_pawn_king_race	0	0	0
mqr-dc7d12d0496c294a	passed_pawn_minor_accessibility	0	0	0
mqr-dc7d12d0496c294a	passed_pawn_corridor_safety	0	0	0
mqr-dc7d12d0496c294a	rook_behind_passed_pawn	0	0	0
mqr-dc7d12d0496c294a	pawn_structure_total	-9	-9	0
mqr-dc7d12d0496c294a	rook_connection	0	0	0
mqr-dc7d12d0496c294a	lone_king_guidance	0	0	0
mqr-dc7d12d0496c294a	tempo	-16	-16	0
mqr-495cea97df0ab52d	material	0	0	0
mqr-495cea97df0ab52d	piece_balance	0	0	0
mqr-495cea97df0ab52d	bishop_pair	0	0	0
mqr-495cea97df0ab52d	mobility	-17	-21	4
mqr-495cea97df0ab52d	piece_attacks	22	13	9
mqr-495cea97df0ab52d	piece_square	-6	8	-14
mqr-495cea97df0ab52d	rook_file	0	0	0
mqr-495cea97df0ab52d	king_placement	0	15	-15
mqr-495cea97df0ab52d	pawn_shield	0	15	-15
mqr-495cea97df0ab52d	king_danger	0	0	0
mqr-495cea97df0ab52d	king_safety_total	0	0	0
mqr-495cea97df0ab52d	pawn_base	0	0	0
mqr-495cea97df0ab52d	passed_pawn_king_race	0	0	0
mqr-495cea97df0ab52d	passed_pawn_minor_accessibility	0	0	0
mqr-495cea97df0ab52d	passed_pawn_corridor_safety	0	0	0
mqr-495cea97df0ab52d	rook_behind_passed_pawn	0	0	0
mqr-495cea97df0ab52d	pawn_structure_total	0	0	0
mqr-495cea97df0ab52d	rook_connection	0	0	0
mqr-495cea97df0ab52d	lone_king_guidance	0	0	0
mqr-495cea97df0ab52d	tempo	-16	-16	0
mqr-e33ab47c227e813e	material	-120	-120	0
mqr-e33ab47c227e813e	piece_balance	-120	-120	0
mqr-e33ab47c227e813e	bishop_pair	0	0	0
mqr-e33ab47c227e813e	mobility	25	10	15
mqr-e33ab47c227e813e	piece_attacks	-17	-14	-3
mqr-e33ab47c227e813e	piece_square	39	65	-26
mqr-e33ab47c227e813e	rook_file	0	0	0
mqr-e33ab47c227e813e	king_placement	0	15	-15
mqr-e33ab47c227e813e	pawn_shield	0	15	-15
mqr-e33ab47c227e813e	king_danger	-25	0	-25
mqr-e33ab47c227e813e	king_safety_total	-25	0	-25
mqr-e33ab47c227e813e	pawn_base	0	0	0
mqr-e33ab47c227e813e	passed_pawn_king_race	0	0	0
mqr-e33ab47c227e813e	passed_pawn_minor_accessibility	0	0	0
mqr-e33ab47c227e813e	passed_pawn_corridor_safety	0	0	0
mqr-e33ab47c227e813e	rook_behind_passed_pawn	0	0	0
mqr-e33ab47c227e813e	pawn_structure_total	0	0	0
mqr-e33ab47c227e813e	rook_connection	0	0	0
mqr-e33ab47c227e813e	lone_king_guidance	0	0	0
mqr-e33ab47c227e813e	tempo	-16	-16	0
mqr-451b947ddd4e29a7	material	0	0	0
mqr-451b947ddd4e29a7	piece_balance	0	0	0
mqr-451b947ddd4e29a7	bishop_pair	0	0	0
mqr-451b947ddd4e29a7	mobility	10	-17	27
mqr-451b947ddd4e29a7	piece_attacks	9	9	0
mqr-451b947ddd4e29a7	piece_square	-3	-15	12
mqr-451b947ddd4e29a7	rook_file	-12	-12	0
mqr-451b947ddd4e29a7	king_placement	0	0	0
mqr-451b947ddd4e29a7	pawn_shield	11	11	0
mqr-451b947ddd4e29a7	king_danger	17	17	0
mqr-451b947ddd4e29a7	king_safety_total	17	17	0
mqr-451b947ddd4e29a7	pawn_base	6	6	0
mqr-451b947ddd4e29a7	passed_pawn_king_race	0	0	0
mqr-451b947ddd4e29a7	passed_pawn_minor_accessibility	0	0	0
mqr-451b947ddd4e29a7	passed_pawn_corridor_safety	0	0	0
mqr-451b947ddd4e29a7	rook_behind_passed_pawn	0	0	0
mqr-451b947ddd4e29a7	pawn_structure_total	6	6	0
mqr-451b947ddd4e29a7	rook_connection	0	0	0
mqr-451b947ddd4e29a7	lone_king_guidance	0	0	0
mqr-451b947ddd4e29a7	tempo	-16	-16	0
mqr-c4efdb13dcb14d82	material	0	0	0
mqr-c4efdb13dcb14d82	piece_balance	0	0	0
mqr-c4efdb13dcb14d82	bishop_pair	0	0	0
mqr-c4efdb13dcb14d82	mobility	61	-47	108
mqr-c4efdb13dcb14d82	piece_attacks	98	20	78
mqr-c4efdb13dcb14d82	piece_square	14	31	-17
mqr-c4efdb13dcb14d82	rook_file	-18	-18	0
mqr-c4efdb13dcb14d82	king_placement	1	1	0
mqr-c4efdb13dcb14d82	pawn_shield	0	0	0
mqr-c4efdb13dcb14d82	king_danger	0	0	0
mqr-c4efdb13dcb14d82	king_safety_total	0	0	0
mqr-c4efdb13dcb14d82	pawn_base	11	11	0
mqr-c4efdb13dcb14d82	passed_pawn_king_race	-12	-12	0
mqr-c4efdb13dcb14d82	passed_pawn_minor_accessibility	-5	7	-12
mqr-c4efdb13dcb14d82	passed_pawn_corridor_safety	0	0	0
mqr-c4efdb13dcb14d82	rook_behind_passed_pawn	-8	-8	0
mqr-c4efdb13dcb14d82	pawn_structure_total	63	75	-12
mqr-c4efdb13dcb14d82	rook_connection	0	0	0
mqr-c4efdb13dcb14d82	lone_king_guidance	0	0	0
mqr-c4efdb13dcb14d82	tempo	-30	-30	0
mqr-ef4be537017ff491	material	320	0	320
mqr-ef4be537017ff491	piece_balance	320	0	320
mqr-ef4be537017ff491	bishop_pair	0	0	0
mqr-ef4be537017ff491	mobility	60	42	18
mqr-ef4be537017ff491	piece_attacks	8	0	8
mqr-ef4be537017ff491	piece_square	36	6	30
mqr-ef4be537017ff491	rook_file	0	0	0
mqr-ef4be537017ff491	king_placement	0	0	0
mqr-ef4be537017ff491	pawn_shield	0	0	0
mqr-ef4be537017ff491	king_danger	0	0	0
mqr-ef4be537017ff491	king_safety_total	0	0	0
mqr-ef4be537017ff491	pawn_base	9	9	0
mqr-ef4be537017ff491	passed_pawn_king_race	0	0	0
mqr-ef4be537017ff491	passed_pawn_minor_accessibility	0	0	0
mqr-ef4be537017ff491	passed_pawn_corridor_safety	0	0	0
mqr-ef4be537017ff491	rook_behind_passed_pawn	0	0	0
mqr-ef4be537017ff491	pawn_structure_total	9	9	0
mqr-ef4be537017ff491	rook_connection	0	0	0
mqr-ef4be537017ff491	lone_king_guidance	0	0	0
mqr-ef4be537017ff491	tempo	-16	-16	0
mqr-7590b3c12c59316a	material	-120	200	-320
mqr-7590b3c12c59316a	piece_balance	-120	200	-320
mqr-7590b3c12c59316a	bishop_pair	0	0	0
mqr-7590b3c12c59316a	mobility	36	62	-26
mqr-7590b3c12c59316a	piece_attacks	-8	-36	28
mqr-7590b3c12c59316a	piece_square	4	82	-78
mqr-7590b3c12c59316a	rook_file	0	0	0
mqr-7590b3c12c59316a	king_placement	0	0	0
mqr-7590b3c12c59316a	pawn_shield	0	0	0
mqr-7590b3c12c59316a	king_danger	0	51	-51
mqr-7590b3c12c59316a	king_safety_total	0	51	-51
mqr-7590b3c12c59316a	pawn_base	77	75	2
mqr-7590b3c12c59316a	passed_pawn_king_race	0	0	0
mqr-7590b3c12c59316a	passed_pawn_minor_accessibility	0	0	0
mqr-7590b3c12c59316a	passed_pawn_corridor_safety	0	0	0
mqr-7590b3c12c59316a	rook_behind_passed_pawn	0	0	0
mqr-7590b3c12c59316a	pawn_structure_total	77	75	2
mqr-7590b3c12c59316a	rook_connection	0	0	0
mqr-7590b3c12c59316a	lone_king_guidance	0	0	0
mqr-7590b3c12c59316a	tempo	-18	-20	2
mqr-c497558a90b9bd24	material	0	0	0
mqr-c497558a90b9bd24	piece_balance	0	0	0
mqr-c497558a90b9bd24	bishop_pair	0	0	0
mqr-c497558a90b9bd24	mobility	33	71	-38
mqr-c497558a90b9bd24	piece_attacks	0	0	0
mqr-c497558a90b9bd24	piece_square	14	46	-32
mqr-c497558a90b9bd24	rook_file	0	0	0
mqr-c497558a90b9bd24	king_placement	0	0	0
mqr-c497558a90b9bd24	pawn_shield	0	0	0
mqr-c497558a90b9bd24	king_danger	15	79	-64
mqr-c497558a90b9bd24	king_safety_total	15	79	-64
mqr-c497558a90b9bd24	pawn_base	6	6	0
mqr-c497558a90b9bd24	passed_pawn_king_race	0	0	0
mqr-c497558a90b9bd24	passed_pawn_minor_accessibility	0	0	0
mqr-c497558a90b9bd24	passed_pawn_corridor_safety	0	0	0
mqr-c497558a90b9bd24	rook_behind_passed_pawn	0	0	0
mqr-c497558a90b9bd24	pawn_structure_total	6	6	0
mqr-c497558a90b9bd24	rook_connection	0	0	0
mqr-c497558a90b9bd24	lone_king_guidance	0	0	0
mqr-c497558a90b9bd24	tempo	-16	-16	0
mqr-8f4ec00a04fc8118	material	0	120	-120
mqr-8f4ec00a04fc8118	piece_balance	0	120	-120
mqr-8f4ec00a04fc8118	bishop_pair	0	0	0
mqr-8f4ec00a04fc8118	mobility	7	-39	46
mqr-8f4ec00a04fc8118	piece_attacks	33	13	20
mqr-8f4ec00a04fc8118	piece_square	10	-16	26
mqr-8f4ec00a04fc8118	rook_file	0	0	0
mqr-8f4ec00a04fc8118	king_placement	15	15	0
mqr-8f4ec00a04fc8118	pawn_shield	31	22	9
mqr-8f4ec00a04fc8118	king_danger	0	0	0
mqr-8f4ec00a04fc8118	king_safety_total	0	0	0
mqr-8f4ec00a04fc8118	pawn_base	-23	-30	7
mqr-8f4ec00a04fc8118	passed_pawn_king_race	0	0	0
mqr-8f4ec00a04fc8118	passed_pawn_minor_accessibility	0	0	0
mqr-8f4ec00a04fc8118	passed_pawn_corridor_safety	0	0	0
mqr-8f4ec00a04fc8118	rook_behind_passed_pawn	0	0	0
mqr-8f4ec00a04fc8118	pawn_structure_total	-23	-30	7
mqr-8f4ec00a04fc8118	rook_connection	0	0	0
mqr-8f4ec00a04fc8118	lone_king_guidance	0	0	0
mqr-8f4ec00a04fc8118	tempo	-16	-16	0
mqr-ea40fd2c41bb3679	material	43	43	0
mqr-ea40fd2c41bb3679	piece_balance	43	43	0
mqr-ea40fd2c41bb3679	bishop_pair	88	88	0
mqr-ea40fd2c41bb3679	mobility	-209	-214	5
mqr-ea40fd2c41bb3679	piece_attacks	-64	-48	-16
mqr-ea40fd2c41bb3679	piece_square	-38	-60	22
mqr-ea40fd2c41bb3679	rook_file	0	4	-4
mqr-ea40fd2c41bb3679	king_placement	0	0	0
mqr-ea40fd2c41bb3679	pawn_shield	0	0	0
mqr-ea40fd2c41bb3679	king_danger	0	0	0
mqr-ea40fd2c41bb3679	king_safety_total	0	0	0
mqr-ea40fd2c41bb3679	pawn_base	10	10	0
mqr-ea40fd2c41bb3679	passed_pawn_king_race	0	0	0
mqr-ea40fd2c41bb3679	passed_pawn_minor_accessibility	0	0	0
mqr-ea40fd2c41bb3679	passed_pawn_corridor_safety	0	0	0
mqr-ea40fd2c41bb3679	rook_behind_passed_pawn	0	0	0
mqr-ea40fd2c41bb3679	pawn_structure_total	10	10	0
mqr-ea40fd2c41bb3679	rook_connection	0	0	0
mqr-ea40fd2c41bb3679	lone_king_guidance	0	0	0
mqr-ea40fd2c41bb3679	tempo	-16	-16	0
mqr-d476f67d83470966	material	-120	-120	0
mqr-d476f67d83470966	piece_balance	-120	-120	0
mqr-d476f67d83470966	bishop_pair	0	0	0
mqr-d476f67d83470966	mobility	75	95	-20
mqr-d476f67d83470966	piece_attacks	-8	1	-9
mqr-d476f67d83470966	piece_square	65	58	7
mqr-d476f67d83470966	rook_file	-4	-4	0
mqr-d476f67d83470966	king_placement	2	2	0
mqr-d476f67d83470966	pawn_shield	0	0	0
mqr-d476f67d83470966	king_danger	140	87	53
mqr-d476f67d83470966	king_safety_total	140	87	53
mqr-d476f67d83470966	pawn_base	0	0	0
mqr-d476f67d83470966	passed_pawn_king_race	0	0	0
mqr-d476f67d83470966	passed_pawn_minor_accessibility	0	0	0
mqr-d476f67d83470966	passed_pawn_corridor_safety	0	0	0
mqr-d476f67d83470966	rook_behind_passed_pawn	0	0	0
mqr-d476f67d83470966	pawn_structure_total	0	0	0
mqr-d476f67d83470966	rook_connection	0	0	0
mqr-d476f67d83470966	lone_king_guidance	0	0	0
mqr-d476f67d83470966	tempo	-16	-16	0
mqr-3b2ef8e196b78289	material	120	0	120
mqr-3b2ef8e196b78289	piece_balance	120	0	120
mqr-3b2ef8e196b78289	bishop_pair	0	0	0
mqr-3b2ef8e196b78289	mobility	28	31	-3
mqr-3b2ef8e196b78289	piece_attacks	-13	0	-13
mqr-3b2ef8e196b78289	piece_square	-44	-18	-26
mqr-3b2ef8e196b78289	rook_file	0	4	-4
mqr-3b2ef8e196b78289	king_placement	0	0	0
mqr-3b2ef8e196b78289	pawn_shield	0	-24	24
mqr-3b2ef8e196b78289	king_danger	7	0	7
mqr-3b2ef8e196b78289	king_safety_total	7	0	7
mqr-3b2ef8e196b78289	pawn_base	2	45	-43
mqr-3b2ef8e196b78289	passed_pawn_king_race	0	0	0
mqr-3b2ef8e196b78289	passed_pawn_minor_accessibility	0	0	0
mqr-3b2ef8e196b78289	passed_pawn_corridor_safety	0	0	0
mqr-3b2ef8e196b78289	rook_behind_passed_pawn	0	0	0
mqr-3b2ef8e196b78289	pawn_structure_total	2	45	-43
mqr-3b2ef8e196b78289	rook_connection	0	0	0
mqr-3b2ef8e196b78289	lone_king_guidance	0	0	0
mqr-3b2ef8e196b78289	tempo	-16	-16	0
mqr-0db8aae5a66b7b3c	material	120	120	0
mqr-0db8aae5a66b7b3c	piece_balance	120	120	0
mqr-0db8aae5a66b7b3c	bishop_pair	0	0	0
mqr-0db8aae5a66b7b3c	mobility	-95	-121	26
mqr-0db8aae5a66b7b3c	piece_attacks	2	-35	37
mqr-0db8aae5a66b7b3c	piece_square	-61	-54	-7
mqr-0db8aae5a66b7b3c	rook_file	-10	-10	0
mqr-0db8aae5a66b7b3c	king_placement	-3	-3	0
mqr-0db8aae5a66b7b3c	pawn_shield	-10	-10	0
mqr-0db8aae5a66b7b3c	king_danger	-40	10	-50
mqr-0db8aae5a66b7b3c	king_safety_total	-40	10	-50
mqr-0db8aae5a66b7b3c	pawn_base	8	8	0
mqr-0db8aae5a66b7b3c	passed_pawn_king_race	0	0	0
mqr-0db8aae5a66b7b3c	passed_pawn_minor_accessibility	0	0	0
mqr-0db8aae5a66b7b3c	passed_pawn_corridor_safety	0	9	-9
mqr-0db8aae5a66b7b3c	rook_behind_passed_pawn	6	6	0
mqr-0db8aae5a66b7b3c	pawn_structure_total	24	33	-9
mqr-0db8aae5a66b7b3c	rook_connection	0	0	0
mqr-0db8aae5a66b7b3c	lone_king_guidance	0	0	0
mqr-0db8aae5a66b7b3c	tempo	-18	-18	0
mqr-32dcc92c65421940	material	0	0	0
mqr-32dcc92c65421940	piece_balance	0	0	0
mqr-32dcc92c65421940	bishop_pair	0	0	0
mqr-32dcc92c65421940	mobility	9	2	7
mqr-32dcc92c65421940	piece_attacks	4	9	-5
mqr-32dcc92c65421940	piece_square	15	-18	33
mqr-32dcc92c65421940	rook_file	0	0	0
mqr-32dcc92c65421940	king_placement	9	0	9
mqr-32dcc92c65421940	pawn_shield	12	0	12
mqr-32dcc92c65421940	king_danger	21	17	4
mqr-32dcc92c65421940	king_safety_total	21	17	4
mqr-32dcc92c65421940	pawn_base	-22	-22	0
mqr-32dcc92c65421940	passed_pawn_king_race	0	0	0
mqr-32dcc92c65421940	passed_pawn_minor_accessibility	0	0	0
mqr-32dcc92c65421940	passed_pawn_corridor_safety	0	0	0
mqr-32dcc92c65421940	rook_behind_passed_pawn	0	0	0
mqr-32dcc92c65421940	pawn_structure_total	-22	-22	0
mqr-32dcc92c65421940	rook_connection	0	0	0
mqr-32dcc92c65421940	lone_king_guidance	0	0	0
mqr-32dcc92c65421940	tempo	-16	-16	0
mqr-29c765e9fd74d869	material	277	-43	320
mqr-29c765e9fd74d869	piece_balance	277	-43	320
mqr-29c765e9fd74d869	bishop_pair	0	0	0
mqr-29c765e9fd74d869	mobility	132	89	43
mqr-29c765e9fd74d869	piece_attacks	-5	-13	8
mqr-29c765e9fd74d869	piece_square	95	42	53
mqr-29c765e9fd74d869	rook_file	24	24	0
mqr-29c765e9fd74d869	king_placement	-3	-5	2
mqr-29c765e9fd74d869	pawn_shield	0	0	0
mqr-29c765e9fd74d869	king_danger	0	0	0
mqr-29c765e9fd74d869	king_safety_total	0	0	0
mqr-29c765e9fd74d869	pawn_base	3	3	0
mqr-29c765e9fd74d869	passed_pawn_king_race	0	0	0
mqr-29c765e9fd74d869	passed_pawn_minor_accessibility	0	0	0
mqr-29c765e9fd74d869	passed_pawn_corridor_safety	0	0	0
mqr-29c765e9fd74d869	rook_behind_passed_pawn	0	0	0
mqr-29c765e9fd74d869	pawn_structure_total	3	3	0
mqr-29c765e9fd74d869	rook_connection	0	0	0
mqr-29c765e9fd74d869	lone_king_guidance	0	0	0
mqr-29c765e9fd74d869	tempo	-16	-16	0
mqr-a139839363fc6cb5	material	-43	-43	0
mqr-a139839363fc6cb5	piece_balance	-43	-43	0
mqr-a139839363fc6cb5	bishop_pair	-88	-88	0
mqr-a139839363fc6cb5	mobility	183	59	124
mqr-a139839363fc6cb5	piece_attacks	54	-4	58
mqr-a139839363fc6cb5	piece_square	109	96	13
mqr-a139839363fc6cb5	rook_file	-4	-4	0
mqr-a139839363fc6cb5	king_placement	0	0	0
mqr-a139839363fc6cb5	pawn_shield	0	-24	24
mqr-a139839363fc6cb5	king_danger	25	0	25
mqr-a139839363fc6cb5	king_safety_total	25	0	25
mqr-a139839363fc6cb5	pawn_base	9	7	2
mqr-a139839363fc6cb5	passed_pawn_king_race	0	0	0
mqr-a139839363fc6cb5	passed_pawn_minor_accessibility	0	0	0
mqr-a139839363fc6cb5	passed_pawn_corridor_safety	0	0	0
mqr-a139839363fc6cb5	rook_behind_passed_pawn	0	0	0
mqr-a139839363fc6cb5	pawn_structure_total	9	7	2
mqr-a139839363fc6cb5	rook_connection	0	0	0
mqr-a139839363fc6cb5	lone_king_guidance	0	0	0
mqr-a139839363fc6cb5	tempo	-16	-16	0
mqr-6f34f37310742790	material	-120	-120	0
mqr-6f34f37310742790	piece_balance	-120	-120	0
mqr-6f34f37310742790	bishop_pair	0	0	0
mqr-6f34f37310742790	mobility	-36	-44	8
mqr-6f34f37310742790	piece_attacks	0	0	0
mqr-6f34f37310742790	piece_square	20	20	0
mqr-6f34f37310742790	rook_file	-18	-18	0
mqr-6f34f37310742790	king_placement	6	6	0
mqr-6f34f37310742790	pawn_shield	0	0	0
mqr-6f34f37310742790	king_danger	0	0	0
mqr-6f34f37310742790	king_safety_total	0	0	0
mqr-6f34f37310742790	pawn_base	-11	0	-11
mqr-6f34f37310742790	passed_pawn_king_race	0	0	0
mqr-6f34f37310742790	passed_pawn_minor_accessibility	0	0	0
mqr-6f34f37310742790	passed_pawn_corridor_safety	0	0	0
mqr-6f34f37310742790	rook_behind_passed_pawn	0	0	0
mqr-6f34f37310742790	pawn_structure_total	-11	0	-11
mqr-6f34f37310742790	rook_connection	0	0	0
mqr-6f34f37310742790	lone_king_guidance	0	0	0
mqr-6f34f37310742790	tempo	-30	-30	0
mqr-de15fcdc40be3424	material	0	0	0
mqr-de15fcdc40be3424	piece_balance	0	0	0
mqr-de15fcdc40be3424	bishop_pair	0	0	0
mqr-de15fcdc40be3424	mobility	-13	34	-47
mqr-de15fcdc40be3424	piece_attacks	-9	0	-9
mqr-de15fcdc40be3424	piece_square	-33	-21	-12
mqr-de15fcdc40be3424	rook_file	0	0	0
mqr-de15fcdc40be3424	king_placement	-11	-11	0
mqr-de15fcdc40be3424	pawn_shield	-19	-19	0
mqr-de15fcdc40be3424	king_danger	0	0	0
mqr-de15fcdc40be3424	king_safety_total	0	0	0
mqr-de15fcdc40be3424	pawn_base	41	41	0
mqr-de15fcdc40be3424	passed_pawn_king_race	0	0	0
mqr-de15fcdc40be3424	passed_pawn_minor_accessibility	0	0	0
mqr-de15fcdc40be3424	passed_pawn_corridor_safety	0	0	0
mqr-de15fcdc40be3424	rook_behind_passed_pawn	0	0	0
mqr-de15fcdc40be3424	pawn_structure_total	41	41	0
mqr-de15fcdc40be3424	rook_connection	0	0	0
mqr-de15fcdc40be3424	lone_king_guidance	0	0	0
mqr-de15fcdc40be3424	tempo	-16	-16	0
mqr-71749f6dcbcbd592	material	-240	-120	-120
mqr-71749f6dcbcbd592	piece_balance	-240	-120	-120
mqr-71749f6dcbcbd592	bishop_pair	0	0	0
mqr-71749f6dcbcbd592	mobility	73	-23	96
mqr-71749f6dcbcbd592	piece_attacks	58	0	58
mqr-71749f6dcbcbd592	piece_square	5	9	-4
mqr-71749f6dcbcbd592	rook_file	-2	-2	0
mqr-71749f6dcbcbd592	king_placement	12	12	0
mqr-71749f6dcbcbd592	pawn_shield	0	0	0
mqr-71749f6dcbcbd592	king_danger	-4	-3	-1
mqr-71749f6dcbcbd592	king_safety_total	-4	-3	-1
mqr-71749f6dcbcbd592	pawn_base	-4	-4	0
mqr-71749f6dcbcbd592	passed_pawn_king_race	0	0	0
mqr-71749f6dcbcbd592	passed_pawn_minor_accessibility	0	0	0
mqr-71749f6dcbcbd592	passed_pawn_corridor_safety	0	0	0
mqr-71749f6dcbcbd592	rook_behind_passed_pawn	0	0	0
mqr-71749f6dcbcbd592	pawn_structure_total	-29	-14	-15
mqr-71749f6dcbcbd592	rook_connection	0	0	0
mqr-71749f6dcbcbd592	lone_king_guidance	0	0	0
mqr-71749f6dcbcbd592	tempo	-41	-41	0
mqr-c578041f0fcd9d6a	material	75	-43	118
mqr-c578041f0fcd9d6a	piece_balance	75	-43	118
mqr-c578041f0fcd9d6a	bishop_pair	-91	-88	-3
mqr-c578041f0fcd9d6a	mobility	99	137	-38
mqr-c578041f0fcd9d6a	piece_attacks	-4	9	-13
mqr-c578041f0fcd9d6a	piece_square	96	118	-22
mqr-c578041f0fcd9d6a	rook_file	-4	0	-4
mqr-c578041f0fcd9d6a	king_placement	0	0	0
mqr-c578041f0fcd9d6a	pawn_shield	0	0	0
mqr-c578041f0fcd9d6a	king_danger	0	0	0
mqr-c578041f0fcd9d6a	king_safety_total	0	0	0
mqr-c578041f0fcd9d6a	pawn_base	-39	-7	-32
mqr-c578041f0fcd9d6a	passed_pawn_king_race	0	0	0
mqr-c578041f0fcd9d6a	passed_pawn_minor_accessibility	2	-3	5
mqr-c578041f0fcd9d6a	passed_pawn_corridor_safety	0	0	0
mqr-c578041f0fcd9d6a	rook_behind_passed_pawn	0	0	0
mqr-c578041f0fcd9d6a	pawn_structure_total	-16	-27	11
mqr-c578041f0fcd9d6a	rook_connection	0	0	0
mqr-c578041f0fcd9d6a	lone_king_guidance	0	0	0
mqr-c578041f0fcd9d6a	tempo	-16	-16	0
mqr-88549acd2d4c586f	material	-43	-43	0
mqr-88549acd2d4c586f	piece_balance	-43	-43	0
mqr-88549acd2d4c586f	bishop_pair	-88	-88	0
mqr-88549acd2d4c586f	mobility	3	29	-26
mqr-88549acd2d4c586f	piece_attacks	0	0	0
mqr-88549acd2d4c586f	piece_square	16	19	-3
mqr-88549acd2d4c586f	rook_file	4	4	0
mqr-88549acd2d4c586f	king_placement	0	0	0
mqr-88549acd2d4c586f	pawn_shield	0	0	0
mqr-88549acd2d4c586f	king_danger	0	0	0
mqr-88549acd2d4c586f	king_safety_total	0	0	0
mqr-88549acd2d4c586f	pawn_base	23	23	0
mqr-88549acd2d4c586f	passed_pawn_king_race	0	0	0
mqr-88549acd2d4c586f	passed_pawn_minor_accessibility	0	0	0
mqr-88549acd2d4c586f	passed_pawn_corridor_safety	0	0	0
mqr-88549acd2d4c586f	rook_behind_passed_pawn	0	0	0
mqr-88549acd2d4c586f	pawn_structure_total	23	23	0
mqr-88549acd2d4c586f	rook_connection	0	0	0
mqr-88549acd2d4c586f	lone_king_guidance	0	0	0
mqr-88549acd2d4c586f	tempo	-16	-16	0
mqr-088b515dd4e83799	material	0	0	0
mqr-088b515dd4e83799	piece_balance	0	0	0
mqr-088b515dd4e83799	bishop_pair	0	0	0
mqr-088b515dd4e83799	mobility	150	14	136
mqr-088b515dd4e83799	piece_attacks	82	0	82
mqr-088b515dd4e83799	piece_square	16	7	9
mqr-088b515dd4e83799	rook_file	0	-4	4
mqr-088b515dd4e83799	king_placement	-6	-6	0
mqr-088b515dd4e83799	pawn_shield	-13	-13	0
mqr-088b515dd4e83799	king_danger	0	0	0
mqr-088b515dd4e83799	king_safety_total	0	0	0
mqr-088b515dd4e83799	pawn_base	9	9	0
mqr-088b515dd4e83799	passed_pawn_king_race	0	0	0
mqr-088b515dd4e83799	passed_pawn_minor_accessibility	0	0	0
mqr-088b515dd4e83799	passed_pawn_corridor_safety	0	0	0
mqr-088b515dd4e83799	rook_behind_passed_pawn	0	0	0
mqr-088b515dd4e83799	pawn_structure_total	9	9	0
mqr-088b515dd4e83799	rook_connection	0	0	0
mqr-088b515dd4e83799	lone_king_guidance	0	0	0
mqr-088b515dd4e83799	tempo	-16	-16	0
mqr-6abe9ec0b54d21fb	material	-120	-120	0
mqr-6abe9ec0b54d21fb	piece_balance	-120	-120	0
mqr-6abe9ec0b54d21fb	bishop_pair	0	0	0
mqr-6abe9ec0b54d21fb	mobility	56	15	41
mqr-6abe9ec0b54d21fb	piece_attacks	5	0	5
mqr-6abe9ec0b54d21fb	piece_square	42	47	-5
mqr-6abe9ec0b54d21fb	rook_file	0	0	0
mqr-6abe9ec0b54d21fb	king_placement	0	0	0
mqr-6abe9ec0b54d21fb	pawn_shield	0	0	0
mqr-6abe9ec0b54d21fb	king_danger	0	0	0
mqr-6abe9ec0b54d21fb	king_safety_total	0	0	0
mqr-6abe9ec0b54d21fb	pawn_base	-36	-36	0
mqr-6abe9ec0b54d21fb	passed_pawn_king_race	0	0	0
mqr-6abe9ec0b54d21fb	passed_pawn_minor_accessibility	0	0	0
mqr-6abe9ec0b54d21fb	passed_pawn_corridor_safety	0	0	0
mqr-6abe9ec0b54d21fb	rook_behind_passed_pawn	0	0	0
mqr-6abe9ec0b54d21fb	pawn_structure_total	-51	-51	0
mqr-6abe9ec0b54d21fb	rook_connection	0	0	0
mqr-6abe9ec0b54d21fb	lone_king_guidance	0	0	0
mqr-6abe9ec0b54d21fb	tempo	-16	-16	0
mqr-b9e01b944a62dc19	material	-51	-51	0
mqr-b9e01b944a62dc19	piece_balance	-51	-51	0
mqr-b9e01b944a62dc19	bishop_pair	-100	-100	0
mqr-b9e01b944a62dc19	mobility	-60	-76	16
mqr-b9e01b944a62dc19	piece_attacks	-16	0	-16
mqr-b9e01b944a62dc19	piece_square	35	5	30
mqr-b9e01b944a62dc19	rook_file	14	14	0
mqr-b9e01b944a62dc19	king_placement	0	0	0
mqr-b9e01b944a62dc19	pawn_shield	0	0	0
mqr-b9e01b944a62dc19	king_danger	-24	-25	1
mqr-b9e01b944a62dc19	king_safety_total	-24	-25	1
mqr-b9e01b944a62dc19	pawn_base	-3	-3	0
mqr-b9e01b944a62dc19	passed_pawn_king_race	0	0	0
mqr-b9e01b944a62dc19	passed_pawn_minor_accessibility	0	0	0
mqr-b9e01b944a62dc19	passed_pawn_corridor_safety	0	0	0
mqr-b9e01b944a62dc19	rook_behind_passed_pawn	0	0	0
mqr-b9e01b944a62dc19	pawn_structure_total	-3	-3	0
mqr-b9e01b944a62dc19	rook_connection	0	0	0
mqr-b9e01b944a62dc19	lone_king_guidance	0	0	0
mqr-b9e01b944a62dc19	tempo	-24	-24	0
mqr-4941d2d95a4e2207	material	0	0	0
mqr-4941d2d95a4e2207	piece_balance	0	0	0
mqr-4941d2d95a4e2207	bishop_pair	0	0	0
mqr-4941d2d95a4e2207	mobility	72	69	3
mqr-4941d2d95a4e2207	piece_attacks	0	0	0
mqr-4941d2d95a4e2207	piece_square	-18	-32	14
mqr-4941d2d95a4e2207	rook_file	0	0	0
mqr-4941d2d95a4e2207	king_placement	0	0	0
mqr-4941d2d95a4e2207	pawn_shield	-29	0	-29
mqr-4941d2d95a4e2207	king_danger	0	0	0
mqr-4941d2d95a4e2207	king_safety_total	0	0	0
mqr-4941d2d95a4e2207	pawn_base	8	8	0
mqr-4941d2d95a4e2207	passed_pawn_king_race	0	0	0
mqr-4941d2d95a4e2207	passed_pawn_minor_accessibility	0	0	0
mqr-4941d2d95a4e2207	passed_pawn_corridor_safety	0	0	0
mqr-4941d2d95a4e2207	rook_behind_passed_pawn	0	0	0
mqr-4941d2d95a4e2207	pawn_structure_total	8	8	0
mqr-4941d2d95a4e2207	rook_connection	0	0	0
mqr-4941d2d95a4e2207	lone_king_guidance	0	0	0
mqr-4941d2d95a4e2207	tempo	-16	-16	0
mqr-cc99c66ee0077eb3	material	-120	-120	0
mqr-cc99c66ee0077eb3	piece_balance	-120	-120	0
mqr-cc99c66ee0077eb3	bishop_pair	0	0	0
mqr-cc99c66ee0077eb3	mobility	1	21	-20
mqr-cc99c66ee0077eb3	piece_attacks	9	9	0
mqr-cc99c66ee0077eb3	piece_square	-34	-20	-14
mqr-cc99c66ee0077eb3	rook_file	0	0	0
mqr-cc99c66ee0077eb3	king_placement	0	0	0
mqr-cc99c66ee0077eb3	pawn_shield	0	0	0
mqr-cc99c66ee0077eb3	king_danger	31	30	1
mqr-cc99c66ee0077eb3	king_safety_total	31	30	1
mqr-cc99c66ee0077eb3	pawn_base	0	0	0
mqr-cc99c66ee0077eb3	passed_pawn_king_race	0	0	0
mqr-cc99c66ee0077eb3	passed_pawn_minor_accessibility	0	0	0
mqr-cc99c66ee0077eb3	passed_pawn_corridor_safety	0	0	0
mqr-cc99c66ee0077eb3	rook_behind_passed_pawn	0	0	0
mqr-cc99c66ee0077eb3	pawn_structure_total	0	0	0
mqr-cc99c66ee0077eb3	rook_connection	0	0	0
mqr-cc99c66ee0077eb3	lone_king_guidance	0	0	0
mqr-cc99c66ee0077eb3	tempo	-16	-16	0
mqr-a152ae3cf93fb94c	material	43	43	0
mqr-a152ae3cf93fb94c	piece_balance	43	43	0
mqr-a152ae3cf93fb94c	bishop_pair	88	88	0
mqr-a152ae3cf93fb94c	mobility	-7	50	-57
mqr-a152ae3cf93fb94c	piece_attacks	5	8	-3
mqr-a152ae3cf93fb94c	piece_square	-42	-23	-19
mqr-a152ae3cf93fb94c	rook_file	28	28	0
mqr-a152ae3cf93fb94c	king_placement	0	0	0
mqr-a152ae3cf93fb94c	pawn_shield	-38	-38	0
mqr-a152ae3cf93fb94c	king_danger	0	0	0
mqr-a152ae3cf93fb94c	king_safety_total	0	0	0
mqr-a152ae3cf93fb94c	pawn_base	11	11	0
mqr-a152ae3cf93fb94c	passed_pawn_king_race	0	0	0
mqr-a152ae3cf93fb94c	passed_pawn_minor_accessibility	-3	-3	0
mqr-a152ae3cf93fb94c	passed_pawn_corridor_safety	0	0	0
mqr-a152ae3cf93fb94c	rook_behind_passed_pawn	0	0	0
mqr-a152ae3cf93fb94c	pawn_structure_total	-12	-12	0
mqr-a152ae3cf93fb94c	rook_connection	0	0	0
mqr-a152ae3cf93fb94c	lone_king_guidance	0	0	0
mqr-a152ae3cf93fb94c	tempo	-16	-16	0
mqr-05537fca079f71d3	material	0	0	0
mqr-05537fca079f71d3	piece_balance	0	0	0
mqr-05537fca079f71d3	bishop_pair	0	0	0
mqr-05537fca079f71d3	mobility	-51	-71	20
mqr-05537fca079f71d3	piece_attacks	-9	-18	9
mqr-05537fca079f71d3	piece_square	-24	-28	4
mqr-05537fca079f71d3	rook_file	4	4	0
mqr-05537fca079f71d3	king_placement	-4	-4	0
mqr-05537fca079f71d3	pawn_shield	-15	-15	0
mqr-05537fca079f71d3	king_danger	0	0	0
mqr-05537fca079f71d3	king_safety_total	0	0	0
mqr-05537fca079f71d3	pawn_base	16	16	0
mqr-05537fca079f71d3	passed_pawn_king_race	0	0	0
mqr-05537fca079f71d3	passed_pawn_minor_accessibility	0	0	0
mqr-05537fca079f71d3	passed_pawn_corridor_safety	0	0	0
mqr-05537fca079f71d3	rook_behind_passed_pawn	0	0	0
mqr-05537fca079f71d3	pawn_structure_total	16	16	0
mqr-05537fca079f71d3	rook_connection	0	0	0
mqr-05537fca079f71d3	lone_king_guidance	0	0	0
mqr-05537fca079f71d3	tempo	-16	-16	0
mqr-7adf9cbcb45f41bb	material	0	0	0
mqr-7adf9cbcb45f41bb	piece_balance	0	0	0
mqr-7adf9cbcb45f41bb	bishop_pair	0	0	0
mqr-7adf9cbcb45f41bb	mobility	-53	-47	-6
mqr-7adf9cbcb45f41bb	piece_attacks	0	0	0
mqr-7adf9cbcb45f41bb	piece_square	-35	-24	-11
mqr-7adf9cbcb45f41bb	rook_file	0	0	0
mqr-7adf9cbcb45f41bb	king_placement	0	0	0
mqr-7adf9cbcb45f41bb	pawn_shield	0	0	0
mqr-7adf9cbcb45f41bb	king_danger	0	-2	2
mqr-7adf9cbcb45f41bb	king_safety_total	0	-2	2
mqr-7adf9cbcb45f41bb	pawn_base	0	0	0
mqr-7adf9cbcb45f41bb	passed_pawn_king_race	0	0	0
mqr-7adf9cbcb45f41bb	passed_pawn_minor_accessibility	0	0	0
mqr-7adf9cbcb45f41bb	passed_pawn_corridor_safety	0	0	0
mqr-7adf9cbcb45f41bb	rook_behind_passed_pawn	0	0	0
mqr-7adf9cbcb45f41bb	pawn_structure_total	0	0	0
mqr-7adf9cbcb45f41bb	rook_connection	0	0	0
mqr-7adf9cbcb45f41bb	lone_king_guidance	0	0	0
mqr-7adf9cbcb45f41bb	tempo	-16	-16	0
mqr-4f314c56f110c038	material	0	120	-120
mqr-4f314c56f110c038	piece_balance	0	120	-120
mqr-4f314c56f110c038	bishop_pair	0	0	0
mqr-4f314c56f110c038	mobility	-21	-38	17
mqr-4f314c56f110c038	piece_attacks	0	-13	13
mqr-4f314c56f110c038	piece_square	19	-19	38
mqr-4f314c56f110c038	rook_file	0	0	0
mqr-4f314c56f110c038	king_placement	0	0	0
mqr-4f314c56f110c038	pawn_shield	0	0	0
mqr-4f314c56f110c038	king_danger	-25	-25	0
mqr-4f314c56f110c038	king_safety_total	-25	-25	0
mqr-4f314c56f110c038	pawn_base	-3	-13	10
mqr-4f314c56f110c038	passed_pawn_king_race	0	0	0
mqr-4f314c56f110c038	passed_pawn_minor_accessibility	0	0	0
mqr-4f314c56f110c038	passed_pawn_corridor_safety	0	0	0
mqr-4f314c56f110c038	rook_behind_passed_pawn	0	0	0
mqr-4f314c56f110c038	pawn_structure_total	-3	-13	10
mqr-4f314c56f110c038	rook_connection	0	0	0
mqr-4f314c56f110c038	lone_king_guidance	0	0	0
mqr-4f314c56f110c038	tempo	-16	-16	0
mqr-a5113d426a5b43d1	material	-120	-120	0
mqr-a5113d426a5b43d1	piece_balance	-120	-120	0
mqr-a5113d426a5b43d1	bishop_pair	0	0	0
mqr-a5113d426a5b43d1	mobility	114	78	36
mqr-a5113d426a5b43d1	piece_attacks	9	0	9
mqr-a5113d426a5b43d1	piece_square	63	45	18
mqr-a5113d426a5b43d1	rook_file	16	16	0
mqr-a5113d426a5b43d1	king_placement	0	0	0
mqr-a5113d426a5b43d1	pawn_shield	0	0	0
mqr-a5113d426a5b43d1	king_danger	15	0	15
mqr-a5113d426a5b43d1	king_safety_total	15	0	15
mqr-a5113d426a5b43d1	pawn_base	-12	-12	0
mqr-a5113d426a5b43d1	passed_pawn_king_race	0	0	0
mqr-a5113d426a5b43d1	passed_pawn_minor_accessibility	3	2	1
mqr-a5113d426a5b43d1	passed_pawn_corridor_safety	0	0	0
mqr-a5113d426a5b43d1	rook_behind_passed_pawn	0	0	0
mqr-a5113d426a5b43d1	pawn_structure_total	-19	-19	0
mqr-a5113d426a5b43d1	rook_connection	0	0	0
mqr-a5113d426a5b43d1	lone_king_guidance	0	0	0
mqr-a5113d426a5b43d1	tempo	-16	-16	0
mqr-b2b1d091c68dbcda	material	0	0	0
mqr-b2b1d091c68dbcda	piece_balance	0	0	0
mqr-b2b1d091c68dbcda	bishop_pair	0	0	0
mqr-b2b1d091c68dbcda	mobility	-47	-50	3
mqr-b2b1d091c68dbcda	piece_attacks	-9	-9	0
mqr-b2b1d091c68dbcda	piece_square	-18	-32	14
mqr-b2b1d091c68dbcda	rook_file	8	20	-12
mqr-b2b1d091c68dbcda	king_placement	8	0	8
mqr-b2b1d091c68dbcda	pawn_shield	-11	-20	9
mqr-b2b1d091c68dbcda	king_danger	-24	0	-24
mqr-b2b1d091c68dbcda	king_safety_total	-24	0	-24
mqr-b2b1d091c68dbcda	pawn_base	-15	-15	0
mqr-b2b1d091c68dbcda	passed_pawn_king_race	0	0	0
mqr-b2b1d091c68dbcda	passed_pawn_minor_accessibility	0	0	0
mqr-b2b1d091c68dbcda	passed_pawn_corridor_safety	0	0	0
mqr-b2b1d091c68dbcda	rook_behind_passed_pawn	0	0	0
mqr-b2b1d091c68dbcda	pawn_structure_total	3	3	0
mqr-b2b1d091c68dbcda	rook_connection	0	0	0
mqr-b2b1d091c68dbcda	lone_king_guidance	0	0	0
mqr-b2b1d091c68dbcda	tempo	-16	-16	0
mqr-5661479fcded35dc	material	0	0	0
mqr-5661479fcded35dc	piece_balance	0	0	0
mqr-5661479fcded35dc	bishop_pair	0	0	0
mqr-5661479fcded35dc	mobility	31	70	-39
mqr-5661479fcded35dc	piece_attacks	1	-5	6
mqr-5661479fcded35dc	piece_square	3	25	-22
mqr-5661479fcded35dc	rook_file	-10	0	-10
mqr-5661479fcded35dc	king_placement	0	0	0
mqr-5661479fcded35dc	pawn_shield	-10	-10	0
mqr-5661479fcded35dc	king_danger	-13	-19	6
mqr-5661479fcded35dc	king_safety_total	-13	-19	6
mqr-5661479fcded35dc	pawn_base	4	2	2
mqr-5661479fcded35dc	passed_pawn_king_race	0	0	0
mqr-5661479fcded35dc	passed_pawn_minor_accessibility	0	0	0
mqr-5661479fcded35dc	passed_pawn_corridor_safety	0	0	0
mqr-5661479fcded35dc	rook_behind_passed_pawn	0	0	0
mqr-5661479fcded35dc	pawn_structure_total	4	2	2
mqr-5661479fcded35dc	rook_connection	0	0	0
mqr-5661479fcded35dc	lone_king_guidance	0	0	0
mqr-5661479fcded35dc	tempo	-18	-18	0
mqr-bba30c0f62e5b30e	material	-43	-43	0
mqr-bba30c0f62e5b30e	piece_balance	-43	-43	0
mqr-bba30c0f62e5b30e	bishop_pair	0	0	0
mqr-bba30c0f62e5b30e	mobility	92	98	-6
mqr-bba30c0f62e5b30e	piece_attacks	13	13	0
mqr-bba30c0f62e5b30e	piece_square	89	65	24
mqr-bba30c0f62e5b30e	rook_file	16	16	0
mqr-bba30c0f62e5b30e	king_placement	-3	-3	0
mqr-bba30c0f62e5b30e	pawn_shield	35	35	0
mqr-bba30c0f62e5b30e	king_danger	0	0	0
mqr-bba30c0f62e5b30e	king_safety_total	0	0	0
mqr-bba30c0f62e5b30e	pawn_base	11	11	0
mqr-bba30c0f62e5b30e	passed_pawn_king_race	0	0	0
mqr-bba30c0f62e5b30e	passed_pawn_minor_accessibility	0	0	0
mqr-bba30c0f62e5b30e	passed_pawn_corridor_safety	0	0	0
mqr-bba30c0f62e5b30e	rook_behind_passed_pawn	0	0	0
mqr-bba30c0f62e5b30e	pawn_structure_total	11	11	0
mqr-bba30c0f62e5b30e	rook_connection	0	0	0
mqr-bba30c0f62e5b30e	lone_king_guidance	0	0	0
mqr-bba30c0f62e5b30e	tempo	-16	-16	0
mqr-b6dbb8ca3933bdad	material	120	0	120
mqr-b6dbb8ca3933bdad	piece_balance	120	0	120
mqr-b6dbb8ca3933bdad	bishop_pair	0	0	0
mqr-b6dbb8ca3933bdad	mobility	-51	21	-72
mqr-b6dbb8ca3933bdad	piece_attacks	-24	0	-24
mqr-b6dbb8ca3933bdad	piece_square	-17	-8	-9
mqr-b6dbb8ca3933bdad	rook_file	-14	-14	0
mqr-b6dbb8ca3933bdad	king_placement	-3	-3	0
mqr-b6dbb8ca3933bdad	pawn_shield	10	10	0
mqr-b6dbb8ca3933bdad	king_danger	5	21	-16
mqr-b6dbb8ca3933bdad	king_safety_total	5	21	-16
mqr-b6dbb8ca3933bdad	pawn_base	-25	0	-25
mqr-b6dbb8ca3933bdad	passed_pawn_king_race	0	0	0
mqr-b6dbb8ca3933bdad	passed_pawn_minor_accessibility	-7	0	-7
mqr-b6dbb8ca3933bdad	passed_pawn_corridor_safety	0	0	0
mqr-b6dbb8ca3933bdad	rook_behind_passed_pawn	0	0	0
mqr-b6dbb8ca3933bdad	pawn_structure_total	13	0	13
mqr-b6dbb8ca3933bdad	rook_connection	0	0	0
mqr-b6dbb8ca3933bdad	lone_king_guidance	0	0	0
mqr-b6dbb8ca3933bdad	tempo	-24	-24	0
mqr-12527c3aa41f17c2	material	0	0	0
mqr-12527c3aa41f17c2	piece_balance	0	0	0
mqr-12527c3aa41f17c2	bishop_pair	0	0	0
mqr-12527c3aa41f17c2	mobility	21	-4	25
mqr-12527c3aa41f17c2	piece_attacks	6	31	-25
mqr-12527c3aa41f17c2	piece_square	16	-1	17
mqr-12527c3aa41f17c2	rook_file	16	16	0
mqr-12527c3aa41f17c2	king_placement	0	0	0
mqr-12527c3aa41f17c2	pawn_shield	0	0	0
mqr-12527c3aa41f17c2	king_danger	10	-14	24
mqr-12527c3aa41f17c2	king_safety_total	10	-14	24
mqr-12527c3aa41f17c2	pawn_base	-15	-15	0
mqr-12527c3aa41f17c2	passed_pawn_king_race	0	0	0
mqr-12527c3aa41f17c2	passed_pawn_minor_accessibility	0	0	0
mqr-12527c3aa41f17c2	passed_pawn_corridor_safety	0	0	0
mqr-12527c3aa41f17c2	rook_behind_passed_pawn	0	0	0
mqr-12527c3aa41f17c2	pawn_structure_total	-15	-15	0
mqr-12527c3aa41f17c2	rook_connection	0	0	0
mqr-12527c3aa41f17c2	lone_king_guidance	0	0	0
mqr-12527c3aa41f17c2	tempo	-16	-16	0
mqr-a14447381008e5a9	material	43	165	-122
mqr-a14447381008e5a9	piece_balance	43	165	-122
mqr-a14447381008e5a9	bishop_pair	0	0	0
mqr-a14447381008e5a9	mobility	-57	-82	25
mqr-a14447381008e5a9	piece_attacks	0	-10	10
mqr-a14447381008e5a9	piece_square	-52	-63	11
mqr-a14447381008e5a9	rook_file	-4	0	-4
mqr-a14447381008e5a9	king_placement	0	0	0
mqr-a14447381008e5a9	pawn_shield	20	0	20
mqr-a14447381008e5a9	king_danger	0	0	0
mqr-a14447381008e5a9	king_safety_total	0	0	0
mqr-a14447381008e5a9	pawn_base	23	7	16
mqr-a14447381008e5a9	passed_pawn_king_race	0	0	0
mqr-a14447381008e5a9	passed_pawn_minor_accessibility	0	0	0
mqr-a14447381008e5a9	passed_pawn_corridor_safety	0	0	0
mqr-a14447381008e5a9	rook_behind_passed_pawn	0	0	0
mqr-a14447381008e5a9	pawn_structure_total	23	7	16
mqr-a14447381008e5a9	rook_connection	0	0	0
mqr-a14447381008e5a9	lone_king_guidance	0	0	0
mqr-a14447381008e5a9	tempo	-16	-16	0
mqr-b00198c5be87e34f	material	47	47	0
mqr-b00198c5be87e34f	piece_balance	47	47	0
mqr-b00198c5be87e34f	bishop_pair	94	94	0
mqr-b00198c5be87e34f	mobility	-138	-150	12
mqr-b00198c5be87e34f	piece_attacks	-8	-18	10
mqr-b00198c5be87e34f	piece_square	-96	-94	-2
mqr-b00198c5be87e34f	rook_file	0	0	0
mqr-b00198c5be87e34f	king_placement	0	0	0
mqr-b00198c5be87e34f	pawn_shield	6	6	0
mqr-b00198c5be87e34f	king_danger	0	39	-39
mqr-b00198c5be87e34f	king_safety_total	0	39	-39
mqr-b00198c5be87e34f	pawn_base	-50	-50	0
mqr-b00198c5be87e34f	passed_pawn_king_race	0	0	0
mqr-b00198c5be87e34f	passed_pawn_minor_accessibility	0	0	0
mqr-b00198c5be87e34f	passed_pawn_corridor_safety	0	0	0
mqr-b00198c5be87e34f	rook_behind_passed_pawn	0	0	0
mqr-b00198c5be87e34f	pawn_structure_total	-50	-50	0
mqr-b00198c5be87e34f	rook_connection	0	0	0
mqr-b00198c5be87e34f	lone_king_guidance	0	0	0
mqr-b00198c5be87e34f	tempo	-16	-16	0
mqr-086cf19eb60ae0d7	material	0	0	0
mqr-086cf19eb60ae0d7	piece_balance	0	0	0
mqr-086cf19eb60ae0d7	bishop_pair	0	0	0
mqr-086cf19eb60ae0d7	mobility	36	11	25
mqr-086cf19eb60ae0d7	piece_attacks	0	-4	4
mqr-086cf19eb60ae0d7	piece_square	-6	28	-34
mqr-086cf19eb60ae0d7	rook_file	0	0	0
mqr-086cf19eb60ae0d7	king_placement	0	15	-15
mqr-086cf19eb60ae0d7	pawn_shield	0	15	-15
mqr-086cf19eb60ae0d7	king_danger	0	-19	19
mqr-086cf19eb60ae0d7	king_safety_total	0	-19	19
mqr-086cf19eb60ae0d7	pawn_base	-11	-11	0
mqr-086cf19eb60ae0d7	passed_pawn_king_race	0	0	0
mqr-086cf19eb60ae0d7	passed_pawn_minor_accessibility	0	0	0
mqr-086cf19eb60ae0d7	passed_pawn_corridor_safety	0	0	0
mqr-086cf19eb60ae0d7	rook_behind_passed_pawn	0	0	0
mqr-086cf19eb60ae0d7	pawn_structure_total	-11	-11	0
mqr-086cf19eb60ae0d7	rook_connection	0	0	0
mqr-086cf19eb60ae0d7	lone_king_guidance	0	0	0
mqr-086cf19eb60ae0d7	tempo	-16	-16	0
mqr-5eb39cf373982078	material	120	120	0
mqr-5eb39cf373982078	piece_balance	120	120	0
mqr-5eb39cf373982078	bishop_pair	0	0	0
mqr-5eb39cf373982078	mobility	-27	-63	36
mqr-5eb39cf373982078	piece_attacks	32	37	-5
mqr-5eb39cf373982078	piece_square	-73	-103	30
mqr-5eb39cf373982078	rook_file	0	4	-4
mqr-5eb39cf373982078	king_placement	-6	-6	0
mqr-5eb39cf373982078	pawn_shield	-27	-27	0
mqr-5eb39cf373982078	king_danger	23	23	0
mqr-5eb39cf373982078	king_safety_total	23	23	0
mqr-5eb39cf373982078	pawn_base	5	5	0
mqr-5eb39cf373982078	passed_pawn_king_race	0	0	0
mqr-5eb39cf373982078	passed_pawn_minor_accessibility	0	0	0
mqr-5eb39cf373982078	passed_pawn_corridor_safety	0	0	0
mqr-5eb39cf373982078	rook_behind_passed_pawn	0	0	0
mqr-5eb39cf373982078	pawn_structure_total	5	5	0
mqr-5eb39cf373982078	rook_connection	0	0	0
mqr-5eb39cf373982078	lone_king_guidance	0	0	0
mqr-5eb39cf373982078	tempo	-16	-16	0
mqr-ea64fb354b812a97	material	-47	-47	0
mqr-ea64fb354b812a97	piece_balance	-47	-47	0
mqr-ea64fb354b812a97	bishop_pair	-94	-94	0
mqr-ea64fb354b812a97	mobility	47	46	1
mqr-ea64fb354b812a97	piece_attacks	8	8	0
mqr-ea64fb354b812a97	piece_square	17	16	1
mqr-ea64fb354b812a97	rook_file	17	7	10
mqr-ea64fb354b812a97	king_placement	-16	-16	0
mqr-ea64fb354b812a97	pawn_shield	0	0	0
mqr-ea64fb354b812a97	king_danger	131	-23	154
mqr-ea64fb354b812a97	king_safety_total	131	-23	154
mqr-ea64fb354b812a97	pawn_base	46	46	0
mqr-ea64fb354b812a97	passed_pawn_king_race	0	0	0
mqr-ea64fb354b812a97	passed_pawn_minor_accessibility	0	0	0
mqr-ea64fb354b812a97	passed_pawn_corridor_safety	0	0	0
mqr-ea64fb354b812a97	rook_behind_passed_pawn	0	0	0
mqr-ea64fb354b812a97	pawn_structure_total	46	46	0
mqr-ea64fb354b812a97	rook_connection	0	0	0
mqr-ea64fb354b812a97	lone_king_guidance	0	0	0
mqr-ea64fb354b812a97	tempo	-18	-18	0
mqr-79e93ef7f507f229	material	0	0	0
mqr-79e93ef7f507f229	piece_balance	0	0	0
mqr-79e93ef7f507f229	bishop_pair	0	0	0
mqr-79e93ef7f507f229	mobility	27	3	24
mqr-79e93ef7f507f229	piece_attacks	0	0	0
mqr-79e93ef7f507f229	piece_square	14	8	6
mqr-79e93ef7f507f229	rook_file	0	0	0
mqr-79e93ef7f507f229	king_placement	0	0	0
mqr-79e93ef7f507f229	pawn_shield	0	0	0
mqr-79e93ef7f507f229	king_danger	0	0	0
mqr-79e93ef7f507f229	king_safety_total	0	0	0
mqr-79e93ef7f507f229	pawn_base	-3	-3	0
mqr-79e93ef7f507f229	passed_pawn_king_race	0	0	0
mqr-79e93ef7f507f229	passed_pawn_minor_accessibility	0	0	0
mqr-79e93ef7f507f229	passed_pawn_corridor_safety	0	0	0
mqr-79e93ef7f507f229	rook_behind_passed_pawn	0	0	0
mqr-79e93ef7f507f229	pawn_structure_total	-3	-3	0
mqr-79e93ef7f507f229	rook_connection	0	0	0
mqr-79e93ef7f507f229	lone_king_guidance	0	0	0
mqr-79e93ef7f507f229	tempo	-16	-16	0
mqr-c4a19e8bb097d572	material	0	-120	120
mqr-c4a19e8bb097d572	piece_balance	0	-120	120
mqr-c4a19e8bb097d572	bishop_pair	0	0	0
mqr-c4a19e8bb097d572	mobility	29	39	-10
mqr-c4a19e8bb097d572	piece_attacks	-22	9	-31
mqr-c4a19e8bb097d572	piece_square	34	72	-38
mqr-c4a19e8bb097d572	rook_file	0	0	0
mqr-c4a19e8bb097d572	king_placement	0	0	0
mqr-c4a19e8bb097d572	pawn_shield	0	0	0
mqr-c4a19e8bb097d572	king_danger	0	0	0
mqr-c4a19e8bb097d572	king_safety_total	0	0	0
mqr-c4a19e8bb097d572	pawn_base	3	10	-7
mqr-c4a19e8bb097d572	passed_pawn_king_race	0	0	0
mqr-c4a19e8bb097d572	passed_pawn_minor_accessibility	0	0	0
mqr-c4a19e8bb097d572	passed_pawn_corridor_safety	0	0	0
mqr-c4a19e8bb097d572	rook_behind_passed_pawn	0	0	0
mqr-c4a19e8bb097d572	pawn_structure_total	3	10	-7
mqr-c4a19e8bb097d572	rook_connection	0	0	0
mqr-c4a19e8bb097d572	lone_king_guidance	0	0	0
mqr-c4a19e8bb097d572	tempo	-16	-16	0
mqr-8a1b8e084be32b71	material	0	0	0
mqr-8a1b8e084be32b71	piece_balance	0	0	0
mqr-8a1b8e084be32b71	bishop_pair	0	0	0
mqr-8a1b8e084be32b71	mobility	7	31	-24
mqr-8a1b8e084be32b71	piece_attacks	0	0	0
mqr-8a1b8e084be32b71	piece_square	-16	-8	-8
mqr-8a1b8e084be32b71	rook_file	0	-4	4
mqr-8a1b8e084be32b71	king_placement	0	0	0
mqr-8a1b8e084be32b71	pawn_shield	0	0	0
mqr-8a1b8e084be32b71	king_danger	0	0	0
mqr-8a1b8e084be32b71	king_safety_total	0	0	0
mqr-8a1b8e084be32b71	pawn_base	-1	-1	0
mqr-8a1b8e084be32b71	passed_pawn_king_race	0	0	0
mqr-8a1b8e084be32b71	passed_pawn_minor_accessibility	0	0	0
mqr-8a1b8e084be32b71	passed_pawn_corridor_safety	0	0	0
mqr-8a1b8e084be32b71	rook_behind_passed_pawn	0	0	0
mqr-8a1b8e084be32b71	pawn_structure_total	-1	-1	0
mqr-8a1b8e084be32b71	rook_connection	0	0	0
mqr-8a1b8e084be32b71	lone_king_guidance	0	0	0
mqr-8a1b8e084be32b71	tempo	-16	-16	0
mqr-ab167c393e6e4ee8	material	320	0	320
mqr-ab167c393e6e4ee8	piece_balance	320	0	320
mqr-ab167c393e6e4ee8	bishop_pair	0	0	0
mqr-ab167c393e6e4ee8	mobility	-1	-2	1
mqr-ab167c393e6e4ee8	piece_attacks	-31	9	-40
mqr-ab167c393e6e4ee8	piece_square	-3	-51	48
mqr-ab167c393e6e4ee8	rook_file	0	0	0
mqr-ab167c393e6e4ee8	king_placement	0	0	0
mqr-ab167c393e6e4ee8	pawn_shield	0	0	0
mqr-ab167c393e6e4ee8	king_danger	-24	0	-24
mqr-ab167c393e6e4ee8	king_safety_total	-24	0	-24
mqr-ab167c393e6e4ee8	pawn_base	0	0	0
mqr-ab167c393e6e4ee8	passed_pawn_king_race	0	0	0
mqr-ab167c393e6e4ee8	passed_pawn_minor_accessibility	0	0	0
mqr-ab167c393e6e4ee8	passed_pawn_corridor_safety	0	0	0
mqr-ab167c393e6e4ee8	rook_behind_passed_pawn	0	0	0
mqr-ab167c393e6e4ee8	pawn_structure_total	0	0	0
mqr-ab167c393e6e4ee8	rook_connection	0	0	0
mqr-ab167c393e6e4ee8	lone_king_guidance	0	0	0
mqr-ab167c393e6e4ee8	tempo	-16	-16	0
mqr-11aec836f2dcd66b	material	47	47	0
mqr-11aec836f2dcd66b	piece_balance	47	47	0
mqr-11aec836f2dcd66b	bishop_pair	94	94	0
mqr-11aec836f2dcd66b	mobility	23	21	2
mqr-11aec836f2dcd66b	piece_attacks	40	27	13
mqr-11aec836f2dcd66b	piece_square	37	44	-7
mqr-11aec836f2dcd66b	rook_file	0	0	0
mqr-11aec836f2dcd66b	king_placement	34	34	0
mqr-11aec836f2dcd66b	pawn_shield	0	0	0
mqr-11aec836f2dcd66b	king_danger	0	0	0
mqr-11aec836f2dcd66b	king_safety_total	0	0	0
mqr-11aec836f2dcd66b	pawn_base	2	2	0
mqr-11aec836f2dcd66b	passed_pawn_king_race	0	0	0
mqr-11aec836f2dcd66b	passed_pawn_minor_accessibility	0	0	0
mqr-11aec836f2dcd66b	passed_pawn_corridor_safety	0	0	0
mqr-11aec836f2dcd66b	rook_behind_passed_pawn	0	0	0
mqr-11aec836f2dcd66b	pawn_structure_total	2	2	0
mqr-11aec836f2dcd66b	rook_connection	0	0	0
mqr-11aec836f2dcd66b	lone_king_guidance	0	0	0
mqr-11aec836f2dcd66b	tempo	-41	-41	0
mqr-724e4b750664bde7	material	0	0	0
mqr-724e4b750664bde7	piece_balance	0	0	0
mqr-724e4b750664bde7	bishop_pair	0	0	0
mqr-724e4b750664bde7	mobility	61	92	-31
mqr-724e4b750664bde7	piece_attacks	32	32	0
mqr-724e4b750664bde7	piece_square	38	30	8
mqr-724e4b750664bde7	rook_file	-4	-4	0
mqr-724e4b750664bde7	king_placement	8	8	0
mqr-724e4b750664bde7	pawn_shield	15	15	0
mqr-724e4b750664bde7	king_danger	0	20	-20
mqr-724e4b750664bde7	king_safety_total	0	20	-20
mqr-724e4b750664bde7	pawn_base	3	3	0
mqr-724e4b750664bde7	passed_pawn_king_race	0	0	0
mqr-724e4b750664bde7	passed_pawn_minor_accessibility	0	0	0
mqr-724e4b750664bde7	passed_pawn_corridor_safety	0	0	0
mqr-724e4b750664bde7	rook_behind_passed_pawn	0	0	0
mqr-724e4b750664bde7	pawn_structure_total	3	3	0
mqr-724e4b750664bde7	rook_connection	0	0	0
mqr-724e4b750664bde7	lone_king_guidance	0	0	0
mqr-724e4b750664bde7	tempo	-16	-16	0
mqr-2f0e20540a40693a	material	0	0	0
mqr-2f0e20540a40693a	piece_balance	0	0	0
mqr-2f0e20540a40693a	bishop_pair	0	0	0
mqr-2f0e20540a40693a	mobility	-44	-39	-5
mqr-2f0e20540a40693a	piece_attacks	-9	0	-9
mqr-2f0e20540a40693a	piece_square	32	12	20
mqr-2f0e20540a40693a	rook_file	0	0	0
mqr-2f0e20540a40693a	king_placement	0	0	0
mqr-2f0e20540a40693a	pawn_shield	-6	0	-6
mqr-2f0e20540a40693a	king_danger	0	0	0
mqr-2f0e20540a40693a	king_safety_total	0	0	0
mqr-2f0e20540a40693a	pawn_base	-3	-3	0
mqr-2f0e20540a40693a	passed_pawn_king_race	0	0	0
mqr-2f0e20540a40693a	passed_pawn_minor_accessibility	0	0	0
mqr-2f0e20540a40693a	passed_pawn_corridor_safety	0	0	0
mqr-2f0e20540a40693a	rook_behind_passed_pawn	0	0	0
mqr-2f0e20540a40693a	pawn_structure_total	-3	-3	0
mqr-2f0e20540a40693a	rook_connection	0	0	0
mqr-2f0e20540a40693a	lone_king_guidance	0	0	0
mqr-2f0e20540a40693a	tempo	-16	-16	0
mqr-2f9464bdf3eb9dce	material	0	0	0
mqr-2f9464bdf3eb9dce	piece_balance	0	0	0
mqr-2f9464bdf3eb9dce	bishop_pair	0	0	0
mqr-2f9464bdf3eb9dce	mobility	-1	-29	28
mqr-2f9464bdf3eb9dce	piece_attacks	-4	-4	0
mqr-2f9464bdf3eb9dce	piece_square	3	-5	8
mqr-2f9464bdf3eb9dce	rook_file	0	0	0
mqr-2f9464bdf3eb9dce	king_placement	-4	-4	0
mqr-2f9464bdf3eb9dce	pawn_shield	0	0	0
mqr-2f9464bdf3eb9dce	king_danger	0	0	0
mqr-2f9464bdf3eb9dce	king_safety_total	0	0	0
mqr-2f9464bdf3eb9dce	pawn_base	0	0	0
mqr-2f9464bdf3eb9dce	passed_pawn_king_race	0	0	0
mqr-2f9464bdf3eb9dce	passed_pawn_minor_accessibility	0	0	0
mqr-2f9464bdf3eb9dce	passed_pawn_corridor_safety	0	0	0
mqr-2f9464bdf3eb9dce	rook_behind_passed_pawn	0	0	0
mqr-2f9464bdf3eb9dce	pawn_structure_total	0	0	0
mqr-2f9464bdf3eb9dce	rook_connection	0	0	0
mqr-2f9464bdf3eb9dce	lone_king_guidance	0	0	0
mqr-2f9464bdf3eb9dce	tempo	-16	-16	0
mqr-dec62a22d20ea2ec	material	0	0	0
mqr-dec62a22d20ea2ec	piece_balance	0	0	0
mqr-dec62a22d20ea2ec	bishop_pair	0	0	0
mqr-dec62a22d20ea2ec	mobility	14	14	0
mqr-dec62a22d20ea2ec	piece_attacks	0	4	-4
mqr-dec62a22d20ea2ec	piece_square	4	-2	6
mqr-dec62a22d20ea2ec	rook_file	0	0	0
mqr-dec62a22d20ea2ec	king_placement	-9	-9	0
mqr-dec62a22d20ea2ec	pawn_shield	6	6	0
mqr-dec62a22d20ea2ec	king_danger	0	0	0
mqr-dec62a22d20ea2ec	king_safety_total	0	0	0
mqr-dec62a22d20ea2ec	pawn_base	-2	0	-2
mqr-dec62a22d20ea2ec	passed_pawn_king_race	0	0	0
mqr-dec62a22d20ea2ec	passed_pawn_minor_accessibility	0	0	0
mqr-dec62a22d20ea2ec	passed_pawn_corridor_safety	0	0	0
mqr-dec62a22d20ea2ec	rook_behind_passed_pawn	0	0	0
mqr-dec62a22d20ea2ec	pawn_structure_total	-2	0	-2
mqr-dec62a22d20ea2ec	rook_connection	0	0	0
mqr-dec62a22d20ea2ec	lone_king_guidance	0	0	0
mqr-dec62a22d20ea2ec	tempo	-16	-16	0
mqr-1a5120cf950cc314	material	-43	-43	0
mqr-1a5120cf950cc314	piece_balance	-43	-43	0
mqr-1a5120cf950cc314	bishop_pair	-88	-88	0
mqr-1a5120cf950cc314	mobility	72	69	3
mqr-1a5120cf950cc314	piece_attacks	0	0	0
mqr-1a5120cf950cc314	piece_square	75	73	2
mqr-1a5120cf950cc314	rook_file	0	0	0
mqr-1a5120cf950cc314	king_placement	0	0	0
mqr-1a5120cf950cc314	pawn_shield	0	0	0
mqr-1a5120cf950cc314	king_danger	0	12	-12
mqr-1a5120cf950cc314	king_safety_total	0	12	-12
mqr-1a5120cf950cc314	pawn_base	-3	-3	0
mqr-1a5120cf950cc314	passed_pawn_king_race	0	0	0
mqr-1a5120cf950cc314	passed_pawn_minor_accessibility	0	0	0
mqr-1a5120cf950cc314	passed_pawn_corridor_safety	0	0	0
mqr-1a5120cf950cc314	rook_behind_passed_pawn	0	0	0
mqr-1a5120cf950cc314	pawn_structure_total	-3	-3	0
mqr-1a5120cf950cc314	rook_connection	0	0	0
mqr-1a5120cf950cc314	lone_king_guidance	0	0	0
mqr-1a5120cf950cc314	tempo	-16	-16	0
mqr-76b1e8f7fe196da9	material	0	0	0
mqr-76b1e8f7fe196da9	piece_balance	0	0	0
mqr-76b1e8f7fe196da9	bishop_pair	0	0	0
mqr-76b1e8f7fe196da9	mobility	0	10	-10
mqr-76b1e8f7fe196da9	piece_attacks	0	0	0
mqr-76b1e8f7fe196da9	piece_square	20	21	-1
mqr-76b1e8f7fe196da9	rook_file	0	0	0
mqr-76b1e8f7fe196da9	king_placement	-9	-9	0
mqr-76b1e8f7fe196da9	pawn_shield	32	32	0
mqr-76b1e8f7fe196da9	king_danger	0	0	0
mqr-76b1e8f7fe196da9	king_safety_total	0	0	0
mqr-76b1e8f7fe196da9	pawn_base	-3	0	-3
mqr-76b1e8f7fe196da9	passed_pawn_king_race	0	0	0
mqr-76b1e8f7fe196da9	passed_pawn_minor_accessibility	0	0	0
mqr-76b1e8f7fe196da9	passed_pawn_corridor_safety	0	0	0
mqr-76b1e8f7fe196da9	rook_behind_passed_pawn	0	0	0
mqr-76b1e8f7fe196da9	pawn_structure_total	-3	0	-3
mqr-76b1e8f7fe196da9	rook_connection	0	0	0
mqr-76b1e8f7fe196da9	lone_king_guidance	0	0	0
mqr-76b1e8f7fe196da9	tempo	-16	-16	0
mqr-2e10494acce7aa0f	material	0	0	0
mqr-2e10494acce7aa0f	piece_balance	0	0	0
mqr-2e10494acce7aa0f	bishop_pair	0	0	0
mqr-2e10494acce7aa0f	mobility	-38	-22	-16
mqr-2e10494acce7aa0f	piece_attacks	13	36	-23
mqr-2e10494acce7aa0f	piece_square	-2	-3	1
mqr-2e10494acce7aa0f	rook_file	0	0	0
mqr-2e10494acce7aa0f	king_placement	0	0	0
mqr-2e10494acce7aa0f	pawn_shield	0	0	0
mqr-2e10494acce7aa0f	king_danger	-22	-22	0
mqr-2e10494acce7aa0f	king_safety_total	-22	-22	0
mqr-2e10494acce7aa0f	pawn_base	0	0	0
mqr-2e10494acce7aa0f	passed_pawn_king_race	0	0	0
mqr-2e10494acce7aa0f	passed_pawn_minor_accessibility	0	0	0
mqr-2e10494acce7aa0f	passed_pawn_corridor_safety	0	0	0
mqr-2e10494acce7aa0f	rook_behind_passed_pawn	0	0	0
mqr-2e10494acce7aa0f	pawn_structure_total	0	0	0
mqr-2e10494acce7aa0f	rook_connection	0	0	0
mqr-2e10494acce7aa0f	lone_king_guidance	0	0	0
mqr-2e10494acce7aa0f	tempo	-16	-16	0
mqr-2d5086aa38754e35	material	40	-80	120
mqr-2d5086aa38754e35	piece_balance	40	-80	120
mqr-2d5086aa38754e35	bishop_pair	0	0	0
mqr-2d5086aa38754e35	mobility	-58	0	-58
mqr-2d5086aa38754e35	piece_attacks	-4	-4	0
mqr-2d5086aa38754e35	piece_square	-130	-76	-54
mqr-2d5086aa38754e35	rook_file	-12	-16	4
mqr-2d5086aa38754e35	king_placement	-10	-10	0
mqr-2d5086aa38754e35	pawn_shield	-19	-13	-6
mqr-2d5086aa38754e35	king_danger	264	36	228
mqr-2d5086aa38754e35	king_safety_total	264	36	228
mqr-2d5086aa38754e35	pawn_base	-9	-38	29
mqr-2d5086aa38754e35	passed_pawn_king_race	0	0	0
mqr-2d5086aa38754e35	passed_pawn_minor_accessibility	0	0	0
mqr-2d5086aa38754e35	passed_pawn_corridor_safety	0	0	0
mqr-2d5086aa38754e35	rook_behind_passed_pawn	5	0	5
mqr-2d5086aa38754e35	pawn_structure_total	21	-38	59
mqr-2d5086aa38754e35	rook_connection	0	0	0
mqr-2d5086aa38754e35	lone_king_guidance	0	0	0
mqr-2d5086aa38754e35	tempo	-16	-16	0
mqr-fb06c613ff3c6d7e	material	120	120	0
mqr-fb06c613ff3c6d7e	piece_balance	120	120	0
mqr-fb06c613ff3c6d7e	bishop_pair	0	0	0
mqr-fb06c613ff3c6d7e	mobility	-19	-84	65
mqr-fb06c613ff3c6d7e	piece_attacks	0	-27	27
mqr-fb06c613ff3c6d7e	piece_square	-16	-22	6
mqr-fb06c613ff3c6d7e	rook_file	0	0	0
mqr-fb06c613ff3c6d7e	king_placement	4	4	0
mqr-fb06c613ff3c6d7e	pawn_shield	15	15	0
mqr-fb06c613ff3c6d7e	king_danger	-5	46	-51
mqr-fb06c613ff3c6d7e	king_safety_total	-5	46	-51
mqr-fb06c613ff3c6d7e	pawn_base	-3	-3	0
mqr-fb06c613ff3c6d7e	passed_pawn_king_race	0	0	0
mqr-fb06c613ff3c6d7e	passed_pawn_minor_accessibility	0	0	0
mqr-fb06c613ff3c6d7e	passed_pawn_corridor_safety	0	0	0
mqr-fb06c613ff3c6d7e	rook_behind_passed_pawn	0	0	0
mqr-fb06c613ff3c6d7e	pawn_structure_total	-3	-3	0
mqr-fb06c613ff3c6d7e	rook_connection	0	0	0
mqr-fb06c613ff3c6d7e	lone_king_guidance	0	0	0
mqr-fb06c613ff3c6d7e	tempo	-16	-16	0
mqr-f377ba83124d09db	material	0	0	0
mqr-f377ba83124d09db	piece_balance	0	0	0
mqr-f377ba83124d09db	bishop_pair	0	0	0
mqr-f377ba83124d09db	mobility	20	17	3
mqr-f377ba83124d09db	piece_attacks	4	9	-5
mqr-f377ba83124d09db	piece_square	-28	-39	11
mqr-f377ba83124d09db	rook_file	-4	-4	0
mqr-f377ba83124d09db	king_placement	-4	-4	0
mqr-f377ba83124d09db	pawn_shield	0	0	0
mqr-f377ba83124d09db	king_danger	0	21	-21
mqr-f377ba83124d09db	king_safety_total	0	21	-21
mqr-f377ba83124d09db	pawn_base	-10	-10	0
mqr-f377ba83124d09db	passed_pawn_king_race	0	0	0
mqr-f377ba83124d09db	passed_pawn_minor_accessibility	0	0	0
mqr-f377ba83124d09db	passed_pawn_corridor_safety	0	0	0
mqr-f377ba83124d09db	rook_behind_passed_pawn	0	0	0
mqr-f377ba83124d09db	pawn_structure_total	-10	-10	0
mqr-f377ba83124d09db	rook_connection	0	0	0
mqr-f377ba83124d09db	lone_king_guidance	0	0	0
mqr-f377ba83124d09db	tempo	-16	-16	0
mqr-d4cfeed43df04859	material	0	0	0
mqr-d4cfeed43df04859	piece_balance	0	0	0
mqr-d4cfeed43df04859	bishop_pair	0	0	0
mqr-d4cfeed43df04859	mobility	87	83	4
mqr-d4cfeed43df04859	piece_attacks	0	0	0
mqr-d4cfeed43df04859	piece_square	45	25	20
mqr-d4cfeed43df04859	rook_file	12	12	0
mqr-d4cfeed43df04859	king_placement	0	0	0
mqr-d4cfeed43df04859	pawn_shield	0	0	0
mqr-d4cfeed43df04859	king_danger	0	0	0
mqr-d4cfeed43df04859	king_safety_total	0	0	0
mqr-d4cfeed43df04859	pawn_base	3	3	0
mqr-d4cfeed43df04859	passed_pawn_king_race	0	0	0
mqr-d4cfeed43df04859	passed_pawn_minor_accessibility	0	0	0
mqr-d4cfeed43df04859	passed_pawn_corridor_safety	0	0	0
mqr-d4cfeed43df04859	rook_behind_passed_pawn	0	0	0
mqr-d4cfeed43df04859	pawn_structure_total	3	3	0
mqr-d4cfeed43df04859	rook_connection	0	0	0
mqr-d4cfeed43df04859	lone_king_guidance	0	0	0
mqr-d4cfeed43df04859	tempo	-16	-16	0
mqr-1fb507bea1337785	material	0	0	0
mqr-1fb507bea1337785	piece_balance	0	0	0
mqr-1fb507bea1337785	bishop_pair	0	0	0
mqr-1fb507bea1337785	mobility	67	34	33
mqr-1fb507bea1337785	piece_attacks	0	0	0
mqr-1fb507bea1337785	piece_square	31	19	12
mqr-1fb507bea1337785	rook_file	12	12	0
mqr-1fb507bea1337785	king_placement	0	0	0
mqr-1fb507bea1337785	pawn_shield	0	0	0
mqr-1fb507bea1337785	king_danger	67	17	50
mqr-1fb507bea1337785	king_safety_total	67	17	50
mqr-1fb507bea1337785	pawn_base	-38	-38	0
mqr-1fb507bea1337785	passed_pawn_king_race	0	0	0
mqr-1fb507bea1337785	passed_pawn_minor_accessibility	0	0	0
mqr-1fb507bea1337785	passed_pawn_corridor_safety	0	0	0
mqr-1fb507bea1337785	rook_behind_passed_pawn	0	0	0
mqr-1fb507bea1337785	pawn_structure_total	-38	-38	0
mqr-1fb507bea1337785	rook_connection	0	0	0
mqr-1fb507bea1337785	lone_king_guidance	0	0	0
mqr-1fb507bea1337785	tempo	-16	-16	0
mqr-006356a0a9eb8ca0	material	-43	-43	0
mqr-006356a0a9eb8ca0	piece_balance	-43	-43	0
mqr-006356a0a9eb8ca0	bishop_pair	-88	-88	0
mqr-006356a0a9eb8ca0	mobility	36	46	-10
mqr-006356a0a9eb8ca0	piece_attacks	0	-4	4
mqr-006356a0a9eb8ca0	piece_square	40	61	-21
mqr-006356a0a9eb8ca0	rook_file	0	0	0
mqr-006356a0a9eb8ca0	king_placement	-7	-7	0
mqr-006356a0a9eb8ca0	pawn_shield	11	11	0
mqr-006356a0a9eb8ca0	king_danger	0	-21	21
mqr-006356a0a9eb8ca0	king_safety_total	0	-21	21
mqr-006356a0a9eb8ca0	pawn_base	-3	-3	0
mqr-006356a0a9eb8ca0	passed_pawn_king_race	0	0	0
mqr-006356a0a9eb8ca0	passed_pawn_minor_accessibility	0	0	0
mqr-006356a0a9eb8ca0	passed_pawn_corridor_safety	0	0	0
mqr-006356a0a9eb8ca0	rook_behind_passed_pawn	0	0	0
mqr-006356a0a9eb8ca0	pawn_structure_total	-3	-3	0
mqr-006356a0a9eb8ca0	rook_connection	0	0	0
mqr-006356a0a9eb8ca0	lone_king_guidance	0	0	0
mqr-006356a0a9eb8ca0	tempo	-16	-16	0
mqr-c14ccde6e2ee82a6	material	0	0	0
mqr-c14ccde6e2ee82a6	piece_balance	0	0	0
mqr-c14ccde6e2ee82a6	bishop_pair	0	0	0
mqr-c14ccde6e2ee82a6	mobility	-20	-36	16
mqr-c14ccde6e2ee82a6	piece_attacks	4	4	0
mqr-c14ccde6e2ee82a6	piece_square	-22	-24	2
mqr-c14ccde6e2ee82a6	rook_file	0	0	0
mqr-c14ccde6e2ee82a6	king_placement	0	0	0
mqr-c14ccde6e2ee82a6	pawn_shield	6	6	0
mqr-c14ccde6e2ee82a6	king_danger	-30	-58	28
mqr-c14ccde6e2ee82a6	king_safety_total	-30	-58	28
mqr-c14ccde6e2ee82a6	pawn_base	0	0	0
mqr-c14ccde6e2ee82a6	passed_pawn_king_race	0	0	0
mqr-c14ccde6e2ee82a6	passed_pawn_minor_accessibility	0	0	0
mqr-c14ccde6e2ee82a6	passed_pawn_corridor_safety	0	0	0
mqr-c14ccde6e2ee82a6	rook_behind_passed_pawn	0	0	0
mqr-c14ccde6e2ee82a6	pawn_structure_total	0	0	0
mqr-c14ccde6e2ee82a6	rook_connection	0	0	0
mqr-c14ccde6e2ee82a6	lone_king_guidance	0	0	0
mqr-c14ccde6e2ee82a6	tempo	-16	-16	0
