family	parameter_count	effective_rank	condition_number	low_support_count	max_correlation	semantic_overlap_count	failure_cases_involved	decomposition_cases	ablation_reversals	severity_summary	classification
Attack	60	44	rank_deficient	57	0.707	1	22	22	5	22 cases involved; 5 causal reversals	mathematically unhealthy and high observed chess impact
BishopMobility	10	10	3.19262786932	4	0.605	1	39	39	0	39 cases involved; 0 causal reversals	healthy and useful
EndgameWeights	5	5	27.5652632571	5	0.985	2	0	0	0	0 cases involved; 0 causal reversals	mathematically unhealthy but low observed chess impact
Inline	8	7	rank_deficient	4	0.828	1	0	0	0	0 cases involved; 0 causal reversals	mathematically unhealthy but low observed chess impact
IsolatedPawn	2	2	1.58737363929	0	0.432	0	0	0	0	0 cases involved; 0 causal reversals	healthy but low impact
KingSafety	23	23	6.19679052727	11	0.737	2	26	26	5	26 cases involved; 5 causal reversals	healthy and useful
KnightMobility	8	8	3.8113807177	1	0.772	1	39	39	2	39 cases involved; 2 causal reversals	healthy and useful
KnightOutpost	4	4	2.17948257609	4	0.514	1	0	0	0	0 cases involved; 0 causal reversals	mathematically unhealthy but low observed chess impact
PassedPawnV2	13	13	6.62718864068	5	0.834	1	8	8	0	8 cases involved; 0 causal reversals	healthy but low impact
PawnStructure	1	1	1	0	0.000	0	7	7	0	7 cases involved; 0 causal reversals	healthy but low impact
PieceSquare	96	94	rank_deficient	34	0.943	3	34	34	11	34 cases involved; 11 causal reversals	mathematically unhealthy and high observed chess impact
PieceValue	5	5	2.7307297496	1	0.642	0	12	12	0	12 cases involved; 0 causal reversals	healthy and useful
QueenMobility	10	10	3.13634122521	8	0.727	0	39	39	0	39 cases involved; 0 causal reversals	mathematically unhealthy and high observed chess impact
RookBehindPassedPawn	2	2	1.3855577734	2	0.315	0	0	0	0	0 cases involved; 0 causal reversals	mathematically unhealthy but low observed chess impact
RookFile	4	4	1.24983849825	2	0.183	1	3	3	0	3 cases involved; 0 causal reversals	healthy but low impact
RookMobility	10	10	2.11320783481	4	0.460	2	39	39	0	39 cases involved; 0 causal reversals	healthy and useful
