family	parameter_count	effective_rank	condition_number	low_support_count	strongest_absolute_correlation	ge_0_90_pairs	ge_0_97_pairs	ge_0_995_pairs	classification
Attack	60	44	rank_deficient	57	0.706753	0	0	0	poorly identified
BishopMobility	10	10	3.19262786932	4	0.604928041644	0	0	0	partially identified
EndgameWeights	5	0	rank_deficient	5	0	0	0	0	poorly identified
Inline	8	7	rank_deficient	4	0.828266066895	0	0	0	poorly identified
IsolatedPawn	2	2	1.58737363929	0	0.431778643733	0	0	0	well identified
KingSafety	23	23	6.19679052727	11	0.737042991743	0	0	0	partially identified
KnightMobility	8	8	3.8113807177	1	0.771937275491	0	0	0	partially identified
KnightOutpost	4	4	2.17948257609	4	0.513891721084	0	0	0	poorly identified
PassedPawnV2	13	13	6.62718864068	5	0.833593809192	0	0	0	partially identified
PawnStructure	1	1	1	0	0	0	0	0	well identified
PieceSquare	96	94	rank_deficient	34	0.942659476309	6	0	0	partially identified
PieceValue	5	5	2.7307297496	1	0.642266613901	0	0	0	partially identified
QueenMobility	10	10	3.13634122521	8	0.7271938928	0	0	0	poorly identified
RookBehindPassedPawn	2	2	1.3855577734	2	0.315014619388	0	0	0	poorly identified
RookFile	4	4	1.24983849825	2	0.183368059431	0	0	0	poorly identified
RookMobility	10	10	2.11320783481	4	0.459685340757	0	0	0	partially identified
