name	family	current_value	linear_exact	nonlinear_positions	nonzero_positions	nonzero_fraction	mean	standard_deviation	minimum	maximum	positive	negative	zero	low_support
PawnValue	PieceValue	120	no	31	423	0.423	-0.052	0.99864708481	-3	4	186	237	577	no
KnightValue	PieceValue	320	no	9	353	0.353	-0.041	0.646002321977	-2	2	162	191	647	no
BishopValue	PieceValue	375	yes	0	331	0.331	-0.01	0.622816184761	-2	2	162	169	669	no
RookValue	PieceValue	545	no	9	115	0.115	-0.012	0.368586489172	-2	2	52	63	885	no
QueenValue	PieceValue	1135	yes	0	34	0.034	-0.012	0.184	-1	1	11	23	966	yes
DoubledPawnValue	PawnStructure	-20	no	87	175	0.175	-0.026	0.441954748815	-2	2	75	100	825	no
PassedPawnMiddleGameBase	PassedPawnV2	9	no	142	156	0.156	-0.03	0.600915967503	-4	5	66	90	844	no
PassedPawnMiddleGameIncrement_1	PassedPawnV2	2	no	71	106	0.106	-0.006	0.404924684355	-3	3	51	55	894	no
PassedPawnMiddleGameIncrement_2	PassedPawnV2	3	no	84	105	0.105	-0.013	0.377929887678	-2	3	45	60	895	no
PassedPawnMiddleGameIncrement_3	PassedPawnV2	2	no	42	71	0.071	0.001	0.298327001795	-2	2	37	34	929	yes
PassedPawnMiddleGameIncrement_4	PassedPawnV2	3	no	31	25	0.025	0	0.167332005307	-2	1	13	12	975	yes
PassedPawnMiddleGameIncrement_5	PassedPawnV2	2	no	3	4	0.004	0	0.0632455532034	-1	1	2	2	996	yes
PassedPawnEndGameBase	PassedPawnV2	15	no	162	173	0.173	-0.051	0.717216145942	-6	4	70	103	827	no
PassedPawnEndGameIncrement_1	PassedPawnV2	10	no	139	162	0.162	-0.047	0.629913486123	-6	2	71	91	838	no
PassedPawnEndGameIncrement_2	PassedPawnV2	15	no	126	152	0.152	-0.05	0.604565960008	-6	4	61	91	848	no
PassedPawnEndGameIncrement_3	PassedPawnV2	20	no	101	120	0.12	-0.018	0.540070365786	-4	4	58	62	880	no
PassedPawnEndGameIncrement_4	PassedPawnV2	35	no	50	60	0.06	-0.019	0.422657071395	-4	4	26	34	940	yes
PassedPawnEndGameIncrement_5	PassedPawnV2	55	no	15	21	0.021	-0.004	0.244916312237	-4	2	11	10	979	yes
PassedPawnMiddleGameFileAmplitude	PassedPawnV2	7	no	170	104	0.104	-0.004	0.366038249367	-2	2	49	55	896	no
PawnPieceSquareMiddleGame_0	PieceSquare	-52	no	680	419	0.419	-0.016	0.952756002343	-4	4	206	213	581	no
PawnPieceSquareMiddleGame_1	PieceSquare	6	no	771	785	0.785	-0.205	2.28056462307	-9	7	356	429	215	no
PawnPieceSquareMiddleGame_2	PieceSquare	0	no	640	917	0.917	-1.075	9.5471134381	-45	35	405	512	83	no
PawnPieceSquareMiddleGame_3	PieceSquare	14	no	441	159	0.159	-0.009	0.461431468368	-2	2	77	82	841	no
PawnPieceSquareMiddleGame_4	PieceSquare	-28	no	479	219	0.219	-0.011	0.533740573687	-2	2	104	115	781	no
PawnPieceSquareMiddleGame_5	PieceSquare	6	no	561	519	0.519	0.066	1.04386014389	-4	4	284	235	481	no
PawnPieceSquareMiddleGame_6	PieceSquare	0	yes	0	0	0	0	0	0	0	0	0	1000	yes
KnightPieceSquareMiddleGame_0	PieceSquare	-2	no	440	277	0.277	-0.025	0.590233004838	-2	2	129	148	723	no
KnightPieceSquareMiddleGame_1	PieceSquare	0	no	216	570	0.57	-0.103	1.56409430662	-6	6	268	302	430	no
KnightPieceSquareMiddleGame_2	PieceSquare	0	no	344	531	0.531	-0.068	1.28428034323	-6	5	248	283	469	no
KnightPieceSquareMiddleGame_3	PieceSquare	0	no	373	624	0.624	-0.17	3.90244794968	-17	17	303	321	376	no
KnightPieceSquareMiddleGame_4	PieceSquare	-5	no	90	123	0.123	-0.008	0.354874625748	-1	2	57	66	877	no
KnightPieceSquareMiddleGame_5	PieceSquare	-3	no	19	11	0.011	-0.007	0.104647025758	-1	1	2	9	989	yes
KnightPieceSquareMiddleGame_6	PieceSquare	-2	no	271	327	0.327	0.004	0.941267230918	-4	5	163	164	673	no
KnightPieceSquareMiddleGame_7	PieceSquare	4	no	135	172	0.172	0.001	0.863133245797	-3	3	90	82	828	no
KnightPieceSquareMiddleGame_8	PieceSquare	4	no	110	111	0.111	-0.034	0.740840063711	-3	5	49	62	889	no
KnightPieceSquareMiddleGame_9	PieceSquare	-14	no	27	24	0.024	-0.009	0.246817746526	-3	3	9	15	976	yes
KnightPieceSquareMiddleGame_10	PieceSquare	29	no	20	17	0.017	-0.008	0.194771661183	-2	2	6	11	983	yes
BishopPieceSquareMiddleGame_0	PieceSquare	-49	no	492	331	0.331	-0.009	0.648782706305	-2	2	162	169	669	no
BishopPieceSquareMiddleGame_1	PieceSquare	-8	no	540	592	0.592	-0.16	1.77042367811	-9	9	275	317	408	no
BishopPieceSquareMiddleGame_2	PieceSquare	-5	no	540	584	0.584	0.044	1.30845863519	-4	5	304	280	416	no
BishopPieceSquareMiddleGame_3	PieceSquare	-1	no	480	643	0.643	0.035	4.4674125621	-16	16	330	313	357	no
BishopPieceSquareMiddleGame_4	PieceSquare	-12	no	187	204	0.204	0.028	0.482924424729	-2	2	113	91	796	no
BishopPieceSquareMiddleGame_5	PieceSquare	-77	no	25	17	0.017	-0.007	0.130196006083	-1	1	5	12	983	yes
BishopPieceSquareMiddleGame_6	PieceSquare	0	no	107	271	0.271	-0.022	1.2663001224	-5	6	131	140	729	no
BishopPieceSquareMiddleGame_7	PieceSquare	-2	no	100	149	0.149	0.009	0.754267194037	-6	3	81	68	851	no
BishopPieceSquareMiddleGame_8	PieceSquare	12	no	93	109	0.109	-0.013	0.500830310584	-3	5	49	60	891	no
BishopPieceSquareMiddleGame_9	PieceSquare	24	no	41	30	0.03	-0.035	0.296268459341	-3	1	6	24	970	yes
BishopPieceSquareMiddleGame_10	PieceSquare	29	no	21	11	0.011	-0.011	0.181325673858	-3	1	3	8	989	yes
RookPieceSquareMiddleGame_0	PieceSquare	-108	no	217	147	0.147	-0.014	0.431049881104	-2	2	68	79	853	no
RookPieceSquareMiddleGame_1	PieceSquare	6	no	158	252	0.252	-0.086	1.39305563421	-8	7	116	136	748	no
RookPieceSquareMiddleGame_2	PieceSquare	0	no	108	265	0.265	-0.424	7.55143853845	-49	49	125	140	735	no
RookPieceSquareMiddleGame_3	PieceSquare	10	no	238	498	0.498	-0.048	1.34376188367	-5	6	232	266	502	no
RookPieceSquareMiddleGame_4	PieceSquare	10	no	188	200	0.2	0.017	0.482401285239	-2	2	106	94	800	no
RookPieceSquareMiddleGame_5	PieceSquare	2	no	20	22	0.022	0.002	0.148310485132	-1	1	12	10	978	yes
QueenPieceSquareMiddleGame_0	PieceSquare	18	no	120	56	0.056	-0.008	0.236507927986	-1	1	24	32	944	yes
QueenPieceSquareMiddleGame_1	PieceSquare	0	no	92	450	0.45	-0.091	1.42923720914	-6	7	203	247	550	no
QueenPieceSquareMiddleGame_2	PieceSquare	0	no	96	469	0.469	-0.543	7.48800046741	-39	49	208	261	531	no
QueenPieceSquareMiddleGame_3	PieceSquare	-6	no	144	376	0.376	-0.001	1.00149837743	-3	3	180	196	624	no
QueenPieceSquareMiddleGame_4	PieceSquare	14	no	31	212	0.212	0.004	0.460417202111	-1	1	108	104	788	no
QueenPieceSquareMiddleGame_5	PieceSquare	-19	no	33	37	0.037	-0.007	0.192226428984	-1	1	15	22	963	yes
KingPieceSquareMiddleGame_0	PieceSquare	18	no	284	157	0.157	-0.013	0.396018938941	-1	1	72	85	843	no
KingPieceSquareMiddleGame_1	PieceSquare	38	no	362	324	0.324	-0.006	0.569178355175	-1	1	159	165	676	no
KingPieceSquareMiddleGame_2	PieceSquare	16	no	176	89	0.089	0.005	0.298286774765	-1	1	47	42	911	yes
KingPieceSquareMiddleGame_3	PieceSquare	28	no	203	180	0.18	-0.004	0.424245212112	-1	1	88	92	820	no
KingPieceSquareMiddleGame_4	PieceSquare	2	no	145	165	0.165	0.025	0.405431868506	-1	1	95	70	835	no
KingPieceSquareMiddleGame_5	PieceSquare	-30	no	114	35	0.035	-0.001	0.187080196707	-1	1	17	18	965	yes
KingPieceSquareMiddleGame_6	PieceSquare	-26	no	74	26	0.026	0.008	0.161046577114	-1	1	17	9	974	yes
PawnPieceSquareEndGame_0	PieceSquare	40	no	676	435	0.435	-0.033	1.06485257196	-4	4	201	234	565	no
PawnPieceSquareEndGame_1	PieceSquare	6	no	740	554	0.554	-0.071	2.39164357712	-13	12	262	292	446	no
PawnPieceSquareEndGame_2	PieceSquare	0	no	609	749	0.749	-0.482	9.75774953563	-70	59	344	405	251	no
PawnPieceSquareEndGame_3	PieceSquare	-16	no	481	319	0.319	0.021	0.671236917936	-2	2	169	150	681	no
PawnPieceSquareEndGame_4	PieceSquare	-18	no	463	263	0.263	0.005	0.623678603128	-2	2	134	129	737	no
PawnPieceSquareEndGame_5	PieceSquare	20	no	619	309	0.309	0.025	0.759193651185	-4	4	170	139	691	no
PawnPieceSquareEndGame_6	PieceSquare	0	yes	0	0	0	0	0	0	0	0	0	1000	yes
KnightPieceSquareEndGame_0	PieceSquare	58	no	524	177	0.177	0.006	0.431235434537	-2	1	93	84	823	no
KnightPieceSquareEndGame_1	PieceSquare	14	no	509	261	0.261	-0.024	0.921642012931	-5	5	120	141	739	no
KnightPieceSquareEndGame_2	PieceSquare	4	no	493	298	0.298	-0.026	0.829050058802	-4	3	142	156	702	no
KnightPieceSquareEndGame_3	PieceSquare	0	no	337	408	0.408	-0.101	2.19927237967	-10	9	195	213	592	no
KnightPieceSquareEndGame_4	PieceSquare	-2	no	52	20	0.02	0	0.141421356237	-1	1	10	10	980	yes
KnightPieceSquareEndGame_5	PieceSquare	9	no	20	10	0.01	-0.002	0.0999799979996	-1	1	4	6	990	yes
KnightPieceSquareEndGame_6	PieceSquare	12	no	286	168	0.168	0.006	0.527222913007	-3	3	86	82	832	no
KnightPieceSquareEndGame_7	PieceSquare	24	no	150	77	0.077	0.012	0.43111019473	-3	3	43	34	923	yes
KnightPieceSquareEndGame_8	PieceSquare	12	no	122	53	0.053	-0.028	0.348160882352	-3	3	17	36	947	yes
KnightPieceSquareEndGame_9	PieceSquare	20	no	26	22	0.022	0.002	0.264567571709	-2	3	10	12	978	yes
KnightPieceSquareEndGame_10	PieceSquare	-24	no	20	20	0.02	0.002	0.184380042304	-2	3	10	10	980	yes
BishopPieceSquareEndGame_0	PieceSquare	83	no	527	149	0.149	-0.012	0.412135899917	-2	2	70	79	851	no
BishopPieceSquareEndGame_1	PieceSquare	4	no	457	361	0.361	-0.029	1.15072107828	-6	6	177	184	639	no
BishopPieceSquareEndGame_2	PieceSquare	9	no	542	284	0.284	0.003	0.824009101891	-4	4	142	142	716	no
BishopPieceSquareEndGame_3	PieceSquare	-1	no	463	407	0.407	0	2.2239604313	-9	10	200	207	593	no
BishopPieceSquareEndGame_4	PieceSquare	18	no	187	45	0.045	0.003	0.225811868599	-1	2	23	22	955	yes
BishopPieceSquareEndGame_5	PieceSquare	93	no	25	12	0.012	-0.002	0.109526252561	-1	1	5	7	988	yes
BishopPieceSquareEndGame_6	PieceSquare	10	no	225	128	0.128	-0.014	0.468832592724	-3	2	61	67	872	no
BishopPieceSquareEndGame_7	PieceSquare	2	no	72	76	0.076	-0.011	0.338938047436	-2	2	34	42	924	yes
BishopPieceSquareEndGame_8	PieceSquare	12	no	94	46	0.046	0.002	0.309832212657	-2	3	24	22	954	yes
BishopPieceSquareEndGame_9	PieceSquare	10	no	36	25	0.025	-0.014	0.244548563684	-3	2	8	17	975	yes
BishopPieceSquareEndGame_10	PieceSquare	-33	no	21	13	0.013	-0.005	0.187016042093	-3	2	6	7	987	yes
RookPieceSquareEndGame_0	PieceSquare	126	no	220	148	0.148	-0.009	0.425345741721	-2	2	71	77	852	no
RookPieceSquareEndGame_1	PieceSquare	10	no	173	236	0.236	-0.083	1.67514506834	-10	10	104	132	764	no
RookPieceSquareEndGame_2	PieceSquare	0	no	104	248	0.248	-0.476	10.9946088607	-73	76	113	135	752	no
RookPieceSquareEndGame_3	PieceSquare	-6	no	240	260	0.26	-0.039	0.810850787753	-4	3	115	145	740	no
RookPieceSquareEndGame_4	PieceSquare	32	no	187	70	0.07	0.008	0.264454154817	-1	1	39	31	930	yes
RookPieceSquareEndGame_5	PieceSquare	-8	no	34	59	0.059	0.009	0.242732362902	-1	1	34	25	941	yes
QueenPieceSquareEndGame_0	PieceSquare	26	no	112	77	0.077	-0.001	0.277486936629	-1	1	38	39	923	yes
QueenPieceSquareEndGame_1	PieceSquare	8	no	149	108	0.108	-0.04	0.748598690889	-6	6	41	67	892	no
QueenPieceSquareEndGame_2	PieceSquare	0	no	108	143	0.143	-0.196	4.76902338011	-44	36	58	85	857	no
QueenPieceSquareEndGame_3	PieceSquare	28	no	149	89	0.089	-0.009	0.418233188544	-3	3	42	47	911	yes
QueenPieceSquareEndGame_4	PieceSquare	-58	no	28	11	0.011	0.003	0.104837970221	-1	1	7	4	989	yes
QueenPieceSquareEndGame_5	PieceSquare	12	no	32	22	0.022	-0.004	0.148270023943	-1	1	9	13	978	yes
KingPieceSquareEndGame_0	PieceSquare	1	no	275	149	0.149	0.015	0.385713624338	-1	1	82	67	851	no
KingPieceSquareEndGame_1	PieceSquare	42	no	362	205	0.205	0.013	0.452582589148	-1	1	109	96	795	no
KingPieceSquareEndGame_2	PieceSquare	46	no	177	119	0.119	-0.003	0.344950721118	-1	1	58	61	881	no
KingPieceSquareEndGame_3	PieceSquare	62	no	201	107	0.107	-0.001	0.327107016128	-1	1	53	54	893	no
KingPieceSquareEndGame_4	PieceSquare	48	no	258	167	0.167	0.015	0.408380949605	-1	1	91	76	833	no
KingPieceSquareEndGame_5	PieceSquare	64	no	118	94	0.094	-0.002	0.306587670985	-1	1	46	48	906	yes
KingPieceSquareEndGame_6	PieceSquare	96	no	73	61	0.061	-0.009	0.246817746526	-1	1	26	35	939	yes
KnightMobilityMiddleGameBase	KnightMobility	-46	no	179	257	0.257	-0.036	0.553808631208	-2	2	116	141	743	no
KnightMobilityMiddleGameIncrement_1	KnightMobility	26	no	356	345	0.345	-0.017	0.671350132196	-3	2	171	174	655	no
KnightMobilityMiddleGameIncrement_2	KnightMobility	10	no	365	330	0.33	-0.002	0.657264026096	-2	2	163	167	670	no
KnightMobilityMiddleGameIncrement_3	KnightMobility	8	no	147	126	0.126	0.003	0.367411213765	-2	1	66	60	874	no
KnightMobilityEndGameBase	KnightMobility	21	no	169	131	0.131	0.001	0.378152085807	-2	1	68	63	869	no
KnightMobilityEndGameIncrement_1	KnightMobility	24	no	177	127	0.127	0	0.376828873628	-2	2	65	62	873	no
KnightMobilityEndGameIncrement_2	KnightMobility	20	no	154	116	0.116	-0.01	0.357631094845	-2	2	53	63	884	no
KnightMobilityEndGameIncrement_3	KnightMobility	0	no	50	72	0.072	-0.006	0.268261066873	-1	1	33	39	928	yes
BishopMobilityMiddleGameBase	BishopMobility	-60	no	180	248	0.248	-0.003	0.546800694952	-2	2	124	124	752	no
BishopMobilityMiddleGameIncrement_1	BishopMobility	28	no	457	384	0.384	-0.038	0.713131123988	-2	2	183	201	616	no
BishopMobilityMiddleGameIncrement_2	BishopMobility	14	no	374	371	0.371	-0.036	0.735325778142	-2	2	171	200	629	no
BishopMobilityMiddleGameIncrement_3	BishopMobility	-1	no	185	83	0.083	-0.003	0.288081585666	-1	1	40	43	917	yes
BishopMobilityMiddleGameIncrement_4	BishopMobility	37	no	14	1	0.001	-0.001	0.0316069612586	-1	0	0	1	999	yes
BishopMobilityEndGameBase	BishopMobility	-25	no	180	154	0.154	-0.013	0.425242283881	-2	2	71	83	846	no
BishopMobilityEndGameIncrement_1	BishopMobility	61	no	197	137	0.137	-0.01	0.389743505398	-2	2	63	74	863	no
BishopMobilityEndGameIncrement_2	BishopMobility	12	no	184	143	0.143	-0.016	0.404652937713	-2	2	62	81	857	no
BishopMobilityEndGameIncrement_3	BishopMobility	25	no	139	70	0.07	-0.006	0.264507088752	-1	1	32	38	930	yes
BishopMobilityEndGameIncrement_4	BishopMobility	3	no	28	23	0.023	-0.007	0.151495874531	-1	1	8	15	977	yes
RookMobilityMiddleGameBase	RookMobility	-30	no	223	149	0.149	-0.004	0.433571216757	-2	2	69	80	851	no
RookMobilityMiddleGameIncrement_1	RookMobility	14	no	650	359	0.359	-0.01	0.667757440992	-2	2	172	187	641	no
RookMobilityMiddleGameIncrement_2	RookMobility	25	no	450	262	0.262	-0.033	0.57957829497	-2	2	117	145	738	no
RookMobilityMiddleGameIncrement_3	RookMobility	8	no	160	57	0.057	-0.006	0.24487547856	-1	2	25	32	943	yes
RookMobilityMiddleGameIncrement_4	RookMobility	-1	no	16	3	0.003	0.001	0.0547631262804	-1	1	2	1	997	yes
RookMobilityEndGameBase	RookMobility	13	no	204	153	0.153	-0.008	0.45818773445	-2	2	73	80	847	no
RookMobilityEndGameIncrement_1	RookMobility	62	no	240	150	0.15	0.001	0.441586911038	-2	2	75	75	850	no
RookMobilityEndGameIncrement_2	RookMobility	30	no	262	170	0.17	0.003	0.470096798543	-2	2	88	82	830	no
RookMobilityEndGameIncrement_3	RookMobility	34	no	182	78	0.078	0.005	0.294915242061	-1	2	40	38	922	yes
RookMobilityEndGameIncrement_4	RookMobility	3	no	58	41	0.041	-0.001	0.202482097974	-1	1	20	21	959	yes
QueenMobilityMiddleGameBase	QueenMobility	-6	no	95	58	0.058	-0.024	0.239633052812	-1	1	17	41	942	yes
QueenMobilityMiddleGameIncrement_1	QueenMobility	3	no	199	72	0.072	-0.012	0.268059694844	-1	1	30	42	928	yes
QueenMobilityMiddleGameIncrement_2	QueenMobility	15	no	428	273	0.273	-0.025	0.521895583426	-1	1	124	149	727	no
QueenMobilityMiddleGameIncrement_3	QueenMobility	4	no	285	187	0.187	-0.011	0.432295038139	-1	1	88	99	813	no
QueenMobilityMiddleGameIncrement_4	QueenMobility	4	no	71	26	0.026	-0.006	0.161133485036	-1	1	10	16	974	yes
QueenMobilityEndGameBase	QueenMobility	10	no	101	69	0.069	-0.005	0.262630919733	-1	1	32	37	931	yes
QueenMobilityEndGameIncrement_1	QueenMobility	30	no	109	64	0.064	-0.01	0.252784493195	-1	1	27	37	936	yes
QueenMobilityEndGameIncrement_2	QueenMobility	33	no	100	63	0.063	-0.003	0.250980078891	-1	1	30	33	937	yes
QueenMobilityEndGameIncrement_3	QueenMobility	31	no	113	59	0.059	-0.013	0.24255102556	-1	1	23	36	941	yes
QueenMobilityEndGameIncrement_4	QueenMobility	27	no	110	57	0.057	-0.005	0.238694365246	-1	1	26	31	943	yes
PawnAttackPawn_MiddleGame	Attack	0	yes	0	0	0	0	0	0	0	0	0	1000	yes
PawnAttackKnight_MiddleGame	Attack	20	no	19	15	0.015	0.001	0.170290927533	-3	2	8	7	985	yes
PawnAttackBishop_MiddleGame	Attack	20	no	19	14	0.014	0.005	0.151575063912	-2	2	10	4	986	yes
PawnAttackRook_MiddleGame	Attack	76	no	4	1	0.001	0.001	0.0316069612586	0	1	1	0	999	yes
PawnAttackQueen_MiddleGame	Attack	86	no	5	5	0.005	-0.005	0.13774977314	-3	2	1	4	995	yes
PawnAttackPawn_EndGame	Attack	0	yes	0	0	0	0	0	0	0	0	0	1000	yes
PawnAttackKnight_EndGame	Attack	20	no	7	2	0.002	-0.002	0.0446766158074	-1	0	0	2	998	yes
PawnAttackBishop_EndGame	Attack	20	no	3	1	0.001	-0.002	0.0632139225171	-2	0	0	1	999	yes
PawnAttackRook_EndGame	Attack	99	no	5	3	0.003	-0.002	0.0774338427304	-2	1	1	2	997	yes
PawnAttackQueen_EndGame	Attack	118	no	4	0	0	0	0	0	0	0	0	1000	yes
KnightAttackPawn_MiddleGame	Attack	7	no	202	161	0.161	0.027	0.591836970795	-3	3	92	69	839	no
KnightAttackKnight_MiddleGame	Attack	0	no	6	7	0.007	0.003	0.113978068066	-2	2	5	2	993	yes
KnightAttackBishop_MiddleGame	Attack	24	no	18	11	0.011	-0.005	0.130288142208	-2	1	4	7	989	yes
KnightAttackRook_MiddleGame	Attack	41	no	15	12	0.012	-0.013	0.163801709393	-2	1	2	10	988	yes
KnightAttackQueen_MiddleGame	Attack	41	no	5	5	0.005	-0.006	0.0892412460693	-2	0	0	5	995	yes
KnightAttackPawn_EndGame	Attack	10	no	67	24	0.024	0.002	0.252974306996	-3	3	12	12	976	yes
KnightAttackKnight_EndGame	Attack	0	no	1	1	0.001	0.001	0.0316069612586	0	1	1	0	999	yes
KnightAttackBishop_EndGame	Attack	39	no	3	2	0.002	-0.002	0.0999799979996	-3	1	1	1	998	yes
KnightAttackRook_EndGame	Attack	49	no	5	0	0	0	0	0	0	0	0	1000	yes
KnightAttackQueen_EndGame	Attack	49	no	1	0	0	0	0	0	0	0	0	1000	yes
BishopAttackPawn_MiddleGame	Attack	7	no	201	169	0.169	-0.009	0.587298050397	-4	3	80	89	831	no
BishopAttackKnight_MiddleGame	Attack	24	no	47	30	0.03	0.009	0.273713353712	-3	3	16	14	970	yes
BishopAttackBishop_MiddleGame	Attack	0	no	5	11	0.011	-0.009	0.130073056395	-2	1	2	9	989	yes
BishopAttackRook_MiddleGame	Attack	41	no	12	7	0.007	-0.006	0.126348723777	-2	2	1	6	993	yes
BishopAttackQueen_MiddleGame	Attack	41	no	10	8	0.008	-0.008	0.118050836507	-2	1	1	7	992	yes
BishopAttackPawn_EndGame	Attack	10	no	82	24	0.024	-0.003	0.181634247872	-2	2	10	14	976	yes
BishopAttackKnight_EndGame	Attack	39	no	13	9	0.009	0.007	0.151495874531	-2	3	7	2	991	yes
BishopAttackBishop_EndGame	Attack	0	no	1	0	0	0	0	0	0	0	0	1000	yes
BishopAttackRook_EndGame	Attack	49	no	8	1	0.001	-0.002	0.0632139225171	-2	0	0	1	999	yes
BishopAttackQueen_EndGame	Attack	49	no	5	1	0.001	0.003	0.0948208837757	0	3	1	0	999	yes
RookAttackPawn_MiddleGame	Attack	-1	no	142	81	0.081	-0.014	0.45585524018	-4	3	37	44	919	yes
RookAttackKnight_MiddleGame	Attack	15	no	21	12	0.012	-0.003	0.151627833856	-2	3	4	8	988	yes
RookAttackBishop_MiddleGame	Attack	15	no	26	15	0.015	-0.002	0.173193533367	-2	2	7	8	985	yes
RookAttackRook_MiddleGame	Attack	0	no	16	10	0.01	-0.011	0.13740087336	-2	1	1	9	990	yes
RookAttackQueen_MiddleGame	Attack	24	no	12	11	0.011	-0.009	0.130073056395	-2	1	2	9	989	yes
RookAttackPawn_EndGame	Attack	29	no	153	42	0.042	-0.002	0.256896866466	-2	2	19	23	958	yes
RookAttackKnight_EndGame	Attack	49	no	27	18	0.018	-0.005	0.216737168017	-3	2	7	11	982	yes
RookAttackBishop_EndGame	Attack	49	no	19	13	0.013	-0.005	0.164240677057	-3	2	4	9	987	yes
RookAttackRook_EndGame	Attack	0	no	3	1	0.001	-0.001	0.0316069612586	-1	0	0	1	999	yes
RookAttackQueen_EndGame	Attack	49	no	6	6	0.006	-0.002	0.109526252561	-2	2	2	4	994	yes
QueenAttackPawn_MiddleGame	Attack	3	no	248	210	0.21	-0.004	0.675265873564	-4	4	101	109	790	no
QueenAttackKnight_MiddleGame	Attack	8	no	64	55	0.055	0.003	0.301647144856	-2	2	30	25	945	yes
QueenAttackBishop_MiddleGame	Attack	8	no	37	34	0.034	-0.006	0.268261066873	-3	2	16	18	966	yes
QueenAttackRook_MiddleGame	Attack	16	no	58	50	0.05	0.003	0.314628352187	-3	2	28	22	950	yes
QueenAttackQueen_MiddleGame	Attack	0	no	7	2	0.002	0	0.04472135955	-1	1	1	1	998	yes
QueenAttackPawn_EndGame	Attack	6	no	84	24	0.024	0.005	0.284561065503	-2	4	10	14	976	yes
QueenAttackKnight_EndGame	Attack	15	no	20	8	0.008	0.003	0.164289378841	-3	3	5	3	992	yes
QueenAttackBishop_EndGame	Attack	15	no	19	4	0.004	-0.001	0.114013157135	-2	2	2	2	996	yes
QueenAttackRook_EndGame	Attack	30	no	25	3	0.003	-0.003	0.104837970221	-3	1	1	2	997	yes
QueenAttackQueen_EndGame	Attack	0	yes	0	0	0	0	0	0	0	0	0	1000	yes
KingAttackPawn_MiddleGame	Attack	0	no	3	0	0	0	0	0	0	0	0	1000	yes
KingAttackKnight_MiddleGame	Attack	0	no	1	0	0	0	0	0	0	0	0	1000	yes
KingAttackBishop_MiddleGame	Attack	0	no	1	0	0	0	0	0	0	0	0	1000	yes
KingAttackRook_MiddleGame	Attack	0	no	2	0	0	0	0	0	0	0	0	1000	yes
KingAttackQueen_MiddleGame	Attack	0	yes	0	0	0	0	0	0	0	0	0	1000	yes
KingAttackPawn_EndGame	Attack	0	no	21	1	0.001	0.001	0.0316069612586	0	1	1	0	999	yes
KingAttackKnight_EndGame	Attack	0	no	7	0	0	0	0	0	0	0	0	1000	yes
KingAttackBishop_EndGame	Attack	0	no	2	0	0	0	0	0	0	0	0	1000	yes
KingAttackRook_EndGame	Attack	0	no	12	0	0	0	0	0	0	0	0	1000	yes
KingAttackQueen_EndGame	Attack	0	yes	0	0	0	0	0	0	0	0	0	1000	yes
BishopPairValue	Inline	132	no	161	0	0	0	0	0	0	0	0	1000	yes
BishopOpenFilePawnScale	Inline	2	yes	0	308	0.308	0.021	2.67180818922	-16	12	153	155	692	no
TempoMiddleGame	Inline	16	no	312	799	0.799	0.799	0.400748050526	0	1	799	0	201	no
TempoEndGame	Inline	41	no	313	240	0.24	0.24	0.427083130081	0	1	240	0	760	no
OppositeColorBishopMiddleGameScalePermille	Inline	940	no	51	2	0.002	-0.002	0.0446766158074	-1	0	0	2	998	yes
OppositeColorBishopEndGameScalePermille	Inline	794	no	52	8	0.008	0	0.0894427191	-1	1	4	4	992	yes
EndgamePawnAdvancementRankMultiplier	Inline	2	no	203	267	0.267	0.033	1.66069593845	-12	10	136	131	733	no
PieceAttackScalePercent	Inline	135	no	715	8	0.008	-0.002	0.0894203556244	-1	1	3	5	992	yes
RookOpenFileMiddleGame	RookFile	12	no	137	187	0.187	-0.031	0.496023184942	-2	2	79	108	813	no
RookOpenFileEndGame	RookFile	2	no	75	52	0.052	-0.007	0.234416296362	-2	1	23	29	948	yes
RookSemiOpenFileMiddleGame	RookFile	-4	no	113	167	0.167	0.009	0.457076580017	-2	2	87	80	833	no
RookSemiOpenFileEndGame	RookFile	-26	no	114	73	0.073	0.005	0.301620622637	-2	2	40	33	927	yes
KnightOutpostMiddleGame	KnightOutpost	18	no	153	39	0.039	-0.003	0.212110820092	-2	2	18	21	961	yes
KnightOutpostEndGame	KnightOutpost	-3	no	125	45	0.045	-0.001	0.21212967732	-1	1	22	23	955	yes
KnightSupportedOutpostMiddleGame	KnightOutpost	44	no	70	9	0.009	-0.003	0.0948208837757	-1	1	3	6	991	yes
KnightSupportedOutpostEndGame	KnightOutpost	48	no	67	16	0.016	0.005	0.13774977314	-1	2	10	6	984	yes
IsolatedPawnMiddleGame	IsolatedPawn	-10	no	427	229	0.229	-0.033	0.82698911722	-5	4	103	126	771	no
IsolatedPawnEndGame	IsolatedPawn	-8	no	370	182	0.182	-0.011	0.732720274047	-5	4	88	94	818	no
RookBehindPassedPawnMiddleGame	RookBehindPassedPawn	4	no	36	7	0.007	0.003	0.0836122000667	-1	1	5	2	993	yes
RookBehindPassedPawnEndGame	RookBehindPassedPawn	12	no	40	13	0.013	-0.001	0.114013157135	-1	1	6	7	987	yes
LoneKingBase	EndgameWeights	36	yes	0	0	0	0	0	0	0	0	0	1000	yes
LoneKingEdgeWeight	EndgameWeights	-72	yes	0	0	0	0	0	0	0	0	0	1000	yes
LoneKingCornerWeight	EndgameWeights	22	yes	0	0	0	0	0	0	0	0	0	1000	yes
LoneKingConfinementWeight	EndgameWeights	-10	yes	0	0	0	0	0	0	0	0	0	1000	yes
LoneKingRestrictedNeighbourWeight	EndgameWeights	-26	yes	0	0	0	0	0	0	0	0	0	1000	yes
KingAttackerPawnWeight	KingSafety	0	no	86	84	0.084	0	0.722495674728	-6	8	39	45	916	yes
KingAttackerMinorWeight	KingSafety	9	no	373	150	0.15	-0.07	1.13978068066	-7	8	62	88	850	no
KingAttackerRookWeight	KingSafety	8	no	350	175	0.175	-0.042	1.03838143281	-13	8	76	99	825	no
KingAttackerQueenWeight	KingSafety	8	no	405	203	0.203	-0.133	1.16159846763	-12	7	72	131	797	no
KingDefenderPawnWeight	KingSafety	12	no	60	16	0.016	0.007	0.197360077017	-2	3	10	6	984	yes
KingDefenderMinorWeight	KingSafety	108	no	214	110	0.11	0.06	0.909065454189	-6	12	59	51	890	no
KingDefenderRookWeight	KingSafety	6	no	87	40	0.04	-0.015	0.405924869896	-6	5	17	23	960	yes
KingDefenderQueenWeight	KingSafety	135	no	154	73	0.073	0.006	0.536622772532	-7	5	39	34	927	yes
KingShelterSecondRankDanger	KingSafety	1	no	182	145	0.145	0.009	0.44823989113	-3	3	77	68	855	no
KingShelterAdvancedPawnDanger	KingSafety	20	no	274	118	0.118	-0.042	0.588418218617	-4	5	45	73	882	no
KingShelterMissingPawnDanger	KingSafety	2	no	192	194	0.194	-0.068	0.769009752864	-7	5	78	116	806	no
KingShelterOpenFileDanger	KingSafety	0	no	98	104	0.104	-0.003	0.430105800937	-3	3	51	53	896	no
KingUndefendedZoneDanger	KingSafety	4	no	320	206	0.206	0.005	4.09572643129	-54	46	98	108	794	no
KingAdditionalZoneAttackerDanger	KingSafety	55	no	95	33	0.033	-0.012	0.279026880426	-3	2	13	20	967	yes
KingSemiOpenLineDanger	KingSafety	36	no	95	44	0.044	-0.009	0.467887807065	-5	8	18	26	956	yes
KingOpenLineDanger	KingSafety	26	no	143	56	0.056	-0.076	1.36975326245	-38	4	25	31	944	yes
KingDiagonalLineDanger	KingSafety	9	no	14	8	0.008	-0.011	0.129919205663	-2	0	0	8	992	yes
KingControlledEscapeDanger	KingSafety	22	no	398	225	0.225	-0.037	1.03809007316	-9	6	109	116	775	no
KingBlockedEscapeDanger	KingSafety	0	no	353	429	0.429	-0.183	2.20579033455	-9	11	184	245	571	no
KingTrappedEscapeDanger	KingSafety	0	no	225	272	0.272	-0.002	0.824618699764	-5	5	135	137	728	no
KingHeavyBatteryDanger	KingSafety	0	no	1	1	0.001	-0.002	0.0632139225171	-2	0	0	1	999	yes
KingPinnedShelterPawnWeight	KingSafety	0	no	77	71	0.071	-0.012	0.312819436736	-2	2	31	40	929	yes
KingInfiltratedQueenWeight	KingSafety	19	no	58	32	0.032	-0.009	0.242732362902	-2	2	13	19	968	yes
