block_order	block	raw_parameter_count	optimization_coordinate_count	parameter_order	optimization_coordinate	raw_parameters
0	MaterialGlobal	12	12	0	PawnValue	PawnValue
0	MaterialGlobal	12	12	1	KnightValue	KnightValue
0	MaterialGlobal	12	12	2	BishopValue	BishopValue
0	MaterialGlobal	12	12	3	RookValue	RookValue
0	MaterialGlobal	12	12	4	QueenValue	QueenValue
0	MaterialGlobal	12	12	5	BishopOpenFilePawnScale	BishopOpenFilePawnScale
0	MaterialGlobal	12	12	6	TempoMiddleGame	TempoMiddleGame
0	MaterialGlobal	12	12	7	TempoEndGame	TempoEndGame
0	MaterialGlobal	12	12	8	OppositeColorBishopMiddleGameScalePermille	OppositeColorBishopMiddleGameScalePermille
0	MaterialGlobal	12	12	9	OppositeColorBishopEndGameScalePermille	OppositeColorBishopEndGameScalePermille
0	MaterialGlobal	12	12	10	EndgamePawnAdvancementRankMultiplier	EndgamePawnAdvancementRankMultiplier
0	MaterialGlobal	12	12	11	PieceAttackScalePercent	PieceAttackScalePercent
1	PawnStructure	3	3	0	DoubledPawnValue	DoubledPawnValue
1	PawnStructure	3	3	1	IsolatedPawnMiddleGame	IsolatedPawnMiddleGame
1	PawnStructure	3	3	2	IsolatedPawnEndGame	IsolatedPawnEndGame
2	PassedPawns	15	15	0	PassedPawnMiddleGameBase	PassedPawnMiddleGameBase
2	PassedPawns	15	15	1	PassedPawnMiddleGameIncrement_1	PassedPawnMiddleGameIncrement_1
2	PassedPawns	15	15	2	PassedPawnMiddleGameIncrement_2	PassedPawnMiddleGameIncrement_2
2	PassedPawns	15	15	3	PassedPawnMiddleGameIncrement_3	PassedPawnMiddleGameIncrement_3
2	PassedPawns	15	15	4	PassedPawnMiddleGameIncrement_4	PassedPawnMiddleGameIncrement_4
2	PassedPawns	15	15	5	PassedPawnMiddleGameIncrement_5	PassedPawnMiddleGameIncrement_5
2	PassedPawns	15	15	6	PassedPawnEndGameBase	PassedPawnEndGameBase
2	PassedPawns	15	15	7	PassedPawnEndGameIncrement_1	PassedPawnEndGameIncrement_1
2	PassedPawns	15	15	8	PassedPawnEndGameIncrement_2	PassedPawnEndGameIncrement_2
2	PassedPawns	15	15	9	PassedPawnEndGameIncrement_3	PassedPawnEndGameIncrement_3
2	PassedPawns	15	15	10	PassedPawnEndGameIncrement_4	PassedPawnEndGameIncrement_4
2	PassedPawns	15	15	11	PassedPawnEndGameIncrement_5	PassedPawnEndGameIncrement_5
2	PassedPawns	15	15	12	PassedPawnMiddleGameFileAmplitude	PassedPawnMiddleGameFileAmplitude
2	PassedPawns	15	15	13	RookBehindPassedPawnMiddleGame	RookBehindPassedPawnMiddleGame
2	PassedPawns	15	15	14	RookBehindPassedPawnEndGame	RookBehindPassedPawnEndGame
3	PST-Pawn	12	12	0	PawnPieceSquareMiddleGame_0	PawnPieceSquareMiddleGame_0
3	PST-Pawn	12	12	1	PawnPieceSquareMiddleGame_1	PawnPieceSquareMiddleGame_1
3	PST-Pawn	12	12	2	PawnPieceSquareMiddleGame_2	PawnPieceSquareMiddleGame_2
3	PST-Pawn	12	12	3	PawnPieceSquareMiddleGame_3	PawnPieceSquareMiddleGame_3
3	PST-Pawn	12	12	4	PawnPieceSquareMiddleGame_4	PawnPieceSquareMiddleGame_4
3	PST-Pawn	12	12	5	PawnPieceSquareMiddleGame_5	PawnPieceSquareMiddleGame_5
3	PST-Pawn	12	12	6	PawnPieceSquareEndGame_0	PawnPieceSquareEndGame_0
3	PST-Pawn	12	12	7	PawnPieceSquareEndGame_1	PawnPieceSquareEndGame_1
3	PST-Pawn	12	12	8	PawnPieceSquareEndGame_2	PawnPieceSquareEndGame_2
3	PST-Pawn	12	12	9	PawnPieceSquareEndGame_3	PawnPieceSquareEndGame_3
3	PST-Pawn	12	12	10	PawnPieceSquareEndGame_4	PawnPieceSquareEndGame_4
3	PST-Pawn	12	12	11	PawnPieceSquareEndGame_5	PawnPieceSquareEndGame_5
4	PST-Knight	22	22	0	KnightPieceSquareMiddleGame_0	KnightPieceSquareMiddleGame_0
4	PST-Knight	22	22	1	KnightPieceSquareMiddleGame_1	KnightPieceSquareMiddleGame_1
4	PST-Knight	22	22	2	KnightPieceSquareMiddleGame_2	KnightPieceSquareMiddleGame_2
4	PST-Knight	22	22	3	KnightPieceSquareMiddleGame_3	KnightPieceSquareMiddleGame_3
4	PST-Knight	22	22	4	KnightPieceSquareMiddleGame_4	KnightPieceSquareMiddleGame_4
4	PST-Knight	22	22	5	KnightPieceSquareMiddleGame_5	KnightPieceSquareMiddleGame_5
4	PST-Knight	22	22	6	KnightPieceSquareMiddleGame_6	KnightPieceSquareMiddleGame_6
4	PST-Knight	22	22	7	KnightPieceSquareMiddleGame_7	KnightPieceSquareMiddleGame_7
4	PST-Knight	22	22	8	KnightPieceSquareMiddleGame_8	KnightPieceSquareMiddleGame_8
4	PST-Knight	22	22	9	KnightPieceSquareMiddleGame_9	KnightPieceSquareMiddleGame_9
4	PST-Knight	22	22	10	KnightPieceSquareMiddleGame_10	KnightPieceSquareMiddleGame_10
4	PST-Knight	22	22	11	KnightPieceSquareEndGame_0	KnightPieceSquareEndGame_0
4	PST-Knight	22	22	12	KnightPieceSquareEndGame_1	KnightPieceSquareEndGame_1
4	PST-Knight	22	22	13	KnightPieceSquareEndGame_2	KnightPieceSquareEndGame_2
4	PST-Knight	22	22	14	KnightPieceSquareEndGame_3	KnightPieceSquareEndGame_3
4	PST-Knight	22	22	15	KnightPieceSquareEndGame_4	KnightPieceSquareEndGame_4
4	PST-Knight	22	22	16	KnightPieceSquareEndGame_5	KnightPieceSquareEndGame_5
4	PST-Knight	22	22	17	KnightPieceSquareEndGame_6	KnightPieceSquareEndGame_6
4	PST-Knight	22	22	18	KnightPieceSquareEndGame_7	KnightPieceSquareEndGame_7
4	PST-Knight	22	22	19	KnightPieceSquareEndGame_8	KnightPieceSquareEndGame_8
4	PST-Knight	22	22	20	KnightPieceSquareEndGame_9	KnightPieceSquareEndGame_9
4	PST-Knight	22	22	21	KnightPieceSquareEndGame_10	KnightPieceSquareEndGame_10
5	PST-Bishop	22	22	0	BishopPieceSquareMiddleGame_0	BishopPieceSquareMiddleGame_0
5	PST-Bishop	22	22	1	BishopPieceSquareMiddleGame_1	BishopPieceSquareMiddleGame_1
5	PST-Bishop	22	22	2	BishopPieceSquareMiddleGame_2	BishopPieceSquareMiddleGame_2
5	PST-Bishop	22	22	3	BishopPieceSquareMiddleGame_3	BishopPieceSquareMiddleGame_3
5	PST-Bishop	22	22	4	BishopPieceSquareMiddleGame_4	BishopPieceSquareMiddleGame_4
5	PST-Bishop	22	22	5	BishopPieceSquareMiddleGame_5	BishopPieceSquareMiddleGame_5
5	PST-Bishop	22	22	6	BishopPieceSquareMiddleGame_6	BishopPieceSquareMiddleGame_6
5	PST-Bishop	22	22	7	BishopPieceSquareMiddleGame_7	BishopPieceSquareMiddleGame_7
5	PST-Bishop	22	22	8	BishopPieceSquareMiddleGame_8	BishopPieceSquareMiddleGame_8
5	PST-Bishop	22	22	9	BishopPieceSquareMiddleGame_9	BishopPieceSquareMiddleGame_9
5	PST-Bishop	22	22	10	BishopPieceSquareMiddleGame_10	BishopPieceSquareMiddleGame_10
5	PST-Bishop	22	22	11	BishopPieceSquareEndGame_0	BishopPieceSquareEndGame_0
5	PST-Bishop	22	22	12	BishopPieceSquareEndGame_1	BishopPieceSquareEndGame_1
5	PST-Bishop	22	22	13	BishopPieceSquareEndGame_2	BishopPieceSquareEndGame_2
5	PST-Bishop	22	22	14	BishopPieceSquareEndGame_3	BishopPieceSquareEndGame_3
5	PST-Bishop	22	22	15	BishopPieceSquareEndGame_4	BishopPieceSquareEndGame_4
5	PST-Bishop	22	22	16	BishopPieceSquareEndGame_5	BishopPieceSquareEndGame_5
5	PST-Bishop	22	22	17	BishopPieceSquareEndGame_6	BishopPieceSquareEndGame_6
5	PST-Bishop	22	22	18	BishopPieceSquareEndGame_7	BishopPieceSquareEndGame_7
5	PST-Bishop	22	22	19	BishopPieceSquareEndGame_8	BishopPieceSquareEndGame_8
5	PST-Bishop	22	22	20	BishopPieceSquareEndGame_9	BishopPieceSquareEndGame_9
5	PST-Bishop	22	22	21	BishopPieceSquareEndGame_10	BishopPieceSquareEndGame_10
6	PST-Rook	12	12	0	RookPieceSquareMiddleGame_0	RookPieceSquareMiddleGame_0
6	PST-Rook	12	12	1	RookPieceSquareMiddleGame_1	RookPieceSquareMiddleGame_1
6	PST-Rook	12	12	2	RookPieceSquareMiddleGame_2	RookPieceSquareMiddleGame_2
6	PST-Rook	12	12	3	RookPieceSquareMiddleGame_3	RookPieceSquareMiddleGame_3
6	PST-Rook	12	12	4	RookPieceSquareMiddleGame_4	RookPieceSquareMiddleGame_4
6	PST-Rook	12	12	5	RookPieceSquareMiddleGame_5	RookPieceSquareMiddleGame_5
6	PST-Rook	12	12	6	RookPieceSquareEndGame_0	RookPieceSquareEndGame_0
6	PST-Rook	12	12	7	RookPieceSquareEndGame_1	RookPieceSquareEndGame_1
6	PST-Rook	12	12	8	RookPieceSquareEndGame_2	RookPieceSquareEndGame_2
6	PST-Rook	12	12	9	RookPieceSquareEndGame_3	RookPieceSquareEndGame_3
6	PST-Rook	12	12	10	RookPieceSquareEndGame_4	RookPieceSquareEndGame_4
6	PST-Rook	12	12	11	RookPieceSquareEndGame_5	RookPieceSquareEndGame_5
7	PST-Queen	12	12	0	QueenPieceSquareMiddleGame_0	QueenPieceSquareMiddleGame_0
7	PST-Queen	12	12	1	QueenPieceSquareMiddleGame_1	QueenPieceSquareMiddleGame_1
7	PST-Queen	12	12	2	QueenPieceSquareMiddleGame_2	QueenPieceSquareMiddleGame_2
7	PST-Queen	12	12	3	QueenPieceSquareMiddleGame_3	QueenPieceSquareMiddleGame_3
7	PST-Queen	12	12	4	QueenPieceSquareMiddleGame_4	QueenPieceSquareMiddleGame_4
7	PST-Queen	12	12	5	QueenPieceSquareMiddleGame_5	QueenPieceSquareMiddleGame_5
7	PST-Queen	12	12	6	QueenPieceSquareEndGame_0	QueenPieceSquareEndGame_0
7	PST-Queen	12	12	7	QueenPieceSquareEndGame_1	QueenPieceSquareEndGame_1
7	PST-Queen	12	12	8	QueenPieceSquareEndGame_2	QueenPieceSquareEndGame_2
7	PST-Queen	12	12	9	QueenPieceSquareEndGame_3	QueenPieceSquareEndGame_3
7	PST-Queen	12	12	10	QueenPieceSquareEndGame_4	QueenPieceSquareEndGame_4
7	PST-Queen	12	12	11	QueenPieceSquareEndGame_5	QueenPieceSquareEndGame_5
8	PST-King	14	14	0	KingPieceSquareMiddleGame_0	KingPieceSquareMiddleGame_0
8	PST-King	14	14	1	KingPieceSquareMiddleGame_1	KingPieceSquareMiddleGame_1
8	PST-King	14	14	2	KingPieceSquareMiddleGame_2	KingPieceSquareMiddleGame_2
8	PST-King	14	14	3	KingPieceSquareMiddleGame_3	KingPieceSquareMiddleGame_3
8	PST-King	14	14	4	KingPieceSquareMiddleGame_4	KingPieceSquareMiddleGame_4
8	PST-King	14	14	5	KingPieceSquareMiddleGame_5	KingPieceSquareMiddleGame_5
8	PST-King	14	14	6	KingPieceSquareMiddleGame_6	KingPieceSquareMiddleGame_6
8	PST-King	14	14	7	KingPieceSquareEndGame_0	KingPieceSquareEndGame_0
8	PST-King	14	14	8	KingPieceSquareEndGame_1	KingPieceSquareEndGame_1
8	PST-King	14	14	9	KingPieceSquareEndGame_2	KingPieceSquareEndGame_2
8	PST-King	14	14	10	KingPieceSquareEndGame_3	KingPieceSquareEndGame_3
8	PST-King	14	14	11	KingPieceSquareEndGame_4	KingPieceSquareEndGame_4
8	PST-King	14	14	12	KingPieceSquareEndGame_5	KingPieceSquareEndGame_5
8	PST-King	14	14	13	KingPieceSquareEndGame_6	KingPieceSquareEndGame_6
9	KnightMobility	8	8	0	KnightMobilityMiddleGameBase	KnightMobilityMiddleGameBase
9	KnightMobility	8	8	1	KnightMobilityMiddleGameIncrement_1	KnightMobilityMiddleGameIncrement_1
9	KnightMobility	8	8	2	KnightMobilityMiddleGameIncrement_2	KnightMobilityMiddleGameIncrement_2
9	KnightMobility	8	8	3	KnightMobilityMiddleGameIncrement_3	KnightMobilityMiddleGameIncrement_3
9	KnightMobility	8	8	4	KnightMobilityEndGameBase	KnightMobilityEndGameBase
9	KnightMobility	8	8	5	KnightMobilityEndGameIncrement_1	KnightMobilityEndGameIncrement_1
9	KnightMobility	8	8	6	KnightMobilityEndGameIncrement_2	KnightMobilityEndGameIncrement_2
9	KnightMobility	8	8	7	KnightMobilityEndGameIncrement_3	KnightMobilityEndGameIncrement_3
10	BishopMobility	10	10	0	BishopMobilityMiddleGameBase	BishopMobilityMiddleGameBase
10	BishopMobility	10	10	1	BishopMobilityMiddleGameIncrement_1	BishopMobilityMiddleGameIncrement_1
10	BishopMobility	10	10	2	BishopMobilityMiddleGameIncrement_2	BishopMobilityMiddleGameIncrement_2
10	BishopMobility	10	10	3	BishopMobilityMiddleGameIncrement_3	BishopMobilityMiddleGameIncrement_3
10	BishopMobility	10	10	4	BishopMobilityMiddleGameIncrement_4	BishopMobilityMiddleGameIncrement_4
10	BishopMobility	10	10	5	BishopMobilityEndGameBase	BishopMobilityEndGameBase
10	BishopMobility	10	10	6	BishopMobilityEndGameIncrement_1	BishopMobilityEndGameIncrement_1
10	BishopMobility	10	10	7	BishopMobilityEndGameIncrement_2	BishopMobilityEndGameIncrement_2
10	BishopMobility	10	10	8	BishopMobilityEndGameIncrement_3	BishopMobilityEndGameIncrement_3
10	BishopMobility	10	10	9	BishopMobilityEndGameIncrement_4	BishopMobilityEndGameIncrement_4
11	RookMobility	10	10	0	RookMobilityMiddleGameBase	RookMobilityMiddleGameBase
11	RookMobility	10	10	1	RookMobilityMiddleGameIncrement_1	RookMobilityMiddleGameIncrement_1
11	RookMobility	10	10	2	RookMobilityMiddleGameIncrement_2	RookMobilityMiddleGameIncrement_2
11	RookMobility	10	10	3	RookMobilityMiddleGameIncrement_3	RookMobilityMiddleGameIncrement_3
11	RookMobility	10	10	4	RookMobilityMiddleGameIncrement_4	RookMobilityMiddleGameIncrement_4
11	RookMobility	10	10	5	RookMobilityEndGameBase	RookMobilityEndGameBase
11	RookMobility	10	10	6	RookMobilityEndGameIncrement_1	RookMobilityEndGameIncrement_1
11	RookMobility	10	10	7	RookMobilityEndGameIncrement_2	RookMobilityEndGameIncrement_2
11	RookMobility	10	10	8	RookMobilityEndGameIncrement_3	RookMobilityEndGameIncrement_3
11	RookMobility	10	10	9	RookMobilityEndGameIncrement_4	RookMobilityEndGameIncrement_4
12	QueenMobility	10	10	0	QueenMobilityMiddleGameBase	QueenMobilityMiddleGameBase
12	QueenMobility	10	10	1	QueenMobilityMiddleGameIncrement_1	QueenMobilityMiddleGameIncrement_1
12	QueenMobility	10	10	2	QueenMobilityMiddleGameIncrement_2	QueenMobilityMiddleGameIncrement_2
12	QueenMobility	10	10	3	QueenMobilityMiddleGameIncrement_3	QueenMobilityMiddleGameIncrement_3
12	QueenMobility	10	10	4	QueenMobilityMiddleGameIncrement_4	QueenMobilityMiddleGameIncrement_4
12	QueenMobility	10	10	5	QueenMobilityEndGameBase	QueenMobilityEndGameBase
12	QueenMobility	10	10	6	QueenMobilityEndGameIncrement_1	QueenMobilityEndGameIncrement_1
12	QueenMobility	10	10	7	QueenMobilityEndGameIncrement_2	QueenMobilityEndGameIncrement_2
12	QueenMobility	10	10	8	QueenMobilityEndGameIncrement_3	QueenMobilityEndGameIncrement_3
12	QueenMobility	10	10	9	QueenMobilityEndGameIncrement_4	QueenMobilityEndGameIncrement_4
13	Attack-Pawn	8	8	0	PawnAttackKnight_MiddleGame	PawnAttackKnight_MiddleGame
13	Attack-Pawn	8	8	1	PawnAttackBishop_MiddleGame	PawnAttackBishop_MiddleGame
13	Attack-Pawn	8	8	2	PawnAttackRook_MiddleGame	PawnAttackRook_MiddleGame
13	Attack-Pawn	8	8	3	PawnAttackQueen_MiddleGame	PawnAttackQueen_MiddleGame
13	Attack-Pawn	8	8	4	PawnAttackKnight_EndGame	PawnAttackKnight_EndGame
13	Attack-Pawn	8	8	5	PawnAttackBishop_EndGame	PawnAttackBishop_EndGame
13	Attack-Pawn	8	8	6	PawnAttackRook_EndGame	PawnAttackRook_EndGame
13	Attack-Pawn	8	8	7	PawnAttackQueen_EndGame	PawnAttackQueen_EndGame
14	Attack-Knight	10	10	0	KnightAttackPawn_MiddleGame	KnightAttackPawn_MiddleGame
14	Attack-Knight	10	10	1	KnightAttackKnight_MiddleGame	KnightAttackKnight_MiddleGame
14	Attack-Knight	10	10	2	KnightAttackBishop_MiddleGame	KnightAttackBishop_MiddleGame
14	Attack-Knight	10	10	3	KnightAttackRook_MiddleGame	KnightAttackRook_MiddleGame
14	Attack-Knight	10	10	4	KnightAttackQueen_MiddleGame	KnightAttackQueen_MiddleGame
14	Attack-Knight	10	10	5	KnightAttackPawn_EndGame	KnightAttackPawn_EndGame
14	Attack-Knight	10	10	6	KnightAttackKnight_EndGame	KnightAttackKnight_EndGame
14	Attack-Knight	10	10	7	KnightAttackBishop_EndGame	KnightAttackBishop_EndGame
14	Attack-Knight	10	10	8	KnightAttackRook_EndGame	KnightAttackRook_EndGame
14	Attack-Knight	10	10	9	KnightAttackQueen_EndGame	KnightAttackQueen_EndGame
15	Attack-Bishop	10	10	0	BishopAttackPawn_MiddleGame	BishopAttackPawn_MiddleGame
15	Attack-Bishop	10	10	1	BishopAttackKnight_MiddleGame	BishopAttackKnight_MiddleGame
15	Attack-Bishop	10	10	2	BishopAttackBishop_MiddleGame	BishopAttackBishop_MiddleGame
15	Attack-Bishop	10	10	3	BishopAttackRook_MiddleGame	BishopAttackRook_MiddleGame
15	Attack-Bishop	10	10	4	BishopAttackQueen_MiddleGame	BishopAttackQueen_MiddleGame
15	Attack-Bishop	10	10	5	BishopAttackPawn_EndGame	BishopAttackPawn_EndGame
15	Attack-Bishop	10	10	6	BishopAttackKnight_EndGame	BishopAttackKnight_EndGame
15	Attack-Bishop	10	10	7	BishopAttackBishop_EndGame	BishopAttackBishop_EndGame
15	Attack-Bishop	10	10	8	BishopAttackRook_EndGame	BishopAttackRook_EndGame
15	Attack-Bishop	10	10	9	BishopAttackQueen_EndGame	BishopAttackQueen_EndGame
16	Attack-Rook	10	10	0	RookAttackPawn_MiddleGame	RookAttackPawn_MiddleGame
16	Attack-Rook	10	10	1	RookAttackKnight_MiddleGame	RookAttackKnight_MiddleGame
16	Attack-Rook	10	10	2	RookAttackBishop_MiddleGame	RookAttackBishop_MiddleGame
16	Attack-Rook	10	10	3	RookAttackRook_MiddleGame	RookAttackRook_MiddleGame
16	Attack-Rook	10	10	4	RookAttackQueen_MiddleGame	RookAttackQueen_MiddleGame
16	Attack-Rook	10	10	5	RookAttackPawn_EndGame	RookAttackPawn_EndGame
16	Attack-Rook	10	10	6	RookAttackKnight_EndGame	RookAttackKnight_EndGame
16	Attack-Rook	10	10	7	RookAttackBishop_EndGame	RookAttackBishop_EndGame
16	Attack-Rook	10	10	8	RookAttackRook_EndGame	RookAttackRook_EndGame
16	Attack-Rook	10	10	9	RookAttackQueen_EndGame	RookAttackQueen_EndGame
17	Attack-Queen	9	9	0	QueenAttackPawn_MiddleGame	QueenAttackPawn_MiddleGame
17	Attack-Queen	9	9	1	QueenAttackKnight_MiddleGame	QueenAttackKnight_MiddleGame
17	Attack-Queen	9	9	2	QueenAttackBishop_MiddleGame	QueenAttackBishop_MiddleGame
17	Attack-Queen	9	9	3	QueenAttackRook_MiddleGame	QueenAttackRook_MiddleGame
17	Attack-Queen	9	9	4	QueenAttackQueen_MiddleGame	QueenAttackQueen_MiddleGame
17	Attack-Queen	9	9	5	QueenAttackPawn_EndGame	QueenAttackPawn_EndGame
17	Attack-Queen	9	9	6	QueenAttackKnight_EndGame	QueenAttackKnight_EndGame
17	Attack-Queen	9	9	7	QueenAttackBishop_EndGame	QueenAttackBishop_EndGame
17	Attack-Queen	9	9	8	QueenAttackRook_EndGame	QueenAttackRook_EndGame
18	Attack-King	4	4	0	KingAttackPawn_MiddleGame	KingAttackPawn_MiddleGame
18	Attack-King	4	4	1	KingAttackKnight_MiddleGame	KingAttackKnight_MiddleGame
18	Attack-King	4	4	2	KingAttackBishop_MiddleGame	KingAttackBishop_MiddleGame
18	Attack-King	4	4	3	KingAttackPawn_EndGame	KingAttackPawn_EndGame
19	PieceFeatures	8	8	0	RookOpenFileMiddleGame	RookOpenFileMiddleGame
19	PieceFeatures	8	8	1	RookOpenFileEndGame	RookOpenFileEndGame
19	PieceFeatures	8	8	2	RookSemiOpenFileMiddleGame	RookSemiOpenFileMiddleGame
19	PieceFeatures	8	8	3	RookSemiOpenFileEndGame	RookSemiOpenFileEndGame
19	PieceFeatures	8	8	4	KnightOutpostMiddleGame	KnightOutpostMiddleGame
19	PieceFeatures	8	8	5	KnightOutpostEndGame	KnightOutpostEndGame
19	PieceFeatures	8	8	6	KnightSupportedOutpostMiddleGame	KnightSupportedOutpostMiddleGame
19	PieceFeatures	8	8	7	KnightSupportedOutpostEndGame	KnightSupportedOutpostEndGame
20	Endgame	5	5	0	LoneKingBase	LoneKingBase
20	Endgame	5	5	1	LoneKingEdgeWeight	LoneKingEdgeWeight
20	Endgame	5	5	2	LoneKingCornerWeight	LoneKingCornerWeight
20	Endgame	5	5	3	LoneKingConfinementWeight	LoneKingConfinementWeight
20	Endgame	5	5	4	LoneKingRestrictedNeighbourWeight	LoneKingRestrictedNeighbourWeight
21	KingSafety	22	22	0	KingAttackerPawnWeight	KingAttackerPawnWeight
21	KingSafety	22	22	1	KingAttackerMinorWeight	KingAttackerMinorWeight
21	KingSafety	22	22	2	KingAttackerRookWeight	KingAttackerRookWeight
21	KingSafety	22	22	3	KingAttackerQueenWeight	KingAttackerQueenWeight
21	KingSafety	22	22	4	KingDefenderPawnWeight	KingDefenderPawnWeight
21	KingSafety	22	22	5	KingDefenderMinorWeight	KingDefenderMinorWeight
21	KingSafety	22	22	6	KingDefenderRookWeight	KingDefenderRookWeight
21	KingSafety	22	22	7	KingDefenderQueenWeight	KingDefenderQueenWeight
21	KingSafety	22	22	8	KingShelterSecondRankDanger	KingShelterSecondRankDanger
21	KingSafety	22	22	9	KingShelterAdvancedPawnDanger	KingShelterAdvancedPawnDanger
21	KingSafety	22	22	10	KingShelterMissingPawnDanger	KingShelterMissingPawnDanger
21	KingSafety	22	22	11	KingShelterOpenFileDanger	KingShelterOpenFileDanger
21	KingSafety	22	22	12	KingUndefendedZoneDanger	KingUndefendedZoneDanger
21	KingSafety	22	22	13	KingAdditionalZoneAttackerDanger	KingAdditionalZoneAttackerDanger
21	KingSafety	22	22	14	KingSemiOpenLineDanger	KingSemiOpenLineDanger
21	KingSafety	22	22	15	KingOpenLineDanger	KingOpenLineDanger
21	KingSafety	22	22	16	KingControlledEscapeDanger	KingControlledEscapeDanger
21	KingSafety	22	22	17	KingBlockedEscapeDanger	KingBlockedEscapeDanger
21	KingSafety	22	22	18	KingTrappedEscapeDanger	KingTrappedEscapeDanger
21	KingSafety	22	22	19	KingHeavyBatteryDanger	KingHeavyBatteryDanger
21	KingSafety	22	22	20	KingPinnedShelterPawnWeight	KingPinnedShelterPawnWeight
21	KingSafety	22	22	21	KingInfiltratedQueenWeight	KingInfiltratedQueenWeight
